domain,condition,model_seed,candidate,evaluation_version,N_streams,candidate_total_byte_cap,candidate_amortized_bytes,candidate_stream_bytes,candidate_shared_bytes,candidate_empirical_T05,candidate_supported_T05,candidate_empirical_T05_status,candidate_supported_T05_status,candidate_rmst,candidate_failure_probability_2048,feasible_baseline_count,feasible_baselines,native_fp32_feasible,best_TEST_supported_baseline,best_TEST_supported_T05,best_TEST_empirical_baseline,best_TEST_empirical_T05,best_TEST_rmst_baseline,best_TEST_baseline_rmst,descriptive_rmst_delta_vs_best_feasible,baseline_selection_scope,horizon_comparison_scope
toy,s4_signed_lattice,,NATIVE_FP32,v1-unchanged-finite-nonstochastic,1,4496,4496.0,24,4472,2048,2048,>=2048,>=2048,2048.0,0.0,1,NATIVE_FP32,True,NATIVE_FP32,2048,NATIVE_FP32,2048,NATIVE_FP32,2048.0,0.0,TEST descriptive best feasible baseline; not DEV-selected and not a statistical superiority test,comparison of reported lower bounds is not a test of true-horizon superiority
toy,s4_signed_lattice,,NATIVE_FP32,v1-unchanged-finite-nonstochastic,16,4856,303.5,24,4472,2048,2048,>=2048,>=2048,2048.0,0.0,1,NATIVE_FP32,True,NATIVE_FP32,2048,NATIVE_FP32,2048,NATIVE_FP32,2048.0,0.0,TEST descriptive best feasible baseline; not DEV-selected and not a statistical superiority test,comparison of reported lower bounds is not a test of true-horizon superiority
toy,s4_signed_lattice,,NATIVE_FP32,v1-unchanged-finite-nonstochastic,128,7544,58.9375,24,4472,2048,2048,>=2048,>=2048,2048.0,0.0,18,MIXED_4_8;MIXED_6_8;NATIVE_FP32;UNIFORM_10;UNIFORM_11;UNIFORM_12;UNIFORM_13;UNIFORM_14;UNIFORM_15;UNIFORM_16;UNIFORM_2;UNIFORM_3;UNIFORM_4;UNIFORM_5;UNIFORM_6;UNIFORM_7;UNIFORM_8;UNIFORM_9,True,UNIFORM_4,2048,UNIFORM_4,2048,UNIFORM_4,2048.0,0.0,TEST descriptive best feasible baseline; not DEV-selected and not a statistical superiority test,comparison of reported lower bounds is not a test of true-horizon superiority
toy,s4_signed_lattice,,NATIVE_FP64,v1-unchanged-finite-nonstochastic,1,4512,4512.0,40,4472,2048,2048,>=2048,>=2048,2048.0,0.0,2,NATIVE_FP32;NATIVE_FP64,True,NATIVE_FP32,2048,NATIVE_FP32,2048,NATIVE_FP32,2048.0,0.0,TEST descriptive best feasible baseline; not DEV-selected and not a statistical superiority test,comparison of reported lower bounds is not a test of true-horizon superiority
toy,s4_signed_lattice,,NATIVE_FP64,v1-unchanged-finite-nonstochastic,16,5112,319.5,40,4472,2048,2048,>=2048,>=2048,2048.0,0.0,19,MIXED_4_8;MIXED_6_8;NATIVE_FP32;NATIVE_FP64;UNIFORM_10;UNIFORM_11;UNIFORM_12;UNIFORM_13;UNIFORM_14;UNIFORM_15;UNIFORM_16;UNIFORM_2;UNIFORM_3;UNIFORM_4;UNIFORM_5;UNIFORM_6;UNIFORM_7;UNIFORM_8;UNIFORM_9,True,NATIVE_FP32,2048,NATIVE_FP32,2048,NATIVE_FP32,2048.0,0.0,TEST descriptive best feasible baseline; not DEV-selected and not a statistical superiority test,comparison of reported lower bounds is not a test of true-horizon superiority
toy,s4_signed_lattice,,NATIVE_FP64,v1-unchanged-finite-nonstochastic,128,9592,74.9375,40,4472,2048,2048,>=2048,>=2048,2048.0,0.0,20,MIXED_4_8;MIXED_6_8;NATIVE_FP32;NATIVE_FP64;STOCHASTIC_4;UNIFORM_10;UNIFORM_11;UNIFORM_12;UNIFORM_13;UNIFORM_14;UNIFORM_15;UNIFORM_16;UNIFORM_2;UNIFORM_3;UNIFORM_4;UNIFORM_5;UNIFORM_6;UNIFORM_7;UNIFORM_8;UNIFORM_9,True,UNIFORM_4,2048,UNIFORM_4,2048,UNIFORM_4,2048.0,0.0,TEST descriptive best feasible baseline; not DEV-selected and not a statistical superiority test,comparison of reported lower bounds is not a test of true-horizon superiority
toy,s4_signed_lattice,,UNIFORM_2,v1-unchanged-finite-nonstochastic,1,4701,4701.0,13,4688,,,no qualifying grid horizon (<32),no qualifying grid horizon (<32),0.966796875,1.0,3,NATIVE_FP32;NATIVE_FP64;UNIFORM_2,True,NATIVE_FP32,2048,NATIVE_FP32,2048,NATIVE_FP32,2048.0,-2047.033203125,TEST descriptive best feasible baseline; not DEV-selected and not a statistical superiority test,comparison of reported lower bounds is not a test of true-horizon superiority
toy,s4_signed_lattice,,UNIFORM_2,v1-unchanged-finite-nonstochastic,16,4896,306.0,13,4688,,,no qualifying grid horizon (<32),no qualifying grid horizon (<32),0.966796875,1.0,2,NATIVE_FP32;UNIFORM_2,True,NATIVE_FP32,2048,NATIVE_FP32,2048,NATIVE_FP32,2048.0,-2047.033203125,TEST descriptive best feasible baseline; not DEV-selected and not a statistical superiority test,comparison of reported lower bounds is not a test of true-horizon superiority
toy,s4_signed_lattice,,UNIFORM_2,v1-unchanged-finite-nonstochastic,128,6352,49.625,13,4688,,,no qualifying grid horizon (<32),no qualifying grid horizon (<32),0.966796875,1.0,1,UNIFORM_2,False,UNIFORM_2,,UNIFORM_2,,UNIFORM_2,0.966796875,0.0,TEST descriptive best feasible baseline; not DEV-selected and not a statistical superiority test,comparison of reported lower bounds is not a test of true-horizon superiority
toy,s4_signed_lattice,,UNIFORM_3,v1-unchanged-finite-nonstochastic,1,4702,4702.0,14,4688,2048,2048,>=2048,>=2048,2048.0,0.0,5,NATIVE_FP32;NATIVE_FP64;UNIFORM_2;UNIFORM_3;UNIFORM_4,True,NATIVE_FP32,2048,NATIVE_FP32,2048,NATIVE_FP32,2048.0,0.0,TEST descriptive best feasible baseline; not DEV-selected and not a statistical superiority test,comparison of reported lower bounds is not a test of true-horizon superiority
toy,s4_signed_lattice,,UNIFORM_3,v1-unchanged-finite-nonstochastic,16,4912,307.0,14,4688,2048,2048,>=2048,>=2048,2048.0,0.0,4,NATIVE_FP32;UNIFORM_2;UNIFORM_3;UNIFORM_4,True,NATIVE_FP32,2048,NATIVE_FP32,2048,NATIVE_FP32,2048.0,0.0,TEST descriptive best feasible baseline; not DEV-selected and not a statistical superiority test,comparison of reported lower bounds is not a test of true-horizon superiority
toy,s4_signed_lattice,,UNIFORM_3,v1-unchanged-finite-nonstochastic,128,6480,50.625,14,4688,2048,2048,>=2048,>=2048,2048.0,0.0,3,UNIFORM_2;UNIFORM_3;UNIFORM_4,False,UNIFORM_4,2048,UNIFORM_4,2048,UNIFORM_4,2048.0,0.0,TEST descriptive best feasible baseline; not DEV-selected and not a statistical superiority test,comparison of reported lower bounds is not a test of true-horizon superiority
toy,s4_signed_lattice,,UNIFORM_4,v1-unchanged-finite-nonstochastic,1,4702,4702.0,14,4688,2048,2048,>=2048,>=2048,2048.0,0.0,5,NATIVE_FP32;NATIVE_FP64;UNIFORM_2;UNIFORM_3;UNIFORM_4,True,NATIVE_FP32,2048,NATIVE_FP32,2048,NATIVE_FP32,2048.0,0.0,TEST descriptive best feasible baseline; not DEV-selected and not a statistical superiority test,comparison of reported lower bounds is not a test of true-horizon superiority
toy,s4_signed_lattice,,UNIFORM_4,v1-unchanged-finite-nonstochastic,16,4912,307.0,14,4688,2048,2048,>=2048,>=2048,2048.0,0.0,4,NATIVE_FP32;UNIFORM_2;UNIFORM_3;UNIFORM_4,True,NATIVE_FP32,2048,NATIVE_FP32,2048,NATIVE_FP32,2048.0,0.0,TEST descriptive best feasible baseline; not DEV-selected and not a statistical superiority test,comparison of reported lower bounds is not a test of true-horizon superiority
toy,s4_signed_lattice,,UNIFORM_4,v1-unchanged-finite-nonstochastic,128,6480,50.625,14,4688,2048,2048,>=2048,>=2048,2048.0,0.0,3,UNIFORM_2;UNIFORM_3;UNIFORM_4,False,UNIFORM_4,2048,UNIFORM_4,2048,UNIFORM_4,2048.0,0.0,TEST descriptive best feasible baseline; not DEV-selected and not a statistical superiority test,comparison of reported lower bounds is not a test of true-horizon superiority
toy,s4_signed_lattice,,UNIFORM_5,v1-unchanged-finite-nonstochastic,1,4703,4703.0,15,4688,2048,2048,>=2048,>=2048,2048.0,0.0,7,NATIVE_FP32;NATIVE_FP64;UNIFORM_2;UNIFORM_3;UNIFORM_4;UNIFORM_5;UNIFORM_6,True,NATIVE_FP32,2048,NATIVE_FP32,2048,NATIVE_FP32,2048.0,0.0,TEST descriptive best feasible baseline; not DEV-selected and not a statistical superiority test,comparison of reported lower bounds is not a test of true-horizon superiority
toy,s4_signed_lattice,,UNIFORM_5,v1-unchanged-finite-nonstochastic,16,4928,308.0,15,4688,2048,2048,>=2048,>=2048,2048.0,0.0,6,NATIVE_FP32;UNIFORM_2;UNIFORM_3;UNIFORM_4;UNIFORM_5;UNIFORM_6,True,NATIVE_FP32,2048,NATIVE_FP32,2048,NATIVE_FP32,2048.0,0.0,TEST descriptive best feasible baseline; not DEV-selected and not a statistical superiority test,comparison of reported lower bounds is not a test of true-horizon superiority
toy,s4_signed_lattice,,UNIFORM_5,v1-unchanged-finite-nonstochastic,128,6608,51.625,15,4688,2048,2048,>=2048,>=2048,2048.0,0.0,5,UNIFORM_2;UNIFORM_3;UNIFORM_4;UNIFORM_5;UNIFORM_6,False,UNIFORM_4,2048,UNIFORM_4,2048,UNIFORM_4,2048.0,0.0,TEST descriptive best feasible baseline; not DEV-selected and not a statistical superiority test,comparison of reported lower bounds is not a test of true-horizon superiority
toy,s4_signed_lattice,,UNIFORM_6,v1-unchanged-finite-nonstochastic,1,4703,4703.0,15,4688,2048,2048,>=2048,>=2048,2048.0,0.0,7,NATIVE_FP32;NATIVE_FP64;UNIFORM_2;UNIFORM_3;UNIFORM_4;UNIFORM_5;UNIFORM_6,True,NATIVE_FP32,2048,NATIVE_FP32,2048,NATIVE_FP32,2048.0,0.0,TEST descriptive best feasible baseline; not DEV-selected and not a statistical superiority test,comparison of reported lower bounds is not a test of true-horizon superiority
toy,s4_signed_lattice,,UNIFORM_6,v1-unchanged-finite-nonstochastic,16,4928,308.0,15,4688,2048,2048,>=2048,>=2048,2048.0,0.0,6,NATIVE_FP32;UNIFORM_2;UNIFORM_3;UNIFORM_4;UNIFORM_5;UNIFORM_6,True,NATIVE_FP32,2048,NATIVE_FP32,2048,NATIVE_FP32,2048.0,0.0,TEST descriptive best feasible baseline; not DEV-selected and not a statistical superiority test,comparison of reported lower bounds is not a test of true-horizon superiority
toy,s4_signed_lattice,,UNIFORM_6,v1-unchanged-finite-nonstochastic,128,6608,51.625,15,4688,2048,2048,>=2048,>=2048,2048.0,0.0,5,UNIFORM_2;UNIFORM_3;UNIFORM_4;UNIFORM_5;UNIFORM_6,False,UNIFORM_4,2048,UNIFORM_4,2048,UNIFORM_4,2048.0,0.0,TEST descriptive best feasible baseline; not DEV-selected and not a statistical superiority test,comparison of reported lower bounds is not a test of true-horizon superiority
toy,s4_signed_lattice,,UNIFORM_7,v1-unchanged-finite-nonstochastic,1,4704,4704.0,16,4688,2048,2048,>=2048,>=2048,2048.0,0.0,9,NATIVE_FP32;NATIVE_FP64;UNIFORM_2;UNIFORM_3;UNIFORM_4;UNIFORM_5;UNIFORM_6;UNIFORM_7;UNIFORM_8,True,NATIVE_FP32,2048,NATIVE_FP32,2048,NATIVE_FP32,2048.0,0.0,TEST descriptive best feasible baseline; not DEV-selected and not a statistical superiority test,comparison of reported lower bounds is not a test of true-horizon superiority
toy,s4_signed_lattice,,UNIFORM_7,v1-unchanged-finite-nonstochastic,16,4944,309.0,16,4688,2048,2048,>=2048,>=2048,2048.0,0.0,9,MIXED_4_8;NATIVE_FP32;UNIFORM_2;UNIFORM_3;UNIFORM_4;UNIFORM_5;UNIFORM_6;UNIFORM_7;UNIFORM_8,True,NATIVE_FP32,2048,NATIVE_FP32,2048,NATIVE_FP32,2048.0,0.0,TEST descriptive best feasible baseline; not DEV-selected and not a statistical superiority test,comparison of reported lower bounds is not a test of true-horizon superiority
toy,s4_signed_lattice,,UNIFORM_7,v1-unchanged-finite-nonstochastic,128,6736,52.625,16,4688,2048,2048,>=2048,>=2048,2048.0,0.0,8,MIXED_4_8;UNIFORM_2;UNIFORM_3;UNIFORM_4;UNIFORM_5;UNIFORM_6;UNIFORM_7;UNIFORM_8,False,UNIFORM_4,2048,UNIFORM_4,2048,UNIFORM_4,2048.0,0.0,TEST descriptive best feasible baseline; not DEV-selected and not a statistical superiority test,comparison of reported lower bounds is not a test of true-horizon superiority
toy,s4_signed_lattice,,UNIFORM_8,v1-unchanged-finite-nonstochastic,1,4704,4704.0,16,4688,2048,2048,>=2048,>=2048,2048.0,0.0,9,NATIVE_FP32;NATIVE_FP64;UNIFORM_2;UNIFORM_3;UNIFORM_4;UNIFORM_5;UNIFORM_6;UNIFORM_7;UNIFORM_8,True,NATIVE_FP32,2048,NATIVE_FP32,2048,NATIVE_FP32,2048.0,0.0,TEST descriptive best feasible baseline; not DEV-selected and not a statistical superiority test,comparison of reported lower bounds is not a test of true-horizon superiority
toy,s4_signed_lattice,,UNIFORM_8,v1-unchanged-finite-nonstochastic,16,4944,309.0,16,4688,2048,2048,>=2048,>=2048,2048.0,0.0,9,MIXED_4_8;NATIVE_FP32;UNIFORM_2;UNIFORM_3;UNIFORM_4;UNIFORM_5;UNIFORM_6;UNIFORM_7;UNIFORM_8,True,NATIVE_FP32,2048,NATIVE_FP32,2048,NATIVE_FP32,2048.0,0.0,TEST descriptive best feasible baseline; not DEV-selected and not a statistical superiority test,comparison of reported lower bounds is not a test of true-horizon superiority
toy,s4_signed_lattice,,UNIFORM_8,v1-unchanged-finite-nonstochastic,128,6736,52.625,16,4688,2048,2048,>=2048,>=2048,2048.0,0.0,8,MIXED_4_8;UNIFORM_2;UNIFORM_3;UNIFORM_4;UNIFORM_5;UNIFORM_6;UNIFORM_7;UNIFORM_8,False,UNIFORM_4,2048,UNIFORM_4,2048,UNIFORM_4,2048.0,0.0,TEST descriptive best feasible baseline; not DEV-selected and not a statistical superiority test,comparison of reported lower bounds is not a test of true-horizon superiority
toy,s4_signed_lattice,,UNIFORM_9,v1-unchanged-finite-nonstochastic,1,4705,4705.0,17,4688,2048,2048,>=2048,>=2048,2048.0,0.0,10,NATIVE_FP32;NATIVE_FP64;UNIFORM_2;UNIFORM_3;UNIFORM_4;UNIFORM_5;UNIFORM_6;UNIFORM_7;UNIFORM_8;UNIFORM_9,True,NATIVE_FP32,2048,NATIVE_FP32,2048,NATIVE_FP32,2048.0,0.0,TEST descriptive best feasible baseline; not DEV-selected and not a statistical superiority test,comparison of reported lower bounds is not a test of true-horizon superiority
toy,s4_signed_lattice,,UNIFORM_9,v1-unchanged-finite-nonstochastic,16,4960,310.0,17,4688,2048,2048,>=2048,>=2048,2048.0,0.0,11,MIXED_4_8;MIXED_6_8;NATIVE_FP32;UNIFORM_2;UNIFORM_3;UNIFORM_4;UNIFORM_5;UNIFORM_6;UNIFORM_7;UNIFORM_8;UNIFORM_9,True,NATIVE_FP32,2048,NATIVE_FP32,2048,NATIVE_FP32,2048.0,0.0,TEST descriptive best feasible baseline; not DEV-selected and not a statistical superiority test,comparison of reported lower bounds is not a test of true-horizon superiority
toy,s4_signed_lattice,,UNIFORM_9,v1-unchanged-finite-nonstochastic,128,6864,53.625,17,4688,2048,2048,>=2048,>=2048,2048.0,0.0,10,MIXED_4_8;MIXED_6_8;UNIFORM_2;UNIFORM_3;UNIFORM_4;UNIFORM_5;UNIFORM_6;UNIFORM_7;UNIFORM_8;UNIFORM_9,False,UNIFORM_4,2048,UNIFORM_4,2048,UNIFORM_4,2048.0,0.0,TEST descriptive best feasible baseline; not DEV-selected and not a statistical superiority test,comparison of reported lower bounds is not a test of true-horizon superiority
toy,s4_signed_lattice,,UNIFORM_10,v1-unchanged-finite-nonstochastic,1,4706,4706.0,17,4689,2048,2048,>=2048,>=2048,2048.0,0.0,11,NATIVE_FP32;NATIVE_FP64;UNIFORM_10;UNIFORM_2;UNIFORM_3;UNIFORM_4;UNIFORM_5;UNIFORM_6;UNIFORM_7;UNIFORM_8;UNIFORM_9,True,NATIVE_FP32,2048,NATIVE_FP32,2048,NATIVE_FP32,2048.0,0.0,TEST descriptive best feasible baseline; not DEV-selected and not a statistical superiority test,comparison of reported lower bounds is not a test of true-horizon superiority
toy,s4_signed_lattice,,UNIFORM_10,v1-unchanged-finite-nonstochastic,16,4961,310.0625,17,4689,2048,2048,>=2048,>=2048,2048.0,0.0,12,MIXED_4_8;MIXED_6_8;NATIVE_FP32;UNIFORM_10;UNIFORM_2;UNIFORM_3;UNIFORM_4;UNIFORM_5;UNIFORM_6;UNIFORM_7;UNIFORM_8;UNIFORM_9,True,NATIVE_FP32,2048,NATIVE_FP32,2048,NATIVE_FP32,2048.0,0.0,TEST descriptive best feasible baseline; not DEV-selected and not a statistical superiority test,comparison of reported lower bounds is not a test of true-horizon superiority
toy,s4_signed_lattice,,UNIFORM_10,v1-unchanged-finite-nonstochastic,128,6865,53.6328125,17,4689,2048,2048,>=2048,>=2048,2048.0,0.0,11,MIXED_4_8;MIXED_6_8;UNIFORM_10;UNIFORM_2;UNIFORM_3;UNIFORM_4;UNIFORM_5;UNIFORM_6;UNIFORM_7;UNIFORM_8;UNIFORM_9,False,UNIFORM_4,2048,UNIFORM_4,2048,UNIFORM_4,2048.0,0.0,TEST descriptive best feasible baseline; not DEV-selected and not a statistical superiority test,comparison of reported lower bounds is not a test of true-horizon superiority
toy,s4_signed_lattice,,UNIFORM_11,v1-unchanged-finite-nonstochastic,1,4707,4707.0,18,4689,2048,2048,>=2048,>=2048,2048.0,0.0,13,NATIVE_FP32;NATIVE_FP64;UNIFORM_10;UNIFORM_11;UNIFORM_12;UNIFORM_2;UNIFORM_3;UNIFORM_4;UNIFORM_5;UNIFORM_6;UNIFORM_7;UNIFORM_8;UNIFORM_9,True,NATIVE_FP32,2048,NATIVE_FP32,2048,NATIVE_FP32,2048.0,0.0,TEST descriptive best feasible baseline; not DEV-selected and not a statistical superiority test,comparison of reported lower bounds is not a test of true-horizon superiority
toy,s4_signed_lattice,,UNIFORM_11,v1-unchanged-finite-nonstochastic,16,4977,311.0625,18,4689,2048,2048,>=2048,>=2048,2048.0,0.0,14,MIXED_4_8;MIXED_6_8;NATIVE_FP32;UNIFORM_10;UNIFORM_11;UNIFORM_12;UNIFORM_2;UNIFORM_3;UNIFORM_4;UNIFORM_5;UNIFORM_6;UNIFORM_7;UNIFORM_8;UNIFORM_9,True,NATIVE_FP32,2048,NATIVE_FP32,2048,NATIVE_FP32,2048.0,0.0,TEST descriptive best feasible baseline; not DEV-selected and not a statistical superiority test,comparison of reported lower bounds is not a test of true-horizon superiority
toy,s4_signed_lattice,,UNIFORM_11,v1-unchanged-finite-nonstochastic,128,6993,54.6328125,18,4689,2048,2048,>=2048,>=2048,2048.0,0.0,13,MIXED_4_8;MIXED_6_8;UNIFORM_10;UNIFORM_11;UNIFORM_12;UNIFORM_2;UNIFORM_3;UNIFORM_4;UNIFORM_5;UNIFORM_6;UNIFORM_7;UNIFORM_8;UNIFORM_9,False,UNIFORM_4,2048,UNIFORM_4,2048,UNIFORM_4,2048.0,0.0,TEST descriptive best feasible baseline; not DEV-selected and not a statistical superiority test,comparison of reported lower bounds is not a test of true-horizon superiority
toy,s4_signed_lattice,,UNIFORM_12,v1-unchanged-finite-nonstochastic,1,4707,4707.0,18,4689,2048,2048,>=2048,>=2048,2048.0,0.0,13,NATIVE_FP32;NATIVE_FP64;UNIFORM_10;UNIFORM_11;UNIFORM_12;UNIFORM_2;UNIFORM_3;UNIFORM_4;UNIFORM_5;UNIFORM_6;UNIFORM_7;UNIFORM_8;UNIFORM_9,True,NATIVE_FP32,2048,NATIVE_FP32,2048,NATIVE_FP32,2048.0,0.0,TEST descriptive best feasible baseline; not DEV-selected and not a statistical superiority test,comparison of reported lower bounds is not a test of true-horizon superiority
toy,s4_signed_lattice,,UNIFORM_12,v1-unchanged-finite-nonstochastic,16,4977,311.0625,18,4689,2048,2048,>=2048,>=2048,2048.0,0.0,14,MIXED_4_8;MIXED_6_8;NATIVE_FP32;UNIFORM_10;UNIFORM_11;UNIFORM_12;UNIFORM_2;UNIFORM_3;UNIFORM_4;UNIFORM_5;UNIFORM_6;UNIFORM_7;UNIFORM_8;UNIFORM_9,True,NATIVE_FP32,2048,NATIVE_FP32,2048,NATIVE_FP32,2048.0,0.0,TEST descriptive best feasible baseline; not DEV-selected and not a statistical superiority test,comparison of reported lower bounds is not a test of true-horizon superiority
toy,s4_signed_lattice,,UNIFORM_12,v1-unchanged-finite-nonstochastic,128,6993,54.6328125,18,4689,2048,2048,>=2048,>=2048,2048.0,0.0,13,MIXED_4_8;MIXED_6_8;UNIFORM_10;UNIFORM_11;UNIFORM_12;UNIFORM_2;UNIFORM_3;UNIFORM_4;UNIFORM_5;UNIFORM_6;UNIFORM_7;UNIFORM_8;UNIFORM_9,False,UNIFORM_4,2048,UNIFORM_4,2048,UNIFORM_4,2048.0,0.0,TEST descriptive best feasible baseline; not DEV-selected and not a statistical superiority test,comparison of reported lower bounds is not a test of true-horizon superiority
toy,s4_signed_lattice,,UNIFORM_13,v1-unchanged-finite-nonstochastic,1,4708,4708.0,19,4689,2048,2048,>=2048,>=2048,2048.0,0.0,15,NATIVE_FP32;NATIVE_FP64;UNIFORM_10;UNIFORM_11;UNIFORM_12;UNIFORM_13;UNIFORM_14;UNIFORM_2;UNIFORM_3;UNIFORM_4;UNIFORM_5;UNIFORM_6;UNIFORM_7;UNIFORM_8;UNIFORM_9,True,NATIVE_FP32,2048,NATIVE_FP32,2048,NATIVE_FP32,2048.0,0.0,TEST descriptive best feasible baseline; not DEV-selected and not a statistical superiority test,comparison of reported lower bounds is not a test of true-horizon superiority
toy,s4_signed_lattice,,UNIFORM_13,v1-unchanged-finite-nonstochastic,16,4993,312.0625,19,4689,2048,2048,>=2048,>=2048,2048.0,0.0,16,MIXED_4_8;MIXED_6_8;NATIVE_FP32;UNIFORM_10;UNIFORM_11;UNIFORM_12;UNIFORM_13;UNIFORM_14;UNIFORM_2;UNIFORM_3;UNIFORM_4;UNIFORM_5;UNIFORM_6;UNIFORM_7;UNIFORM_8;UNIFORM_9,True,NATIVE_FP32,2048,NATIVE_FP32,2048,NATIVE_FP32,2048.0,0.0,TEST descriptive best feasible baseline; not DEV-selected and not a statistical superiority test,comparison of reported lower bounds is not a test of true-horizon superiority
toy,s4_signed_lattice,,UNIFORM_13,v1-unchanged-finite-nonstochastic,128,7121,55.6328125,19,4689,2048,2048,>=2048,>=2048,2048.0,0.0,15,MIXED_4_8;MIXED_6_8;UNIFORM_10;UNIFORM_11;UNIFORM_12;UNIFORM_13;UNIFORM_14;UNIFORM_2;UNIFORM_3;UNIFORM_4;UNIFORM_5;UNIFORM_6;UNIFORM_7;UNIFORM_8;UNIFORM_9,False,UNIFORM_4,2048,UNIFORM_4,2048,UNIFORM_4,2048.0,0.0,TEST descriptive best feasible baseline; not DEV-selected and not a statistical superiority test,comparison of reported lower bounds is not a test of true-horizon superiority
toy,s4_signed_lattice,,UNIFORM_14,v1-unchanged-finite-nonstochastic,1,4708,4708.0,19,4689,2048,2048,>=2048,>=2048,2048.0,0.0,15,NATIVE_FP32;NATIVE_FP64;UNIFORM_10;UNIFORM_11;UNIFORM_12;UNIFORM_13;UNIFORM_14;UNIFORM_2;UNIFORM_3;UNIFORM_4;UNIFORM_5;UNIFORM_6;UNIFORM_7;UNIFORM_8;UNIFORM_9,True,NATIVE_FP32,2048,NATIVE_FP32,2048,NATIVE_FP32,2048.0,0.0,TEST descriptive best feasible baseline; not DEV-selected and not a statistical superiority test,comparison of reported lower bounds is not a test of true-horizon superiority
toy,s4_signed_lattice,,UNIFORM_14,v1-unchanged-finite-nonstochastic,16,4993,312.0625,19,4689,2048,2048,>=2048,>=2048,2048.0,0.0,16,MIXED_4_8;MIXED_6_8;NATIVE_FP32;UNIFORM_10;UNIFORM_11;UNIFORM_12;UNIFORM_13;UNIFORM_14;UNIFORM_2;UNIFORM_3;UNIFORM_4;UNIFORM_5;UNIFORM_6;UNIFORM_7;UNIFORM_8;UNIFORM_9,True,NATIVE_FP32,2048,NATIVE_FP32,2048,NATIVE_FP32,2048.0,0.0,TEST descriptive best feasible baseline; not DEV-selected and not a statistical superiority test,comparison of reported lower bounds is not a test of true-horizon superiority
toy,s4_signed_lattice,,UNIFORM_14,v1-unchanged-finite-nonstochastic,128,7121,55.6328125,19,4689,2048,2048,>=2048,>=2048,2048.0,0.0,15,MIXED_4_8;MIXED_6_8;UNIFORM_10;UNIFORM_11;UNIFORM_12;UNIFORM_13;UNIFORM_14;UNIFORM_2;UNIFORM_3;UNIFORM_4;UNIFORM_5;UNIFORM_6;UNIFORM_7;UNIFORM_8;UNIFORM_9,False,UNIFORM_4,2048,UNIFORM_4,2048,UNIFORM_4,2048.0,0.0,TEST descriptive best feasible baseline; not DEV-selected and not a statistical superiority test,comparison of reported lower bounds is not a test of true-horizon superiority
toy,s4_signed_lattice,,UNIFORM_15,v1-unchanged-finite-nonstochastic,1,4709,4709.0,20,4689,2048,2048,>=2048,>=2048,2048.0,0.0,17,NATIVE_FP32;NATIVE_FP64;UNIFORM_10;UNIFORM_11;UNIFORM_12;UNIFORM_13;UNIFORM_14;UNIFORM_15;UNIFORM_16;UNIFORM_2;UNIFORM_3;UNIFORM_4;UNIFORM_5;UNIFORM_6;UNIFORM_7;UNIFORM_8;UNIFORM_9,True,NATIVE_FP32,2048,NATIVE_FP32,2048,NATIVE_FP32,2048.0,0.0,TEST descriptive best feasible baseline; not DEV-selected and not a statistical superiority test,comparison of reported lower bounds is not a test of true-horizon superiority
toy,s4_signed_lattice,,UNIFORM_15,v1-unchanged-finite-nonstochastic,16,5009,313.0625,20,4689,2048,2048,>=2048,>=2048,2048.0,0.0,18,MIXED_4_8;MIXED_6_8;NATIVE_FP32;UNIFORM_10;UNIFORM_11;UNIFORM_12;UNIFORM_13;UNIFORM_14;UNIFORM_15;UNIFORM_16;UNIFORM_2;UNIFORM_3;UNIFORM_4;UNIFORM_5;UNIFORM_6;UNIFORM_7;UNIFORM_8;UNIFORM_9,True,NATIVE_FP32,2048,NATIVE_FP32,2048,NATIVE_FP32,2048.0,0.0,TEST descriptive best feasible baseline; not DEV-selected and not a statistical superiority test,comparison of reported lower bounds is not a test of true-horizon superiority
toy,s4_signed_lattice,,UNIFORM_15,v1-unchanged-finite-nonstochastic,128,7249,56.6328125,20,4689,2048,2048,>=2048,>=2048,2048.0,0.0,17,MIXED_4_8;MIXED_6_8;UNIFORM_10;UNIFORM_11;UNIFORM_12;UNIFORM_13;UNIFORM_14;UNIFORM_15;UNIFORM_16;UNIFORM_2;UNIFORM_3;UNIFORM_4;UNIFORM_5;UNIFORM_6;UNIFORM_7;UNIFORM_8;UNIFORM_9,False,UNIFORM_4,2048,UNIFORM_4,2048,UNIFORM_4,2048.0,0.0,TEST descriptive best feasible baseline; not DEV-selected and not a statistical superiority test,comparison of reported lower bounds is not a test of true-horizon superiority
toy,s4_signed_lattice,,UNIFORM_16,v1-unchanged-finite-nonstochastic,1,4709,4709.0,20,4689,2048,2048,>=2048,>=2048,2048.0,0.0,17,NATIVE_FP32;NATIVE_FP64;UNIFORM_10;UNIFORM_11;UNIFORM_12;UNIFORM_13;UNIFORM_14;UNIFORM_15;UNIFORM_16;UNIFORM_2;UNIFORM_3;UNIFORM_4;UNIFORM_5;UNIFORM_6;UNIFORM_7;UNIFORM_8;UNIFORM_9,True,NATIVE_FP32,2048,NATIVE_FP32,2048,NATIVE_FP32,2048.0,0.0,TEST descriptive best feasible baseline; not DEV-selected and not a statistical superiority test,comparison of reported lower bounds is not a test of true-horizon superiority
toy,s4_signed_lattice,,UNIFORM_16,v1-unchanged-finite-nonstochastic,16,5009,313.0625,20,4689,2048,2048,>=2048,>=2048,2048.0,0.0,18,MIXED_4_8;MIXED_6_8;NATIVE_FP32;UNIFORM_10;UNIFORM_11;UNIFORM_12;UNIFORM_13;UNIFORM_14;UNIFORM_15;UNIFORM_16;UNIFORM_2;UNIFORM_3;UNIFORM_4;UNIFORM_5;UNIFORM_6;UNIFORM_7;UNIFORM_8;UNIFORM_9,True,NATIVE_FP32,2048,NATIVE_FP32,2048,NATIVE_FP32,2048.0,0.0,TEST descriptive best feasible baseline; not DEV-selected and not a statistical superiority test,comparison of reported lower bounds is not a test of true-horizon superiority
toy,s4_signed_lattice,,UNIFORM_16,v1-unchanged-finite-nonstochastic,128,7249,56.6328125,20,4689,2048,2048,>=2048,>=2048,2048.0,0.0,17,MIXED_4_8;MIXED_6_8;UNIFORM_10;UNIFORM_11;UNIFORM_12;UNIFORM_13;UNIFORM_14;UNIFORM_15;UNIFORM_16;UNIFORM_2;UNIFORM_3;UNIFORM_4;UNIFORM_5;UNIFORM_6;UNIFORM_7;UNIFORM_8;UNIFORM_9,False,UNIFORM_4,2048,UNIFORM_4,2048,UNIFORM_4,2048.0,0.0,TEST descriptive best feasible baseline; not DEV-selected and not a statistical superiority test,comparison of reported lower bounds is not a test of true-horizon superiority
toy,s4_signed_lattice,,STOCHASTIC_4,v2-stochastic-seedkey,1,4770,4770.0,30,4740,2048,2048,>=2048,>=2048,2048.0,0.0,20,MIXED_4_8;MIXED_6_8;NATIVE_FP32;NATIVE_FP64;STOCHASTIC_4;UNIFORM_10;UNIFORM_11;UNIFORM_12;UNIFORM_13;UNIFORM_14;UNIFORM_15;UNIFORM_16;UNIFORM_2;UNIFORM_3;UNIFORM_4;UNIFORM_5;UNIFORM_6;UNIFORM_7;UNIFORM_8;UNIFORM_9,True,NATIVE_FP32,2048,NATIVE_FP32,2048,NATIVE_FP32,2048.0,0.0,TEST descriptive best feasible baseline; not DEV-selected and not a statistical superiority test,comparison of reported lower bounds is not a test of true-horizon superiority
toy,s4_signed_lattice,,STOCHASTIC_4,v2-stochastic-seedkey,16,5220,326.25,30,4740,2048,2048,>=2048,>=2048,2048.0,0.0,20,MIXED_4_8;MIXED_6_8;NATIVE_FP32;NATIVE_FP64;STOCHASTIC_4;UNIFORM_10;UNIFORM_11;UNIFORM_12;UNIFORM_13;UNIFORM_14;UNIFORM_15;UNIFORM_16;UNIFORM_2;UNIFORM_3;UNIFORM_4;UNIFORM_5;UNIFORM_6;UNIFORM_7;UNIFORM_8;UNIFORM_9,True,NATIVE_FP32,2048,NATIVE_FP32,2048,NATIVE_FP32,2048.0,0.0,TEST descriptive best feasible baseline; not DEV-selected and not a statistical superiority test,comparison of reported lower bounds is not a test of true-horizon superiority
toy,s4_signed_lattice,,STOCHASTIC_4,v2-stochastic-seedkey,128,8580,67.03125,30,4740,2048,2048,>=2048,>=2048,2048.0,0.0,19,MIXED_4_8;MIXED_6_8;NATIVE_FP32;STOCHASTIC_4;UNIFORM_10;UNIFORM_11;UNIFORM_12;UNIFORM_13;UNIFORM_14;UNIFORM_15;UNIFORM_16;UNIFORM_2;UNIFORM_3;UNIFORM_4;UNIFORM_5;UNIFORM_6;UNIFORM_7;UNIFORM_8;UNIFORM_9,True,UNIFORM_4,2048,UNIFORM_4,2048,UNIFORM_4,2048.0,0.0,TEST descriptive best feasible baseline; not DEV-selected and not a statistical superiority test,comparison of reported lower bounds is not a test of true-horizon superiority
toy,s4_signed_lattice,,FULL_RESIDUAL_4_4,v1-unchanged-finite-nonstochastic,1,5013,5013.0,20,4993,2048,2048,>=2048,>=2048,2048.0,0.0,20,MIXED_4_8;MIXED_6_8;NATIVE_FP32;NATIVE_FP64;STOCHASTIC_4;UNIFORM_10;UNIFORM_11;UNIFORM_12;UNIFORM_13;UNIFORM_14;UNIFORM_15;UNIFORM_16;UNIFORM_2;UNIFORM_3;UNIFORM_4;UNIFORM_5;UNIFORM_6;UNIFORM_7;UNIFORM_8;UNIFORM_9,True,NATIVE_FP32,2048,NATIVE_FP32,2048,NATIVE_FP32,2048.0,0.0,TEST descriptive best feasible baseline; not DEV-selected and not a statistical superiority test,comparison of reported lower bounds is not a test of true-horizon superiority
toy,s4_signed_lattice,,FULL_RESIDUAL_4_4,v1-unchanged-finite-nonstochastic,16,5313,332.0625,20,4993,2048,2048,>=2048,>=2048,2048.0,0.0,20,MIXED_4_8;MIXED_6_8;NATIVE_FP32;NATIVE_FP64;STOCHASTIC_4;UNIFORM_10;UNIFORM_11;UNIFORM_12;UNIFORM_13;UNIFORM_14;UNIFORM_15;UNIFORM_16;UNIFORM_2;UNIFORM_3;UNIFORM_4;UNIFORM_5;UNIFORM_6;UNIFORM_7;UNIFORM_8;UNIFORM_9,True,NATIVE_FP32,2048,NATIVE_FP32,2048,NATIVE_FP32,2048.0,0.0,TEST descriptive best feasible baseline; not DEV-selected and not a statistical superiority test,comparison of reported lower bounds is not a test of true-horizon superiority
toy,s4_signed_lattice,,FULL_RESIDUAL_4_4,v1-unchanged-finite-nonstochastic,128,7553,59.0078125,20,4993,2048,2048,>=2048,>=2048,2048.0,0.0,18,MIXED_4_8;MIXED_6_8;NATIVE_FP32;UNIFORM_10;UNIFORM_11;UNIFORM_12;UNIFORM_13;UNIFORM_14;UNIFORM_15;UNIFORM_16;UNIFORM_2;UNIFORM_3;UNIFORM_4;UNIFORM_5;UNIFORM_6;UNIFORM_7;UNIFORM_8;UNIFORM_9,True,UNIFORM_4,2048,UNIFORM_4,2048,UNIFORM_4,2048.0,0.0,TEST descriptive best feasible baseline; not DEV-selected and not a statistical superiority test,comparison of reported lower bounds is not a test of true-horizon superiority
toy,s4_signed_lattice,,FULL_RESIDUAL_4_FP32,v1-unchanged-finite-nonstochastic,1,4807,4807.0,30,4777,2048,2048,>=2048,>=2048,2048.0,0.0,20,MIXED_4_8;MIXED_6_8;NATIVE_FP32;NATIVE_FP64;STOCHASTIC_4;UNIFORM_10;UNIFORM_11;UNIFORM_12;UNIFORM_13;UNIFORM_14;UNIFORM_15;UNIFORM_16;UNIFORM_2;UNIFORM_3;UNIFORM_4;UNIFORM_5;UNIFORM_6;UNIFORM_7;UNIFORM_8;UNIFORM_9,True,NATIVE_FP32,2048,NATIVE_FP32,2048,NATIVE_FP32,2048.0,0.0,TEST descriptive best feasible baseline; not DEV-selected and not a statistical superiority test,comparison of reported lower bounds is not a test of true-horizon superiority
toy,s4_signed_lattice,,FULL_RESIDUAL_4_FP32,v1-unchanged-finite-nonstochastic,16,5257,328.5625,30,4777,2048,2048,>=2048,>=2048,2048.0,0.0,20,MIXED_4_8;MIXED_6_8;NATIVE_FP32;NATIVE_FP64;STOCHASTIC_4;UNIFORM_10;UNIFORM_11;UNIFORM_12;UNIFORM_13;UNIFORM_14;UNIFORM_15;UNIFORM_16;UNIFORM_2;UNIFORM_3;UNIFORM_4;UNIFORM_5;UNIFORM_6;UNIFORM_7;UNIFORM_8;UNIFORM_9,True,NATIVE_FP32,2048,NATIVE_FP32,2048,NATIVE_FP32,2048.0,0.0,TEST descriptive best feasible baseline; not DEV-selected and not a statistical superiority test,comparison of reported lower bounds is not a test of true-horizon superiority
toy,s4_signed_lattice,,FULL_RESIDUAL_4_FP32,v1-unchanged-finite-nonstochastic,128,8617,67.3203125,30,4777,2048,2048,>=2048,>=2048,2048.0,0.0,19,MIXED_4_8;MIXED_6_8;NATIVE_FP32;STOCHASTIC_4;UNIFORM_10;UNIFORM_11;UNIFORM_12;UNIFORM_13;UNIFORM_14;UNIFORM_15;UNIFORM_16;UNIFORM_2;UNIFORM_3;UNIFORM_4;UNIFORM_5;UNIFORM_6;UNIFORM_7;UNIFORM_8;UNIFORM_9,True,UNIFORM_4,2048,UNIFORM_4,2048,UNIFORM_4,2048.0,0.0,TEST descriptive best feasible baseline; not DEV-selected and not a statistical superiority test,comparison of reported lower bounds is not a test of true-horizon superiority
toy,s4_signed_lattice,,LOWRANK_4_8,v1-unchanged-finite-nonstochastic,1,5049,5049.0,20,5029,2048,2048,>=2048,>=2048,2048.0,0.0,20,MIXED_4_8;MIXED_6_8;NATIVE_FP32;NATIVE_FP64;STOCHASTIC_4;UNIFORM_10;UNIFORM_11;UNIFORM_12;UNIFORM_13;UNIFORM_14;UNIFORM_15;UNIFORM_16;UNIFORM_2;UNIFORM_3;UNIFORM_4;UNIFORM_5;UNIFORM_6;UNIFORM_7;UNIFORM_8;UNIFORM_9,True,NATIVE_FP32,2048,NATIVE_FP32,2048,NATIVE_FP32,2048.0,0.0,TEST descriptive best feasible baseline; not DEV-selected and not a statistical superiority test,comparison of reported lower bounds is not a test of true-horizon superiority
toy,s4_signed_lattice,,LOWRANK_4_8,v1-unchanged-finite-nonstochastic,16,5349,334.3125,20,5029,2048,2048,>=2048,>=2048,2048.0,0.0,20,MIXED_4_8;MIXED_6_8;NATIVE_FP32;NATIVE_FP64;STOCHASTIC_4;UNIFORM_10;UNIFORM_11;UNIFORM_12;UNIFORM_13;UNIFORM_14;UNIFORM_15;UNIFORM_16;UNIFORM_2;UNIFORM_3;UNIFORM_4;UNIFORM_5;UNIFORM_6;UNIFORM_7;UNIFORM_8;UNIFORM_9,True,NATIVE_FP32,2048,NATIVE_FP32,2048,NATIVE_FP32,2048.0,0.0,TEST descriptive best feasible baseline; not DEV-selected and not a statistical superiority test,comparison of reported lower bounds is not a test of true-horizon superiority
toy,s4_signed_lattice,,LOWRANK_4_8,v1-unchanged-finite-nonstochastic,128,7589,59.2890625,20,5029,2048,2048,>=2048,>=2048,2048.0,0.0,18,MIXED_4_8;MIXED_6_8;NATIVE_FP32;UNIFORM_10;UNIFORM_11;UNIFORM_12;UNIFORM_13;UNIFORM_14;UNIFORM_15;UNIFORM_16;UNIFORM_2;UNIFORM_3;UNIFORM_4;UNIFORM_5;UNIFORM_6;UNIFORM_7;UNIFORM_8;UNIFORM_9,True,UNIFORM_4,2048,UNIFORM_4,2048,UNIFORM_4,2048.0,0.0,TEST descriptive best feasible baseline; not DEV-selected and not a statistical superiority test,comparison of reported lower bounds is not a test of true-horizon superiority
toy,s4_signed_lattice,,UNTRANSPORTED_4_4,v1-unchanged-finite-nonstochastic,1,5015,5015.0,20,4995,2048,2048,>=2048,>=2048,2048.0,0.0,20,MIXED_4_8;MIXED_6_8;NATIVE_FP32;NATIVE_FP64;STOCHASTIC_4;UNIFORM_10;UNIFORM_11;UNIFORM_12;UNIFORM_13;UNIFORM_14;UNIFORM_15;UNIFORM_16;UNIFORM_2;UNIFORM_3;UNIFORM_4;UNIFORM_5;UNIFORM_6;UNIFORM_7;UNIFORM_8;UNIFORM_9,True,NATIVE_FP32,2048,NATIVE_FP32,2048,NATIVE_FP32,2048.0,0.0,TEST descriptive best feasible baseline; not DEV-selected and not a statistical superiority test,comparison of reported lower bounds is not a test of true-horizon superiority
toy,s4_signed_lattice,,UNTRANSPORTED_4_4,v1-unchanged-finite-nonstochastic,16,5315,332.1875,20,4995,2048,2048,>=2048,>=2048,2048.0,0.0,20,MIXED_4_8;MIXED_6_8;NATIVE_FP32;NATIVE_FP64;STOCHASTIC_4;UNIFORM_10;UNIFORM_11;UNIFORM_12;UNIFORM_13;UNIFORM_14;UNIFORM_15;UNIFORM_16;UNIFORM_2;UNIFORM_3;UNIFORM_4;UNIFORM_5;UNIFORM_6;UNIFORM_7;UNIFORM_8;UNIFORM_9,True,NATIVE_FP32,2048,NATIVE_FP32,2048,NATIVE_FP32,2048.0,0.0,TEST descriptive best feasible baseline; not DEV-selected and not a statistical superiority test,comparison of reported lower bounds is not a test of true-horizon superiority
toy,s4_signed_lattice,,UNTRANSPORTED_4_4,v1-unchanged-finite-nonstochastic,128,7555,59.0234375,20,4995,2048,2048,>=2048,>=2048,2048.0,0.0,18,MIXED_4_8;MIXED_6_8;NATIVE_FP32;UNIFORM_10;UNIFORM_11;UNIFORM_12;UNIFORM_13;UNIFORM_14;UNIFORM_15;UNIFORM_16;UNIFORM_2;UNIFORM_3;UNIFORM_4;UNIFORM_5;UNIFORM_6;UNIFORM_7;UNIFORM_8;UNIFORM_9,True,UNIFORM_4,2048,UNIFORM_4,2048,UNIFORM_4,2048.0,0.0,TEST descriptive best feasible baseline; not DEV-selected and not a statistical superiority test,comparison of reported lower bounds is not a test of true-horizon superiority
toy,s4_signed_lattice,,MIXED_4_8,v1-unchanged-finite-nonstochastic,1,4710,4710.0,15,4695,2048,2048,>=2048,>=2048,2048.0,0.0,18,MIXED_4_8;NATIVE_FP32;NATIVE_FP64;UNIFORM_10;UNIFORM_11;UNIFORM_12;UNIFORM_13;UNIFORM_14;UNIFORM_15;UNIFORM_16;UNIFORM_2;UNIFORM_3;UNIFORM_4;UNIFORM_5;UNIFORM_6;UNIFORM_7;UNIFORM_8;UNIFORM_9,True,NATIVE_FP32,2048,NATIVE_FP32,2048,NATIVE_FP32,2048.0,0.0,TEST descriptive best feasible baseline; not DEV-selected and not a statistical superiority test,comparison of reported lower bounds is not a test of true-horizon superiority
toy,s4_signed_lattice,,MIXED_4_8,v1-unchanged-finite-nonstochastic,16,4935,308.4375,15,4695,2048,2048,>=2048,>=2048,2048.0,0.0,7,MIXED_4_8;NATIVE_FP32;UNIFORM_2;UNIFORM_3;UNIFORM_4;UNIFORM_5;UNIFORM_6,True,NATIVE_FP32,2048,NATIVE_FP32,2048,NATIVE_FP32,2048.0,0.0,TEST descriptive best feasible baseline; not DEV-selected and not a statistical superiority test,comparison of reported lower bounds is not a test of true-horizon superiority
toy,s4_signed_lattice,,MIXED_4_8,v1-unchanged-finite-nonstochastic,128,6615,51.6796875,15,4695,2048,2048,>=2048,>=2048,2048.0,0.0,6,MIXED_4_8;UNIFORM_2;UNIFORM_3;UNIFORM_4;UNIFORM_5;UNIFORM_6,False,UNIFORM_4,2048,UNIFORM_4,2048,UNIFORM_4,2048.0,0.0,TEST descriptive best feasible baseline; not DEV-selected and not a statistical superiority test,comparison of reported lower bounds is not a test of true-horizon superiority
toy,s4_signed_lattice,,MIXED_6_8,v1-unchanged-finite-nonstochastic,1,4711,4711.0,16,4695,2048,2048,>=2048,>=2048,2048.0,0.0,19,MIXED_4_8;MIXED_6_8;NATIVE_FP32;NATIVE_FP64;UNIFORM_10;UNIFORM_11;UNIFORM_12;UNIFORM_13;UNIFORM_14;UNIFORM_15;UNIFORM_16;UNIFORM_2;UNIFORM_3;UNIFORM_4;UNIFORM_5;UNIFORM_6;UNIFORM_7;UNIFORM_8;UNIFORM_9,True,NATIVE_FP32,2048,NATIVE_FP32,2048,NATIVE_FP32,2048.0,0.0,TEST descriptive best feasible baseline; not DEV-selected and not a statistical superiority test,comparison of reported lower bounds is not a test of true-horizon superiority
toy,s4_signed_lattice,,MIXED_6_8,v1-unchanged-finite-nonstochastic,16,4951,309.4375,16,4695,2048,2048,>=2048,>=2048,2048.0,0.0,10,MIXED_4_8;MIXED_6_8;NATIVE_FP32;UNIFORM_2;UNIFORM_3;UNIFORM_4;UNIFORM_5;UNIFORM_6;UNIFORM_7;UNIFORM_8,True,NATIVE_FP32,2048,NATIVE_FP32,2048,NATIVE_FP32,2048.0,0.0,TEST descriptive best feasible baseline; not DEV-selected and not a statistical superiority test,comparison of reported lower bounds is not a test of true-horizon superiority
toy,s4_signed_lattice,,MIXED_6_8,v1-unchanged-finite-nonstochastic,128,6743,52.6796875,16,4695,2048,2048,>=2048,>=2048,2048.0,0.0,9,MIXED_4_8;MIXED_6_8;UNIFORM_2;UNIFORM_3;UNIFORM_4;UNIFORM_5;UNIFORM_6;UNIFORM_7;UNIFORM_8,False,UNIFORM_4,2048,UNIFORM_4,2048,UNIFORM_4,2048.0,0.0,TEST descriptive best feasible baseline; not DEV-selected and not a statistical superiority test,comparison of reported lower bounds is not a test of true-horizon superiority
toy,s4_signed_lattice,,COEFFICIENT_INT8_FP32,v1-unchanged-finite-nonstochastic,1,1992,1992.0,24,1968,2048,2048,>=2048,>=2048,2048.0,0.0,0,,False,,,,,,,,TEST descriptive best feasible baseline; not DEV-selected and not a statistical superiority test,comparison of reported lower bounds is not a test of true-horizon superiority
toy,s4_signed_lattice,,COEFFICIENT_INT8_FP32,v1-unchanged-finite-nonstochastic,16,2352,147.0,24,1968,2048,2048,>=2048,>=2048,2048.0,0.0,0,,False,,,,,,,,TEST descriptive best feasible baseline; not DEV-selected and not a statistical superiority test,comparison of reported lower bounds is not a test of true-horizon superiority
toy,s4_signed_lattice,,COEFFICIENT_INT8_FP32,v1-unchanged-finite-nonstochastic,128,5040,39.375,24,1968,2048,2048,>=2048,>=2048,2048.0,0.0,0,,False,,,,,,,,TEST descriptive best feasible baseline; not DEV-selected and not a statistical superiority test,comparison of reported lower bounds is not a test of true-horizon superiority
toy,c31_rotation_2d,,NATIVE_FP32,v1-unchanged-finite-nonstochastic,1,2135,2135.0,16,2119,2048,2048,>=2048,>=2048,2048.0,0.0,1,NATIVE_FP32,True,NATIVE_FP32,2048,NATIVE_FP32,2048,NATIVE_FP32,2048.0,0.0,TEST descriptive best feasible baseline; not DEV-selected and not a statistical superiority test,comparison of reported lower bounds is not a test of true-horizon superiority
toy,c31_rotation_2d,,NATIVE_FP32,v1-unchanged-finite-nonstochastic,16,2375,148.4375,16,2119,2048,2048,>=2048,>=2048,2048.0,0.0,1,NATIVE_FP32,True,NATIVE_FP32,2048,NATIVE_FP32,2048,NATIVE_FP32,2048.0,0.0,TEST descriptive best feasible baseline; not DEV-selected and not a statistical superiority test,comparison of reported lower bounds is not a test of true-horizon superiority
toy,c31_rotation_2d,,NATIVE_FP32,v1-unchanged-finite-nonstochastic,128,4167,32.5546875,16,2119,2048,2048,>=2048,>=2048,2048.0,0.0,10,MIXED_4_8;MIXED_6_8;NATIVE_FP32;UNIFORM_2;UNIFORM_3;UNIFORM_4;UNIFORM_5;UNIFORM_6;UNIFORM_7;UNIFORM_8,True,NATIVE_FP32,2048,NATIVE_FP32,2048,NATIVE_FP32,2048.0,0.0,TEST descriptive best feasible baseline; not DEV-selected and not a statistical superiority test,comparison of reported lower bounds is not a test of true-horizon superiority
toy,c31_rotation_2d,,NATIVE_FP64,v1-unchanged-finite-nonstochastic,1,2143,2143.0,24,2119,2048,2048,>=2048,>=2048,2048.0,0.0,2,NATIVE_FP32;NATIVE_FP64,True,NATIVE_FP32,2048,NATIVE_FP32,2048,NATIVE_FP32,2048.0,0.0,TEST descriptive best feasible baseline; not DEV-selected and not a statistical superiority test,comparison of reported lower bounds is not a test of true-horizon superiority
toy,c31_rotation_2d,,NATIVE_FP64,v1-unchanged-finite-nonstochastic,16,2503,156.4375,24,2119,2048,2048,>=2048,>=2048,2048.0,0.0,2,NATIVE_FP32;NATIVE_FP64,True,NATIVE_FP32,2048,NATIVE_FP32,2048,NATIVE_FP32,2048.0,0.0,TEST descriptive best feasible baseline; not DEV-selected and not a statistical superiority test,comparison of reported lower bounds is not a test of true-horizon superiority
toy,c31_rotation_2d,,NATIVE_FP64,v1-unchanged-finite-nonstochastic,128,5191,40.5546875,24,2119,2048,2048,>=2048,>=2048,2048.0,0.0,19,MIXED_4_8;MIXED_6_8;NATIVE_FP32;NATIVE_FP64;UNIFORM_10;UNIFORM_11;UNIFORM_12;UNIFORM_13;UNIFORM_14;UNIFORM_15;UNIFORM_16;UNIFORM_2;UNIFORM_3;UNIFORM_4;UNIFORM_5;UNIFORM_6;UNIFORM_7;UNIFORM_8;UNIFORM_9,True,NATIVE_FP32,2048,NATIVE_FP32,2048,NATIVE_FP32,2048.0,0.0,TEST descriptive best feasible baseline; not DEV-selected and not a statistical superiority test,comparison of reported lower bounds is not a test of true-horizon superiority
toy,c31_rotation_2d,,UNIFORM_2,v1-unchanged-finite-nonstochastic,1,2348,2348.0,13,2335,,,no qualifying grid horizon (<32),no qualifying grid horizon (<32),0.36328125,1.0,5,NATIVE_FP32;NATIVE_FP64;UNIFORM_2;UNIFORM_3;UNIFORM_4,True,NATIVE_FP32,2048,NATIVE_FP32,2048,NATIVE_FP32,2048.0,-2047.63671875,TEST descriptive best feasible baseline; not DEV-selected and not a statistical superiority test,comparison of reported lower bounds is not a test of true-horizon superiority
toy,c31_rotation_2d,,UNIFORM_2,v1-unchanged-finite-nonstochastic,16,2543,158.9375,13,2335,,,no qualifying grid horizon (<32),no qualifying grid horizon (<32),0.36328125,1.0,5,NATIVE_FP32;NATIVE_FP64;UNIFORM_2;UNIFORM_3;UNIFORM_4,True,NATIVE_FP32,2048,NATIVE_FP32,2048,NATIVE_FP32,2048.0,-2047.63671875,TEST descriptive best feasible baseline; not DEV-selected and not a statistical superiority test,comparison of reported lower bounds is not a test of true-horizon superiority
toy,c31_rotation_2d,,UNIFORM_2,v1-unchanged-finite-nonstochastic,128,3999,31.2421875,13,2335,,,no qualifying grid horizon (<32),no qualifying grid horizon (<32),0.36328125,1.0,3,UNIFORM_2;UNIFORM_3;UNIFORM_4,False,UNIFORM_4,,UNIFORM_4,,UNIFORM_4,11.16015625,-10.796875,TEST descriptive best feasible baseline; not DEV-selected and not a statistical superiority test,comparison of reported lower bounds is not a test of true-horizon superiority
toy,c31_rotation_2d,,UNIFORM_3,v1-unchanged-finite-nonstochastic,1,2348,2348.0,13,2335,,,no qualifying grid horizon (<32),no qualifying grid horizon (<32),2.244140625,1.0,5,NATIVE_FP32;NATIVE_FP64;UNIFORM_2;UNIFORM_3;UNIFORM_4,True,NATIVE_FP32,2048,NATIVE_FP32,2048,NATIVE_FP32,2048.0,-2045.755859375,TEST descriptive best feasible baseline; not DEV-selected and not a statistical superiority test,comparison of reported lower bounds is not a test of true-horizon superiority
toy,c31_rotation_2d,,UNIFORM_3,v1-unchanged-finite-nonstochastic,16,2543,158.9375,13,2335,,,no qualifying grid horizon (<32),no qualifying grid horizon (<32),2.244140625,1.0,5,NATIVE_FP32;NATIVE_FP64;UNIFORM_2;UNIFORM_3;UNIFORM_4,True,NATIVE_FP32,2048,NATIVE_FP32,2048,NATIVE_FP32,2048.0,-2045.755859375,TEST descriptive best feasible baseline; not DEV-selected and not a statistical superiority test,comparison of reported lower bounds is not a test of true-horizon superiority
toy,c31_rotation_2d,,UNIFORM_3,v1-unchanged-finite-nonstochastic,128,3999,31.2421875,13,2335,,,no qualifying grid horizon (<32),no qualifying grid horizon (<32),2.244140625,1.0,3,UNIFORM_2;UNIFORM_3;UNIFORM_4,False,UNIFORM_4,,UNIFORM_4,,UNIFORM_4,11.16015625,-8.916015625,TEST descriptive best feasible baseline; not DEV-selected and not a statistical superiority test,comparison of reported lower bounds is not a test of true-horizon superiority
toy,c31_rotation_2d,,UNIFORM_4,v1-unchanged-finite-nonstochastic,1,2348,2348.0,13,2335,,,no qualifying grid horizon (<32),no qualifying grid horizon (<32),11.16015625,1.0,5,NATIVE_FP32;NATIVE_FP64;UNIFORM_2;UNIFORM_3;UNIFORM_4,True,NATIVE_FP32,2048,NATIVE_FP32,2048,NATIVE_FP32,2048.0,-2036.83984375,TEST descriptive best feasible baseline; not DEV-selected and not a statistical superiority test,comparison of reported lower bounds is not a test of true-horizon superiority
toy,c31_rotation_2d,,UNIFORM_4,v1-unchanged-finite-nonstochastic,16,2543,158.9375,13,2335,,,no qualifying grid horizon (<32),no qualifying grid horizon (<32),11.16015625,1.0,5,NATIVE_FP32;NATIVE_FP64;UNIFORM_2;UNIFORM_3;UNIFORM_4,True,NATIVE_FP32,2048,NATIVE_FP32,2048,NATIVE_FP32,2048.0,-2036.83984375,TEST descriptive best feasible baseline; not DEV-selected and not a statistical superiority test,comparison of reported lower bounds is not a test of true-horizon superiority
toy,c31_rotation_2d,,UNIFORM_4,v1-unchanged-finite-nonstochastic,128,3999,31.2421875,13,2335,,,no qualifying grid horizon (<32),no qualifying grid horizon (<32),11.16015625,1.0,3,UNIFORM_2;UNIFORM_3;UNIFORM_4,False,UNIFORM_4,,UNIFORM_4,,UNIFORM_4,11.16015625,0.0,TEST descriptive best feasible baseline; not DEV-selected and not a statistical superiority test,comparison of reported lower bounds is not a test of true-horizon superiority
toy,c31_rotation_2d,,UNIFORM_5,v1-unchanged-finite-nonstochastic,1,2349,2349.0,14,2335,,,no qualifying grid horizon (<32),no qualifying grid horizon (<32),56.99609375,1.0,9,NATIVE_FP32;NATIVE_FP64;UNIFORM_2;UNIFORM_3;UNIFORM_4;UNIFORM_5;UNIFORM_6;UNIFORM_7;UNIFORM_8,True,NATIVE_FP32,2048,NATIVE_FP32,2048,NATIVE_FP32,2048.0,-1991.00390625,TEST descriptive best feasible baseline; not DEV-selected and not a statistical superiority test,comparison of reported lower bounds is not a test of true-horizon superiority
toy,c31_rotation_2d,,UNIFORM_5,v1-unchanged-finite-nonstochastic,16,2559,159.9375,14,2335,,,no qualifying grid horizon (<32),no qualifying grid horizon (<32),56.99609375,1.0,9,NATIVE_FP32;NATIVE_FP64;UNIFORM_2;UNIFORM_3;UNIFORM_4;UNIFORM_5;UNIFORM_6;UNIFORM_7;UNIFORM_8,True,NATIVE_FP32,2048,NATIVE_FP32,2048,NATIVE_FP32,2048.0,-1991.00390625,TEST descriptive best feasible baseline; not DEV-selected and not a statistical superiority test,comparison of reported lower bounds is not a test of true-horizon superiority
toy,c31_rotation_2d,,UNIFORM_5,v1-unchanged-finite-nonstochastic,128,4127,32.2421875,14,2335,,,no qualifying grid horizon (<32),no qualifying grid horizon (<32),56.99609375,1.0,7,UNIFORM_2;UNIFORM_3;UNIFORM_4;UNIFORM_5;UNIFORM_6;UNIFORM_7;UNIFORM_8,False,UNIFORM_8,256,UNIFORM_8,512,UNIFORM_8,1656.677734375,-1599.681640625,TEST descriptive best feasible baseline; not DEV-selected and not a statistical superiority test,comparison of reported lower bounds is not a test of true-horizon superiority
toy,c31_rotation_2d,,UNIFORM_6,v1-unchanged-finite-nonstochastic,1,2349,2349.0,14,2335,32,,32,no qualifying grid horizon (<32),196.5546875,1.0,9,NATIVE_FP32;NATIVE_FP64;UNIFORM_2;UNIFORM_3;UNIFORM_4;UNIFORM_5;UNIFORM_6;UNIFORM_7;UNIFORM_8,True,NATIVE_FP32,2048,NATIVE_FP32,2048,NATIVE_FP32,2048.0,-1851.4453125,TEST descriptive best feasible baseline; not DEV-selected and not a statistical superiority test,comparison of reported lower bounds is not a test of true-horizon superiority
toy,c31_rotation_2d,,UNIFORM_6,v1-unchanged-finite-nonstochastic,16,2559,159.9375,14,2335,32,,32,no qualifying grid horizon (<32),196.5546875,1.0,9,NATIVE_FP32;NATIVE_FP64;UNIFORM_2;UNIFORM_3;UNIFORM_4;UNIFORM_5;UNIFORM_6;UNIFORM_7;UNIFORM_8,True,NATIVE_FP32,2048,NATIVE_FP32,2048,NATIVE_FP32,2048.0,-1851.4453125,TEST descriptive best feasible baseline; not DEV-selected and not a statistical superiority test,comparison of reported lower bounds is not a test of true-horizon superiority
toy,c31_rotation_2d,,UNIFORM_6,v1-unchanged-finite-nonstochastic,128,4127,32.2421875,14,2335,32,,32,no qualifying grid horizon (<32),196.5546875,1.0,7,UNIFORM_2;UNIFORM_3;UNIFORM_4;UNIFORM_5;UNIFORM_6;UNIFORM_7;UNIFORM_8,False,UNIFORM_8,256,UNIFORM_8,512,UNIFORM_8,1656.677734375,-1460.123046875,TEST descriptive best feasible baseline; not DEV-selected and not a statistical superiority test,comparison of reported lower bounds is not a test of true-horizon superiority
toy,c31_rotation_2d,,UNIFORM_7,v1-unchanged-finite-nonstochastic,1,2349,2349.0,14,2335,128,64,128,64,744.07421875,0.96484375,9,NATIVE_FP32;NATIVE_FP64;UNIFORM_2;UNIFORM_3;UNIFORM_4;UNIFORM_5;UNIFORM_6;UNIFORM_7;UNIFORM_8,True,NATIVE_FP32,2048,NATIVE_FP32,2048,NATIVE_FP32,2048.0,-1303.92578125,TEST descriptive best feasible baseline; not DEV-selected and not a statistical superiority test,comparison of reported lower bounds is not a test of true-horizon superiority
toy,c31_rotation_2d,,UNIFORM_7,v1-unchanged-finite-nonstochastic,16,2559,159.9375,14,2335,128,64,128,64,744.07421875,0.96484375,9,NATIVE_FP32;NATIVE_FP64;UNIFORM_2;UNIFORM_3;UNIFORM_4;UNIFORM_5;UNIFORM_6;UNIFORM_7;UNIFORM_8,True,NATIVE_FP32,2048,NATIVE_FP32,2048,NATIVE_FP32,2048.0,-1303.92578125,TEST descriptive best feasible baseline; not DEV-selected and not a statistical superiority test,comparison of reported lower bounds is not a test of true-horizon superiority
toy,c31_rotation_2d,,UNIFORM_7,v1-unchanged-finite-nonstochastic,128,4127,32.2421875,14,2335,128,64,128,64,744.07421875,0.96484375,7,UNIFORM_2;UNIFORM_3;UNIFORM_4;UNIFORM_5;UNIFORM_6;UNIFORM_7;UNIFORM_8,False,UNIFORM_8,256,UNIFORM_8,512,UNIFORM_8,1656.677734375,-912.603515625,TEST descriptive best feasible baseline; not DEV-selected and not a statistical superiority test,comparison of reported lower bounds is not a test of true-horizon superiority
toy,c31_rotation_2d,,UNIFORM_8,v1-unchanged-finite-nonstochastic,1,2349,2349.0,14,2335,512,256,512,256,1656.677734375,0.4765625,9,NATIVE_FP32;NATIVE_FP64;UNIFORM_2;UNIFORM_3;UNIFORM_4;UNIFORM_5;UNIFORM_6;UNIFORM_7;UNIFORM_8,True,NATIVE_FP32,2048,NATIVE_FP32,2048,NATIVE_FP32,2048.0,-391.322265625,TEST descriptive best feasible baseline; not DEV-selected and not a statistical superiority test,comparison of reported lower bounds is not a test of true-horizon superiority
toy,c31_rotation_2d,,UNIFORM_8,v1-unchanged-finite-nonstochastic,16,2559,159.9375,14,2335,512,256,512,256,1656.677734375,0.4765625,9,NATIVE_FP32;NATIVE_FP64;UNIFORM_2;UNIFORM_3;UNIFORM_4;UNIFORM_5;UNIFORM_6;UNIFORM_7;UNIFORM_8,True,NATIVE_FP32,2048,NATIVE_FP32,2048,NATIVE_FP32,2048.0,-391.322265625,TEST descriptive best feasible baseline; not DEV-selected and not a statistical superiority test,comparison of reported lower bounds is not a test of true-horizon superiority
toy,c31_rotation_2d,,UNIFORM_8,v1-unchanged-finite-nonstochastic,128,4127,32.2421875,14,2335,512,256,512,256,1656.677734375,0.4765625,7,UNIFORM_2;UNIFORM_3;UNIFORM_4;UNIFORM_5;UNIFORM_6;UNIFORM_7;UNIFORM_8,False,UNIFORM_8,256,UNIFORM_8,512,UNIFORM_8,1656.677734375,0.0,TEST descriptive best feasible baseline; not DEV-selected and not a statistical superiority test,comparison of reported lower bounds is not a test of true-horizon superiority
toy,c31_rotation_2d,,UNIFORM_9,v1-unchanged-finite-nonstochastic,1,2350,2350.0,15,2335,2048,1024,>=2048,1024,2043.44140625,0.021484375,10,NATIVE_FP32;NATIVE_FP64;UNIFORM_2;UNIFORM_3;UNIFORM_4;UNIFORM_5;UNIFORM_6;UNIFORM_7;UNIFORM_8;UNIFORM_9,True,NATIVE_FP32,2048,NATIVE_FP32,2048,NATIVE_FP32,2048.0,-4.55859375,TEST descriptive best feasible baseline; not DEV-selected and not a statistical superiority test,comparison of reported lower bounds is not a test of true-horizon superiority
toy,c31_rotation_2d,,UNIFORM_9,v1-unchanged-finite-nonstochastic,16,2575,160.9375,15,2335,2048,1024,>=2048,1024,2043.44140625,0.021484375,12,MIXED_4_8;MIXED_6_8;NATIVE_FP32;NATIVE_FP64;UNIFORM_2;UNIFORM_3;UNIFORM_4;UNIFORM_5;UNIFORM_6;UNIFORM_7;UNIFORM_8;UNIFORM_9,True,NATIVE_FP32,2048,NATIVE_FP32,2048,NATIVE_FP32,2048.0,-4.55859375,TEST descriptive best feasible baseline; not DEV-selected and not a statistical superiority test,comparison of reported lower bounds is not a test of true-horizon superiority
toy,c31_rotation_2d,,UNIFORM_9,v1-unchanged-finite-nonstochastic,128,4255,33.2421875,15,2335,2048,1024,>=2048,1024,2043.44140625,0.021484375,11,MIXED_4_8;MIXED_6_8;NATIVE_FP32;UNIFORM_2;UNIFORM_3;UNIFORM_4;UNIFORM_5;UNIFORM_6;UNIFORM_7;UNIFORM_8;UNIFORM_9,True,NATIVE_FP32,2048,NATIVE_FP32,2048,NATIVE_FP32,2048.0,-4.55859375,TEST descriptive best feasible baseline; not DEV-selected and not a statistical superiority test,comparison of reported lower bounds is not a test of true-horizon superiority
toy,c31_rotation_2d,,UNIFORM_10,v1-unchanged-finite-nonstochastic,1,2351,2351.0,15,2336,2048,2048,>=2048,>=2048,2048.0,0.0,13,NATIVE_FP32;NATIVE_FP64;UNIFORM_10;UNIFORM_11;UNIFORM_12;UNIFORM_2;UNIFORM_3;UNIFORM_4;UNIFORM_5;UNIFORM_6;UNIFORM_7;UNIFORM_8;UNIFORM_9,True,NATIVE_FP32,2048,NATIVE_FP32,2048,NATIVE_FP32,2048.0,0.0,TEST descriptive best feasible baseline; not DEV-selected and not a statistical superiority test,comparison of reported lower bounds is not a test of true-horizon superiority
toy,c31_rotation_2d,,UNIFORM_10,v1-unchanged-finite-nonstochastic,16,2576,161.0,15,2336,2048,2048,>=2048,>=2048,2048.0,0.0,15,MIXED_4_8;MIXED_6_8;NATIVE_FP32;NATIVE_FP64;UNIFORM_10;UNIFORM_11;UNIFORM_12;UNIFORM_2;UNIFORM_3;UNIFORM_4;UNIFORM_5;UNIFORM_6;UNIFORM_7;UNIFORM_8;UNIFORM_9,True,NATIVE_FP32,2048,NATIVE_FP32,2048,NATIVE_FP32,2048.0,0.0,TEST descriptive best feasible baseline; not DEV-selected and not a statistical superiority test,comparison of reported lower bounds is not a test of true-horizon superiority
toy,c31_rotation_2d,,UNIFORM_10,v1-unchanged-finite-nonstochastic,128,4256,33.25,15,2336,2048,2048,>=2048,>=2048,2048.0,0.0,14,MIXED_4_8;MIXED_6_8;NATIVE_FP32;UNIFORM_10;UNIFORM_11;UNIFORM_12;UNIFORM_2;UNIFORM_3;UNIFORM_4;UNIFORM_5;UNIFORM_6;UNIFORM_7;UNIFORM_8;UNIFORM_9,True,NATIVE_FP32,2048,NATIVE_FP32,2048,NATIVE_FP32,2048.0,0.0,TEST descriptive best feasible baseline; not DEV-selected and not a statistical superiority test,comparison of reported lower bounds is not a test of true-horizon superiority
toy,c31_rotation_2d,,UNIFORM_11,v1-unchanged-finite-nonstochastic,1,2351,2351.0,15,2336,2048,2048,>=2048,>=2048,2048.0,0.0,13,NATIVE_FP32;NATIVE_FP64;UNIFORM_10;UNIFORM_11;UNIFORM_12;UNIFORM_2;UNIFORM_3;UNIFORM_4;UNIFORM_5;UNIFORM_6;UNIFORM_7;UNIFORM_8;UNIFORM_9,True,NATIVE_FP32,2048,NATIVE_FP32,2048,NATIVE_FP32,2048.0,0.0,TEST descriptive best feasible baseline; not DEV-selected and not a statistical superiority test,comparison of reported lower bounds is not a test of true-horizon superiority
toy,c31_rotation_2d,,UNIFORM_11,v1-unchanged-finite-nonstochastic,16,2576,161.0,15,2336,2048,2048,>=2048,>=2048,2048.0,0.0,15,MIXED_4_8;MIXED_6_8;NATIVE_FP32;NATIVE_FP64;UNIFORM_10;UNIFORM_11;UNIFORM_12;UNIFORM_2;UNIFORM_3;UNIFORM_4;UNIFORM_5;UNIFORM_6;UNIFORM_7;UNIFORM_8;UNIFORM_9,True,NATIVE_FP32,2048,NATIVE_FP32,2048,NATIVE_FP32,2048.0,0.0,TEST descriptive best feasible baseline; not DEV-selected and not a statistical superiority test,comparison of reported lower bounds is not a test of true-horizon superiority
toy,c31_rotation_2d,,UNIFORM_11,v1-unchanged-finite-nonstochastic,128,4256,33.25,15,2336,2048,2048,>=2048,>=2048,2048.0,0.0,14,MIXED_4_8;MIXED_6_8;NATIVE_FP32;UNIFORM_10;UNIFORM_11;UNIFORM_12;UNIFORM_2;UNIFORM_3;UNIFORM_4;UNIFORM_5;UNIFORM_6;UNIFORM_7;UNIFORM_8;UNIFORM_9,True,NATIVE_FP32,2048,NATIVE_FP32,2048,NATIVE_FP32,2048.0,0.0,TEST descriptive best feasible baseline; not DEV-selected and not a statistical superiority test,comparison of reported lower bounds is not a test of true-horizon superiority
toy,c31_rotation_2d,,UNIFORM_12,v1-unchanged-finite-nonstochastic,1,2351,2351.0,15,2336,2048,2048,>=2048,>=2048,2048.0,0.0,13,NATIVE_FP32;NATIVE_FP64;UNIFORM_10;UNIFORM_11;UNIFORM_12;UNIFORM_2;UNIFORM_3;UNIFORM_4;UNIFORM_5;UNIFORM_6;UNIFORM_7;UNIFORM_8;UNIFORM_9,True,NATIVE_FP32,2048,NATIVE_FP32,2048,NATIVE_FP32,2048.0,0.0,TEST descriptive best feasible baseline; not DEV-selected and not a statistical superiority test,comparison of reported lower bounds is not a test of true-horizon superiority
toy,c31_rotation_2d,,UNIFORM_12,v1-unchanged-finite-nonstochastic,16,2576,161.0,15,2336,2048,2048,>=2048,>=2048,2048.0,0.0,15,MIXED_4_8;MIXED_6_8;NATIVE_FP32;NATIVE_FP64;UNIFORM_10;UNIFORM_11;UNIFORM_12;UNIFORM_2;UNIFORM_3;UNIFORM_4;UNIFORM_5;UNIFORM_6;UNIFORM_7;UNIFORM_8;UNIFORM_9,True,NATIVE_FP32,2048,NATIVE_FP32,2048,NATIVE_FP32,2048.0,0.0,TEST descriptive best feasible baseline; not DEV-selected and not a statistical superiority test,comparison of reported lower bounds is not a test of true-horizon superiority
toy,c31_rotation_2d,,UNIFORM_12,v1-unchanged-finite-nonstochastic,128,4256,33.25,15,2336,2048,2048,>=2048,>=2048,2048.0,0.0,14,MIXED_4_8;MIXED_6_8;NATIVE_FP32;UNIFORM_10;UNIFORM_11;UNIFORM_12;UNIFORM_2;UNIFORM_3;UNIFORM_4;UNIFORM_5;UNIFORM_6;UNIFORM_7;UNIFORM_8;UNIFORM_9,True,NATIVE_FP32,2048,NATIVE_FP32,2048,NATIVE_FP32,2048.0,0.0,TEST descriptive best feasible baseline; not DEV-selected and not a statistical superiority test,comparison of reported lower bounds is not a test of true-horizon superiority
toy,c31_rotation_2d,,UNIFORM_13,v1-unchanged-finite-nonstochastic,1,2352,2352.0,16,2336,2048,2048,>=2048,>=2048,2048.0,0.0,19,MIXED_4_8;MIXED_6_8;NATIVE_FP32;NATIVE_FP64;UNIFORM_10;UNIFORM_11;UNIFORM_12;UNIFORM_13;UNIFORM_14;UNIFORM_15;UNIFORM_16;UNIFORM_2;UNIFORM_3;UNIFORM_4;UNIFORM_5;UNIFORM_6;UNIFORM_7;UNIFORM_8;UNIFORM_9,True,NATIVE_FP32,2048,NATIVE_FP32,2048,NATIVE_FP32,2048.0,0.0,TEST descriptive best feasible baseline; not DEV-selected and not a statistical superiority test,comparison of reported lower bounds is not a test of true-horizon superiority
toy,c31_rotation_2d,,UNIFORM_13,v1-unchanged-finite-nonstochastic,16,2592,162.0,16,2336,2048,2048,>=2048,>=2048,2048.0,0.0,19,MIXED_4_8;MIXED_6_8;NATIVE_FP32;NATIVE_FP64;UNIFORM_10;UNIFORM_11;UNIFORM_12;UNIFORM_13;UNIFORM_14;UNIFORM_15;UNIFORM_16;UNIFORM_2;UNIFORM_3;UNIFORM_4;UNIFORM_5;UNIFORM_6;UNIFORM_7;UNIFORM_8;UNIFORM_9,True,NATIVE_FP32,2048,NATIVE_FP32,2048,NATIVE_FP32,2048.0,0.0,TEST descriptive best feasible baseline; not DEV-selected and not a statistical superiority test,comparison of reported lower bounds is not a test of true-horizon superiority
toy,c31_rotation_2d,,UNIFORM_13,v1-unchanged-finite-nonstochastic,128,4384,34.25,16,2336,2048,2048,>=2048,>=2048,2048.0,0.0,18,MIXED_4_8;MIXED_6_8;NATIVE_FP32;UNIFORM_10;UNIFORM_11;UNIFORM_12;UNIFORM_13;UNIFORM_14;UNIFORM_15;UNIFORM_16;UNIFORM_2;UNIFORM_3;UNIFORM_4;UNIFORM_5;UNIFORM_6;UNIFORM_7;UNIFORM_8;UNIFORM_9,True,NATIVE_FP32,2048,NATIVE_FP32,2048,NATIVE_FP32,2048.0,0.0,TEST descriptive best feasible baseline; not DEV-selected and not a statistical superiority test,comparison of reported lower bounds is not a test of true-horizon superiority
toy,c31_rotation_2d,,UNIFORM_14,v1-unchanged-finite-nonstochastic,1,2352,2352.0,16,2336,2048,2048,>=2048,>=2048,2048.0,0.0,19,MIXED_4_8;MIXED_6_8;NATIVE_FP32;NATIVE_FP64;UNIFORM_10;UNIFORM_11;UNIFORM_12;UNIFORM_13;UNIFORM_14;UNIFORM_15;UNIFORM_16;UNIFORM_2;UNIFORM_3;UNIFORM_4;UNIFORM_5;UNIFORM_6;UNIFORM_7;UNIFORM_8;UNIFORM_9,True,NATIVE_FP32,2048,NATIVE_FP32,2048,NATIVE_FP32,2048.0,0.0,TEST descriptive best feasible baseline; not DEV-selected and not a statistical superiority test,comparison of reported lower bounds is not a test of true-horizon superiority
toy,c31_rotation_2d,,UNIFORM_14,v1-unchanged-finite-nonstochastic,16,2592,162.0,16,2336,2048,2048,>=2048,>=2048,2048.0,0.0,19,MIXED_4_8;MIXED_6_8;NATIVE_FP32;NATIVE_FP64;UNIFORM_10;UNIFORM_11;UNIFORM_12;UNIFORM_13;UNIFORM_14;UNIFORM_15;UNIFORM_16;UNIFORM_2;UNIFORM_3;UNIFORM_4;UNIFORM_5;UNIFORM_6;UNIFORM_7;UNIFORM_8;UNIFORM_9,True,NATIVE_FP32,2048,NATIVE_FP32,2048,NATIVE_FP32,2048.0,0.0,TEST descriptive best feasible baseline; not DEV-selected and not a statistical superiority test,comparison of reported lower bounds is not a test of true-horizon superiority
toy,c31_rotation_2d,,UNIFORM_14,v1-unchanged-finite-nonstochastic,128,4384,34.25,16,2336,2048,2048,>=2048,>=2048,2048.0,0.0,18,MIXED_4_8;MIXED_6_8;NATIVE_FP32;UNIFORM_10;UNIFORM_11;UNIFORM_12;UNIFORM_13;UNIFORM_14;UNIFORM_15;UNIFORM_16;UNIFORM_2;UNIFORM_3;UNIFORM_4;UNIFORM_5;UNIFORM_6;UNIFORM_7;UNIFORM_8;UNIFORM_9,True,NATIVE_FP32,2048,NATIVE_FP32,2048,NATIVE_FP32,2048.0,0.0,TEST descriptive best feasible baseline; not DEV-selected and not a statistical superiority test,comparison of reported lower bounds is not a test of true-horizon superiority
toy,c31_rotation_2d,,UNIFORM_15,v1-unchanged-finite-nonstochastic,1,2352,2352.0,16,2336,2048,2048,>=2048,>=2048,2048.0,0.0,19,MIXED_4_8;MIXED_6_8;NATIVE_FP32;NATIVE_FP64;UNIFORM_10;UNIFORM_11;UNIFORM_12;UNIFORM_13;UNIFORM_14;UNIFORM_15;UNIFORM_16;UNIFORM_2;UNIFORM_3;UNIFORM_4;UNIFORM_5;UNIFORM_6;UNIFORM_7;UNIFORM_8;UNIFORM_9,True,NATIVE_FP32,2048,NATIVE_FP32,2048,NATIVE_FP32,2048.0,0.0,TEST descriptive best feasible baseline; not DEV-selected and not a statistical superiority test,comparison of reported lower bounds is not a test of true-horizon superiority
toy,c31_rotation_2d,,UNIFORM_15,v1-unchanged-finite-nonstochastic,16,2592,162.0,16,2336,2048,2048,>=2048,>=2048,2048.0,0.0,19,MIXED_4_8;MIXED_6_8;NATIVE_FP32;NATIVE_FP64;UNIFORM_10;UNIFORM_11;UNIFORM_12;UNIFORM_13;UNIFORM_14;UNIFORM_15;UNIFORM_16;UNIFORM_2;UNIFORM_3;UNIFORM_4;UNIFORM_5;UNIFORM_6;UNIFORM_7;UNIFORM_8;UNIFORM_9,True,NATIVE_FP32,2048,NATIVE_FP32,2048,NATIVE_FP32,2048.0,0.0,TEST descriptive best feasible baseline; not DEV-selected and not a statistical superiority test,comparison of reported lower bounds is not a test of true-horizon superiority
toy,c31_rotation_2d,,UNIFORM_15,v1-unchanged-finite-nonstochastic,128,4384,34.25,16,2336,2048,2048,>=2048,>=2048,2048.0,0.0,18,MIXED_4_8;MIXED_6_8;NATIVE_FP32;UNIFORM_10;UNIFORM_11;UNIFORM_12;UNIFORM_13;UNIFORM_14;UNIFORM_15;UNIFORM_16;UNIFORM_2;UNIFORM_3;UNIFORM_4;UNIFORM_5;UNIFORM_6;UNIFORM_7;UNIFORM_8;UNIFORM_9,True,NATIVE_FP32,2048,NATIVE_FP32,2048,NATIVE_FP32,2048.0,0.0,TEST descriptive best feasible baseline; not DEV-selected and not a statistical superiority test,comparison of reported lower bounds is not a test of true-horizon superiority
toy,c31_rotation_2d,,UNIFORM_16,v1-unchanged-finite-nonstochastic,1,2352,2352.0,16,2336,2048,2048,>=2048,>=2048,2048.0,0.0,19,MIXED_4_8;MIXED_6_8;NATIVE_FP32;NATIVE_FP64;UNIFORM_10;UNIFORM_11;UNIFORM_12;UNIFORM_13;UNIFORM_14;UNIFORM_15;UNIFORM_16;UNIFORM_2;UNIFORM_3;UNIFORM_4;UNIFORM_5;UNIFORM_6;UNIFORM_7;UNIFORM_8;UNIFORM_9,True,NATIVE_FP32,2048,NATIVE_FP32,2048,NATIVE_FP32,2048.0,0.0,TEST descriptive best feasible baseline; not DEV-selected and not a statistical superiority test,comparison of reported lower bounds is not a test of true-horizon superiority
toy,c31_rotation_2d,,UNIFORM_16,v1-unchanged-finite-nonstochastic,16,2592,162.0,16,2336,2048,2048,>=2048,>=2048,2048.0,0.0,19,MIXED_4_8;MIXED_6_8;NATIVE_FP32;NATIVE_FP64;UNIFORM_10;UNIFORM_11;UNIFORM_12;UNIFORM_13;UNIFORM_14;UNIFORM_15;UNIFORM_16;UNIFORM_2;UNIFORM_3;UNIFORM_4;UNIFORM_5;UNIFORM_6;UNIFORM_7;UNIFORM_8;UNIFORM_9,True,NATIVE_FP32,2048,NATIVE_FP32,2048,NATIVE_FP32,2048.0,0.0,TEST descriptive best feasible baseline; not DEV-selected and not a statistical superiority test,comparison of reported lower bounds is not a test of true-horizon superiority
toy,c31_rotation_2d,,UNIFORM_16,v1-unchanged-finite-nonstochastic,128,4384,34.25,16,2336,2048,2048,>=2048,>=2048,2048.0,0.0,18,MIXED_4_8;MIXED_6_8;NATIVE_FP32;UNIFORM_10;UNIFORM_11;UNIFORM_12;UNIFORM_13;UNIFORM_14;UNIFORM_15;UNIFORM_16;UNIFORM_2;UNIFORM_3;UNIFORM_4;UNIFORM_5;UNIFORM_6;UNIFORM_7;UNIFORM_8;UNIFORM_9,True,NATIVE_FP32,2048,NATIVE_FP32,2048,NATIVE_FP32,2048.0,0.0,TEST descriptive best feasible baseline; not DEV-selected and not a statistical superiority test,comparison of reported lower bounds is not a test of true-horizon superiority
toy,c31_rotation_2d,,STOCHASTIC_4,v2-stochastic-seedkey,1,2416,2416.0,29,2387,,,no qualifying grid horizon (<32),no qualifying grid horizon (<32),6.392578125,1.0,20,MIXED_4_8;MIXED_6_8;NATIVE_FP32;NATIVE_FP64;STOCHASTIC_4;UNIFORM_10;UNIFORM_11;UNIFORM_12;UNIFORM_13;UNIFORM_14;UNIFORM_15;UNIFORM_16;UNIFORM_2;UNIFORM_3;UNIFORM_4;UNIFORM_5;UNIFORM_6;UNIFORM_7;UNIFORM_8;UNIFORM_9,True,NATIVE_FP32,2048,NATIVE_FP32,2048,NATIVE_FP32,2048.0,-2041.607421875,TEST descriptive best feasible baseline; not DEV-selected and not a statistical superiority test,comparison of reported lower bounds is not a test of true-horizon superiority
toy,c31_rotation_2d,,STOCHASTIC_4,v2-stochastic-seedkey,16,2851,178.1875,29,2387,,,no qualifying grid horizon (<32),no qualifying grid horizon (<32),6.392578125,1.0,20,MIXED_4_8;MIXED_6_8;NATIVE_FP32;NATIVE_FP64;STOCHASTIC_4;UNIFORM_10;UNIFORM_11;UNIFORM_12;UNIFORM_13;UNIFORM_14;UNIFORM_15;UNIFORM_16;UNIFORM_2;UNIFORM_3;UNIFORM_4;UNIFORM_5;UNIFORM_6;UNIFORM_7;UNIFORM_8;UNIFORM_9,True,NATIVE_FP32,2048,NATIVE_FP32,2048,NATIVE_FP32,2048.0,-2041.607421875,TEST descriptive best feasible baseline; not DEV-selected and not a statistical superiority test,comparison of reported lower bounds is not a test of true-horizon superiority
toy,c31_rotation_2d,,STOCHASTIC_4,v2-stochastic-seedkey,128,6099,47.6484375,29,2387,,,no qualifying grid horizon (<32),no qualifying grid horizon (<32),6.392578125,1.0,20,MIXED_4_8;MIXED_6_8;NATIVE_FP32;NATIVE_FP64;STOCHASTIC_4;UNIFORM_10;UNIFORM_11;UNIFORM_12;UNIFORM_13;UNIFORM_14;UNIFORM_15;UNIFORM_16;UNIFORM_2;UNIFORM_3;UNIFORM_4;UNIFORM_5;UNIFORM_6;UNIFORM_7;UNIFORM_8;UNIFORM_9,True,NATIVE_FP32,2048,NATIVE_FP32,2048,NATIVE_FP32,2048.0,-2041.607421875,TEST descriptive best feasible baseline; not DEV-selected and not a statistical superiority test,comparison of reported lower bounds is not a test of true-horizon superiority
toy,c31_rotation_2d,,FULL_RESIDUAL_4_4,v1-unchanged-finite-nonstochastic,1,2658,2658.0,18,2640,2048,2048,>=2048,>=2048,2048.0,0.0,20,MIXED_4_8;MIXED_6_8;NATIVE_FP32;NATIVE_FP64;STOCHASTIC_4;UNIFORM_10;UNIFORM_11;UNIFORM_12;UNIFORM_13;UNIFORM_14;UNIFORM_15;UNIFORM_16;UNIFORM_2;UNIFORM_3;UNIFORM_4;UNIFORM_5;UNIFORM_6;UNIFORM_7;UNIFORM_8;UNIFORM_9,True,NATIVE_FP32,2048,NATIVE_FP32,2048,NATIVE_FP32,2048.0,0.0,TEST descriptive best feasible baseline; not DEV-selected and not a statistical superiority test,comparison of reported lower bounds is not a test of true-horizon superiority
toy,c31_rotation_2d,,FULL_RESIDUAL_4_4,v1-unchanged-finite-nonstochastic,16,2928,183.0,18,2640,2048,2048,>=2048,>=2048,2048.0,0.0,20,MIXED_4_8;MIXED_6_8;NATIVE_FP32;NATIVE_FP64;STOCHASTIC_4;UNIFORM_10;UNIFORM_11;UNIFORM_12;UNIFORM_13;UNIFORM_14;UNIFORM_15;UNIFORM_16;UNIFORM_2;UNIFORM_3;UNIFORM_4;UNIFORM_5;UNIFORM_6;UNIFORM_7;UNIFORM_8;UNIFORM_9,True,NATIVE_FP32,2048,NATIVE_FP32,2048,NATIVE_FP32,2048.0,0.0,TEST descriptive best feasible baseline; not DEV-selected and not a statistical superiority test,comparison of reported lower bounds is not a test of true-horizon superiority
toy,c31_rotation_2d,,FULL_RESIDUAL_4_4,v1-unchanged-finite-nonstochastic,128,4944,38.625,18,2640,2048,2048,>=2048,>=2048,2048.0,0.0,18,MIXED_4_8;MIXED_6_8;NATIVE_FP32;UNIFORM_10;UNIFORM_11;UNIFORM_12;UNIFORM_13;UNIFORM_14;UNIFORM_15;UNIFORM_16;UNIFORM_2;UNIFORM_3;UNIFORM_4;UNIFORM_5;UNIFORM_6;UNIFORM_7;UNIFORM_8;UNIFORM_9,True,NATIVE_FP32,2048,NATIVE_FP32,2048,NATIVE_FP32,2048.0,0.0,TEST descriptive best feasible baseline; not DEV-selected and not a statistical superiority test,comparison of reported lower bounds is not a test of true-horizon superiority
toy,c31_rotation_2d,,FULL_RESIDUAL_4_FP32,v1-unchanged-finite-nonstochastic,1,2445,2445.0,21,2424,2048,2048,>=2048,>=2048,2048.0,0.0,20,MIXED_4_8;MIXED_6_8;NATIVE_FP32;NATIVE_FP64;STOCHASTIC_4;UNIFORM_10;UNIFORM_11;UNIFORM_12;UNIFORM_13;UNIFORM_14;UNIFORM_15;UNIFORM_16;UNIFORM_2;UNIFORM_3;UNIFORM_4;UNIFORM_5;UNIFORM_6;UNIFORM_7;UNIFORM_8;UNIFORM_9,True,NATIVE_FP32,2048,NATIVE_FP32,2048,NATIVE_FP32,2048.0,0.0,TEST descriptive best feasible baseline; not DEV-selected and not a statistical superiority test,comparison of reported lower bounds is not a test of true-horizon superiority
toy,c31_rotation_2d,,FULL_RESIDUAL_4_FP32,v1-unchanged-finite-nonstochastic,16,2760,172.5,21,2424,2048,2048,>=2048,>=2048,2048.0,0.0,19,MIXED_4_8;MIXED_6_8;NATIVE_FP32;NATIVE_FP64;UNIFORM_10;UNIFORM_11;UNIFORM_12;UNIFORM_13;UNIFORM_14;UNIFORM_15;UNIFORM_16;UNIFORM_2;UNIFORM_3;UNIFORM_4;UNIFORM_5;UNIFORM_6;UNIFORM_7;UNIFORM_8;UNIFORM_9,True,NATIVE_FP32,2048,NATIVE_FP32,2048,NATIVE_FP32,2048.0,0.0,TEST descriptive best feasible baseline; not DEV-selected and not a statistical superiority test,comparison of reported lower bounds is not a test of true-horizon superiority
toy,c31_rotation_2d,,FULL_RESIDUAL_4_FP32,v1-unchanged-finite-nonstochastic,128,5112,39.9375,21,2424,2048,2048,>=2048,>=2048,2048.0,0.0,18,MIXED_4_8;MIXED_6_8;NATIVE_FP32;UNIFORM_10;UNIFORM_11;UNIFORM_12;UNIFORM_13;UNIFORM_14;UNIFORM_15;UNIFORM_16;UNIFORM_2;UNIFORM_3;UNIFORM_4;UNIFORM_5;UNIFORM_6;UNIFORM_7;UNIFORM_8;UNIFORM_9,True,NATIVE_FP32,2048,NATIVE_FP32,2048,NATIVE_FP32,2048.0,0.0,TEST descriptive best feasible baseline; not DEV-selected and not a statistical superiority test,comparison of reported lower bounds is not a test of true-horizon superiority
toy,c31_rotation_2d,,LOWRANK_4_8,v1-unchanged-finite-nonstochastic,1,2670,2670.0,18,2652,,,no qualifying grid horizon (<32),no qualifying grid horizon (<32),24.25390625,1.0,20,MIXED_4_8;MIXED_6_8;NATIVE_FP32;NATIVE_FP64;STOCHASTIC_4;UNIFORM_10;UNIFORM_11;UNIFORM_12;UNIFORM_13;UNIFORM_14;UNIFORM_15;UNIFORM_16;UNIFORM_2;UNIFORM_3;UNIFORM_4;UNIFORM_5;UNIFORM_6;UNIFORM_7;UNIFORM_8;UNIFORM_9,True,NATIVE_FP32,2048,NATIVE_FP32,2048,NATIVE_FP32,2048.0,-2023.74609375,TEST descriptive best feasible baseline; not DEV-selected and not a statistical superiority test,comparison of reported lower bounds is not a test of true-horizon superiority
toy,c31_rotation_2d,,LOWRANK_4_8,v1-unchanged-finite-nonstochastic,16,2940,183.75,18,2652,,,no qualifying grid horizon (<32),no qualifying grid horizon (<32),24.25390625,1.0,20,MIXED_4_8;MIXED_6_8;NATIVE_FP32;NATIVE_FP64;STOCHASTIC_4;UNIFORM_10;UNIFORM_11;UNIFORM_12;UNIFORM_13;UNIFORM_14;UNIFORM_15;UNIFORM_16;UNIFORM_2;UNIFORM_3;UNIFORM_4;UNIFORM_5;UNIFORM_6;UNIFORM_7;UNIFORM_8;UNIFORM_9,True,NATIVE_FP32,2048,NATIVE_FP32,2048,NATIVE_FP32,2048.0,-2023.74609375,TEST descriptive best feasible baseline; not DEV-selected and not a statistical superiority test,comparison of reported lower bounds is not a test of true-horizon superiority
toy,c31_rotation_2d,,LOWRANK_4_8,v1-unchanged-finite-nonstochastic,128,4956,38.71875,18,2652,,,no qualifying grid horizon (<32),no qualifying grid horizon (<32),24.25390625,1.0,18,MIXED_4_8;MIXED_6_8;NATIVE_FP32;UNIFORM_10;UNIFORM_11;UNIFORM_12;UNIFORM_13;UNIFORM_14;UNIFORM_15;UNIFORM_16;UNIFORM_2;UNIFORM_3;UNIFORM_4;UNIFORM_5;UNIFORM_6;UNIFORM_7;UNIFORM_8;UNIFORM_9,True,NATIVE_FP32,2048,NATIVE_FP32,2048,NATIVE_FP32,2048.0,-2023.74609375,TEST descriptive best feasible baseline; not DEV-selected and not a statistical superiority test,comparison of reported lower bounds is not a test of true-horizon superiority
toy,c31_rotation_2d,,UNTRANSPORTED_4_4,v1-unchanged-finite-nonstochastic,1,2660,2660.0,18,2642,,,no qualifying grid horizon (<32),no qualifying grid horizon (<32),9.7890625,1.0,20,MIXED_4_8;MIXED_6_8;NATIVE_FP32;NATIVE_FP64;STOCHASTIC_4;UNIFORM_10;UNIFORM_11;UNIFORM_12;UNIFORM_13;UNIFORM_14;UNIFORM_15;UNIFORM_16;UNIFORM_2;UNIFORM_3;UNIFORM_4;UNIFORM_5;UNIFORM_6;UNIFORM_7;UNIFORM_8;UNIFORM_9,True,NATIVE_FP32,2048,NATIVE_FP32,2048,NATIVE_FP32,2048.0,-2038.2109375,TEST descriptive best feasible baseline; not DEV-selected and not a statistical superiority test,comparison of reported lower bounds is not a test of true-horizon superiority
toy,c31_rotation_2d,,UNTRANSPORTED_4_4,v1-unchanged-finite-nonstochastic,16,2930,183.125,18,2642,,,no qualifying grid horizon (<32),no qualifying grid horizon (<32),9.7890625,1.0,20,MIXED_4_8;MIXED_6_8;NATIVE_FP32;NATIVE_FP64;STOCHASTIC_4;UNIFORM_10;UNIFORM_11;UNIFORM_12;UNIFORM_13;UNIFORM_14;UNIFORM_15;UNIFORM_16;UNIFORM_2;UNIFORM_3;UNIFORM_4;UNIFORM_5;UNIFORM_6;UNIFORM_7;UNIFORM_8;UNIFORM_9,True,NATIVE_FP32,2048,NATIVE_FP32,2048,NATIVE_FP32,2048.0,-2038.2109375,TEST descriptive best feasible baseline; not DEV-selected and not a statistical superiority test,comparison of reported lower bounds is not a test of true-horizon superiority
toy,c31_rotation_2d,,UNTRANSPORTED_4_4,v1-unchanged-finite-nonstochastic,128,4946,38.640625,18,2642,,,no qualifying grid horizon (<32),no qualifying grid horizon (<32),9.7890625,1.0,18,MIXED_4_8;MIXED_6_8;NATIVE_FP32;UNIFORM_10;UNIFORM_11;UNIFORM_12;UNIFORM_13;UNIFORM_14;UNIFORM_15;UNIFORM_16;UNIFORM_2;UNIFORM_3;UNIFORM_4;UNIFORM_5;UNIFORM_6;UNIFORM_7;UNIFORM_8;UNIFORM_9,True,NATIVE_FP32,2048,NATIVE_FP32,2048,NATIVE_FP32,2048.0,-2038.2109375,TEST descriptive best feasible baseline; not DEV-selected and not a statistical superiority test,comparison of reported lower bounds is not a test of true-horizon superiority
toy,c31_rotation_2d,,MIXED_4_8,v1-unchanged-finite-nonstochastic,1,2352,2352.0,14,2338,,,no qualifying grid horizon (<32),no qualifying grid horizon (<32),24.35546875,1.0,19,MIXED_4_8;MIXED_6_8;NATIVE_FP32;NATIVE_FP64;UNIFORM_10;UNIFORM_11;UNIFORM_12;UNIFORM_13;UNIFORM_14;UNIFORM_15;UNIFORM_16;UNIFORM_2;UNIFORM_3;UNIFORM_4;UNIFORM_5;UNIFORM_6;UNIFORM_7;UNIFORM_8;UNIFORM_9,True,NATIVE_FP32,2048,NATIVE_FP32,2048,NATIVE_FP32,2048.0,-2023.64453125,TEST descriptive best feasible baseline; not DEV-selected and not a statistical superiority test,comparison of reported lower bounds is not a test of true-horizon superiority
toy,c31_rotation_2d,,MIXED_4_8,v1-unchanged-finite-nonstochastic,16,2562,160.125,14,2338,,,no qualifying grid horizon (<32),no qualifying grid horizon (<32),24.35546875,1.0,11,MIXED_4_8;MIXED_6_8;NATIVE_FP32;NATIVE_FP64;UNIFORM_2;UNIFORM_3;UNIFORM_4;UNIFORM_5;UNIFORM_6;UNIFORM_7;UNIFORM_8,True,NATIVE_FP32,2048,NATIVE_FP32,2048,NATIVE_FP32,2048.0,-2023.64453125,TEST descriptive best feasible baseline; not DEV-selected and not a statistical superiority test,comparison of reported lower bounds is not a test of true-horizon superiority
toy,c31_rotation_2d,,MIXED_4_8,v1-unchanged-finite-nonstochastic,128,4130,32.265625,14,2338,,,no qualifying grid horizon (<32),no qualifying grid horizon (<32),24.35546875,1.0,9,MIXED_4_8;MIXED_6_8;UNIFORM_2;UNIFORM_3;UNIFORM_4;UNIFORM_5;UNIFORM_6;UNIFORM_7;UNIFORM_8,False,UNIFORM_8,256,UNIFORM_8,512,UNIFORM_8,1656.677734375,-1632.322265625,TEST descriptive best feasible baseline; not DEV-selected and not a statistical superiority test,comparison of reported lower bounds is not a test of true-horizon superiority
toy,c31_rotation_2d,,MIXED_6_8,v1-unchanged-finite-nonstochastic,1,2352,2352.0,14,2338,64,32,64,32,362.185546875,0.998046875,19,MIXED_4_8;MIXED_6_8;NATIVE_FP32;NATIVE_FP64;UNIFORM_10;UNIFORM_11;UNIFORM_12;UNIFORM_13;UNIFORM_14;UNIFORM_15;UNIFORM_16;UNIFORM_2;UNIFORM_3;UNIFORM_4;UNIFORM_5;UNIFORM_6;UNIFORM_7;UNIFORM_8;UNIFORM_9,True,NATIVE_FP32,2048,NATIVE_FP32,2048,NATIVE_FP32,2048.0,-1685.814453125,TEST descriptive best feasible baseline; not DEV-selected and not a statistical superiority test,comparison of reported lower bounds is not a test of true-horizon superiority
toy,c31_rotation_2d,,MIXED_6_8,v1-unchanged-finite-nonstochastic,16,2562,160.125,14,2338,64,32,64,32,362.185546875,0.998046875,11,MIXED_4_8;MIXED_6_8;NATIVE_FP32;NATIVE_FP64;UNIFORM_2;UNIFORM_3;UNIFORM_4;UNIFORM_5;UNIFORM_6;UNIFORM_7;UNIFORM_8,True,NATIVE_FP32,2048,NATIVE_FP32,2048,NATIVE_FP32,2048.0,-1685.814453125,TEST descriptive best feasible baseline; not DEV-selected and not a statistical superiority test,comparison of reported lower bounds is not a test of true-horizon superiority
toy,c31_rotation_2d,,MIXED_6_8,v1-unchanged-finite-nonstochastic,128,4130,32.265625,14,2338,64,32,64,32,362.185546875,0.998046875,9,MIXED_4_8;MIXED_6_8;UNIFORM_2;UNIFORM_3;UNIFORM_4;UNIFORM_5;UNIFORM_6;UNIFORM_7;UNIFORM_8,False,UNIFORM_8,256,UNIFORM_8,512,UNIFORM_8,1656.677734375,-1294.4921875,TEST descriptive best feasible baseline; not DEV-selected and not a statistical superiority test,comparison of reported lower bounds is not a test of true-horizon superiority
toy,c31_rotation_2d,,COEFFICIENT_INT8_FP32,v1-unchanged-finite-nonstochastic,1,1479,1479.0,16,1463,512,256,512,256,1606.634765625,0.494140625,0,,False,,,,,,,,TEST descriptive best feasible baseline; not DEV-selected and not a statistical superiority test,comparison of reported lower bounds is not a test of true-horizon superiority
toy,c31_rotation_2d,,COEFFICIENT_INT8_FP32,v1-unchanged-finite-nonstochastic,16,1719,107.4375,16,1463,512,256,512,256,1606.634765625,0.494140625,0,,False,,,,,,,,TEST descriptive best feasible baseline; not DEV-selected and not a statistical superiority test,comparison of reported lower bounds is not a test of true-horizon superiority
toy,c31_rotation_2d,,COEFFICIENT_INT8_FP32,v1-unchanged-finite-nonstochastic,128,3511,27.4296875,16,1463,512,256,512,256,1606.634765625,0.494140625,0,,False,,,,,,,,TEST descriptive best feasible baseline; not DEV-selected and not a statistical superiority test,comparison of reported lower bounds is not a test of true-horizon superiority
toy,s4_rotated,,NATIVE_FP32,v1-unchanged-finite-nonstochastic,1,4489,4489.0,24,4465,2048,2048,>=2048,>=2048,2048.0,0.0,1,NATIVE_FP32,True,NATIVE_FP32,2048,NATIVE_FP32,2048,NATIVE_FP32,2048.0,0.0,TEST descriptive best feasible baseline; not DEV-selected and not a statistical superiority test,comparison of reported lower bounds is not a test of true-horizon superiority
toy,s4_rotated,,NATIVE_FP32,v1-unchanged-finite-nonstochastic,16,4849,303.0625,24,4465,2048,2048,>=2048,>=2048,2048.0,0.0,1,NATIVE_FP32,True,NATIVE_FP32,2048,NATIVE_FP32,2048,NATIVE_FP32,2048.0,0.0,TEST descriptive best feasible baseline; not DEV-selected and not a statistical superiority test,comparison of reported lower bounds is not a test of true-horizon superiority
toy,s4_rotated,,NATIVE_FP32,v1-unchanged-finite-nonstochastic,128,7537,58.8828125,24,4465,2048,2048,>=2048,>=2048,2048.0,0.0,18,MIXED_4_8;MIXED_6_8;NATIVE_FP32;UNIFORM_10;UNIFORM_11;UNIFORM_12;UNIFORM_13;UNIFORM_14;UNIFORM_15;UNIFORM_16;UNIFORM_2;UNIFORM_3;UNIFORM_4;UNIFORM_5;UNIFORM_6;UNIFORM_7;UNIFORM_8;UNIFORM_9,True,UNIFORM_8,2048,UNIFORM_8,2048,UNIFORM_8,2048.0,0.0,TEST descriptive best feasible baseline; not DEV-selected and not a statistical superiority test,comparison of reported lower bounds is not a test of true-horizon superiority
toy,s4_rotated,,NATIVE_FP64,v1-unchanged-finite-nonstochastic,1,4505,4505.0,40,4465,2048,2048,>=2048,>=2048,2048.0,0.0,2,NATIVE_FP32;NATIVE_FP64,True,NATIVE_FP32,2048,NATIVE_FP32,2048,NATIVE_FP32,2048.0,0.0,TEST descriptive best feasible baseline; not DEV-selected and not a statistical superiority test,comparison of reported lower bounds is not a test of true-horizon superiority
toy,s4_rotated,,NATIVE_FP64,v1-unchanged-finite-nonstochastic,16,5105,319.0625,40,4465,2048,2048,>=2048,>=2048,2048.0,0.0,19,MIXED_4_8;MIXED_6_8;NATIVE_FP32;NATIVE_FP64;UNIFORM_10;UNIFORM_11;UNIFORM_12;UNIFORM_13;UNIFORM_14;UNIFORM_15;UNIFORM_16;UNIFORM_2;UNIFORM_3;UNIFORM_4;UNIFORM_5;UNIFORM_6;UNIFORM_7;UNIFORM_8;UNIFORM_9,True,NATIVE_FP32,2048,NATIVE_FP32,2048,NATIVE_FP32,2048.0,0.0,TEST descriptive best feasible baseline; not DEV-selected and not a statistical superiority test,comparison of reported lower bounds is not a test of true-horizon superiority
toy,s4_rotated,,NATIVE_FP64,v1-unchanged-finite-nonstochastic,128,9585,74.8828125,40,4465,2048,2048,>=2048,>=2048,2048.0,0.0,20,MIXED_4_8;MIXED_6_8;NATIVE_FP32;NATIVE_FP64;STOCHASTIC_4;UNIFORM_10;UNIFORM_11;UNIFORM_12;UNIFORM_13;UNIFORM_14;UNIFORM_15;UNIFORM_16;UNIFORM_2;UNIFORM_3;UNIFORM_4;UNIFORM_5;UNIFORM_6;UNIFORM_7;UNIFORM_8;UNIFORM_9,True,UNIFORM_8,2048,UNIFORM_8,2048,UNIFORM_8,2048.0,0.0,TEST descriptive best feasible baseline; not DEV-selected and not a statistical superiority test,comparison of reported lower bounds is not a test of true-horizon superiority
toy,s4_rotated,,UNIFORM_2,v1b-row-local-numerical-failure,1,4694,4694.0,13,4681,,,no qualifying grid horizon (<32),no qualifying grid horizon (<32),0.201171875,1.0,3,NATIVE_FP32;NATIVE_FP64;UNIFORM_2,True,NATIVE_FP32,2048,NATIVE_FP32,2048,NATIVE_FP32,2048.0,-2047.798828125,TEST descriptive best feasible baseline; not DEV-selected and not a statistical superiority test,comparison of reported lower bounds is not a test of true-horizon superiority
toy,s4_rotated,,UNIFORM_2,v1b-row-local-numerical-failure,16,4889,305.5625,13,4681,,,no qualifying grid horizon (<32),no qualifying grid horizon (<32),0.201171875,1.0,2,NATIVE_FP32;UNIFORM_2,True,NATIVE_FP32,2048,NATIVE_FP32,2048,NATIVE_FP32,2048.0,-2047.798828125,TEST descriptive best feasible baseline; not DEV-selected and not a statistical superiority test,comparison of reported lower bounds is not a test of true-horizon superiority
toy,s4_rotated,,UNIFORM_2,v1b-row-local-numerical-failure,128,6345,49.5703125,13,4681,,,no qualifying grid horizon (<32),no qualifying grid horizon (<32),0.201171875,1.0,1,UNIFORM_2,False,UNIFORM_2,,UNIFORM_2,,UNIFORM_2,0.201171875,0.0,TEST descriptive best feasible baseline; not DEV-selected and not a statistical superiority test,comparison of reported lower bounds is not a test of true-horizon superiority
toy,s4_rotated,,UNIFORM_3,v1-unchanged-finite-nonstochastic,1,4695,4695.0,14,4681,,,no qualifying grid horizon (<32),no qualifying grid horizon (<32),15.87890625,1.0,5,NATIVE_FP32;NATIVE_FP64;UNIFORM_2;UNIFORM_3;UNIFORM_4,True,NATIVE_FP32,2048,NATIVE_FP32,2048,NATIVE_FP32,2048.0,-2032.12109375,TEST descriptive best feasible baseline; not DEV-selected and not a statistical superiority test,comparison of reported lower bounds is not a test of true-horizon superiority
toy,s4_rotated,,UNIFORM_3,v1-unchanged-finite-nonstochastic,16,4905,306.5625,14,4681,,,no qualifying grid horizon (<32),no qualifying grid horizon (<32),15.87890625,1.0,4,NATIVE_FP32;UNIFORM_2;UNIFORM_3;UNIFORM_4,True,NATIVE_FP32,2048,NATIVE_FP32,2048,NATIVE_FP32,2048.0,-2032.12109375,TEST descriptive best feasible baseline; not DEV-selected and not a statistical superiority test,comparison of reported lower bounds is not a test of true-horizon superiority
toy,s4_rotated,,UNIFORM_3,v1-unchanged-finite-nonstochastic,128,6473,50.5703125,14,4681,,,no qualifying grid horizon (<32),no qualifying grid horizon (<32),15.87890625,1.0,3,UNIFORM_2;UNIFORM_3;UNIFORM_4,False,UNIFORM_4,,UNIFORM_4,,UNIFORM_4,67.8828125,-52.00390625,TEST descriptive best feasible baseline; not DEV-selected and not a statistical superiority test,comparison of reported lower bounds is not a test of true-horizon superiority
toy,s4_rotated,,UNIFORM_4,v1-unchanged-finite-nonstochastic,1,4695,4695.0,14,4681,,,no qualifying grid horizon (<32),no qualifying grid horizon (<32),67.8828125,1.0,5,NATIVE_FP32;NATIVE_FP64;UNIFORM_2;UNIFORM_3;UNIFORM_4,True,NATIVE_FP32,2048,NATIVE_FP32,2048,NATIVE_FP32,2048.0,-1980.1171875,TEST descriptive best feasible baseline; not DEV-selected and not a statistical superiority test,comparison of reported lower bounds is not a test of true-horizon superiority
toy,s4_rotated,,UNIFORM_4,v1-unchanged-finite-nonstochastic,16,4905,306.5625,14,4681,,,no qualifying grid horizon (<32),no qualifying grid horizon (<32),67.8828125,1.0,4,NATIVE_FP32;UNIFORM_2;UNIFORM_3;UNIFORM_4,True,NATIVE_FP32,2048,NATIVE_FP32,2048,NATIVE_FP32,2048.0,-1980.1171875,TEST descriptive best feasible baseline; not DEV-selected and not a statistical superiority test,comparison of reported lower bounds is not a test of true-horizon superiority
toy,s4_rotated,,UNIFORM_4,v1-unchanged-finite-nonstochastic,128,6473,50.5703125,14,4681,,,no qualifying grid horizon (<32),no qualifying grid horizon (<32),67.8828125,1.0,3,UNIFORM_2;UNIFORM_3;UNIFORM_4,False,UNIFORM_4,,UNIFORM_4,,UNIFORM_4,67.8828125,0.0,TEST descriptive best feasible baseline; not DEV-selected and not a statistical superiority test,comparison of reported lower bounds is not a test of true-horizon superiority
toy,s4_rotated,,UNIFORM_5,v1-unchanged-finite-nonstochastic,1,4696,4696.0,15,4681,64,32,64,32,380.08203125,0.998046875,7,NATIVE_FP32;NATIVE_FP64;UNIFORM_2;UNIFORM_3;UNIFORM_4;UNIFORM_5;UNIFORM_6,True,NATIVE_FP32,2048,NATIVE_FP32,2048,NATIVE_FP32,2048.0,-1667.91796875,TEST descriptive best feasible baseline; not DEV-selected and not a statistical superiority test,comparison of reported lower bounds is not a test of true-horizon superiority
toy,s4_rotated,,UNIFORM_5,v1-unchanged-finite-nonstochastic,16,4921,307.5625,15,4681,64,32,64,32,380.08203125,0.998046875,6,NATIVE_FP32;UNIFORM_2;UNIFORM_3;UNIFORM_4;UNIFORM_5;UNIFORM_6,True,NATIVE_FP32,2048,NATIVE_FP32,2048,NATIVE_FP32,2048.0,-1667.91796875,TEST descriptive best feasible baseline; not DEV-selected and not a statistical superiority test,comparison of reported lower bounds is not a test of true-horizon superiority
toy,s4_rotated,,UNIFORM_5,v1-unchanged-finite-nonstochastic,128,6601,51.5703125,15,4681,64,32,64,32,380.08203125,0.998046875,5,UNIFORM_2;UNIFORM_3;UNIFORM_4;UNIFORM_5;UNIFORM_6,False,UNIFORM_6,128,UNIFORM_6,256,UNIFORM_6,1286.77734375,-906.6953125,TEST descriptive best feasible baseline; not DEV-selected and not a statistical superiority test,comparison of reported lower bounds is not a test of true-horizon superiority
toy,s4_rotated,,UNIFORM_6,v1-unchanged-finite-nonstochastic,1,4696,4696.0,15,4681,256,128,256,128,1286.77734375,0.759765625,7,NATIVE_FP32;NATIVE_FP64;UNIFORM_2;UNIFORM_3;UNIFORM_4;UNIFORM_5;UNIFORM_6,True,NATIVE_FP32,2048,NATIVE_FP32,2048,NATIVE_FP32,2048.0,-761.22265625,TEST descriptive best feasible baseline; not DEV-selected and not a statistical superiority test,comparison of reported lower bounds is not a test of true-horizon superiority
toy,s4_rotated,,UNIFORM_6,v1-unchanged-finite-nonstochastic,16,4921,307.5625,15,4681,256,128,256,128,1286.77734375,0.759765625,6,NATIVE_FP32;UNIFORM_2;UNIFORM_3;UNIFORM_4;UNIFORM_5;UNIFORM_6,True,NATIVE_FP32,2048,NATIVE_FP32,2048,NATIVE_FP32,2048.0,-761.22265625,TEST descriptive best feasible baseline; not DEV-selected and not a statistical superiority test,comparison of reported lower bounds is not a test of true-horizon superiority
toy,s4_rotated,,UNIFORM_6,v1-unchanged-finite-nonstochastic,128,6601,51.5703125,15,4681,256,128,256,128,1286.77734375,0.759765625,5,UNIFORM_2;UNIFORM_3;UNIFORM_4;UNIFORM_5;UNIFORM_6,False,UNIFORM_6,128,UNIFORM_6,256,UNIFORM_6,1286.77734375,0.0,TEST descriptive best feasible baseline; not DEV-selected and not a statistical superiority test,comparison of reported lower bounds is not a test of true-horizon superiority
toy,s4_rotated,,UNIFORM_7,v1-unchanged-finite-nonstochastic,1,4697,4697.0,16,4681,1024,512,1024,512,1968.16796875,0.130859375,9,NATIVE_FP32;NATIVE_FP64;UNIFORM_2;UNIFORM_3;UNIFORM_4;UNIFORM_5;UNIFORM_6;UNIFORM_7;UNIFORM_8,True,NATIVE_FP32,2048,NATIVE_FP32,2048,NATIVE_FP32,2048.0,-79.83203125,TEST descriptive best feasible baseline; not DEV-selected and not a statistical superiority test,comparison of reported lower bounds is not a test of true-horizon superiority
toy,s4_rotated,,UNIFORM_7,v1-unchanged-finite-nonstochastic,16,4937,308.5625,16,4681,1024,512,1024,512,1968.16796875,0.130859375,9,MIXED_4_8;NATIVE_FP32;UNIFORM_2;UNIFORM_3;UNIFORM_4;UNIFORM_5;UNIFORM_6;UNIFORM_7;UNIFORM_8,True,NATIVE_FP32,2048,NATIVE_FP32,2048,NATIVE_FP32,2048.0,-79.83203125,TEST descriptive best feasible baseline; not DEV-selected and not a statistical superiority test,comparison of reported lower bounds is not a test of true-horizon superiority
toy,s4_rotated,,UNIFORM_7,v1-unchanged-finite-nonstochastic,128,6729,52.5703125,16,4681,1024,512,1024,512,1968.16796875,0.130859375,8,MIXED_4_8;UNIFORM_2;UNIFORM_3;UNIFORM_4;UNIFORM_5;UNIFORM_6;UNIFORM_7;UNIFORM_8,False,UNIFORM_8,2048,UNIFORM_8,2048,UNIFORM_8,2048.0,-79.83203125,TEST descriptive best feasible baseline; not DEV-selected and not a statistical superiority test,comparison of reported lower bounds is not a test of true-horizon superiority
toy,s4_rotated,,UNIFORM_8,v1-unchanged-finite-nonstochastic,1,4697,4697.0,16,4681,2048,2048,>=2048,>=2048,2048.0,0.0,9,NATIVE_FP32;NATIVE_FP64;UNIFORM_2;UNIFORM_3;UNIFORM_4;UNIFORM_5;UNIFORM_6;UNIFORM_7;UNIFORM_8,True,NATIVE_FP32,2048,NATIVE_FP32,2048,NATIVE_FP32,2048.0,0.0,TEST descriptive best feasible baseline; not DEV-selected and not a statistical superiority test,comparison of reported lower bounds is not a test of true-horizon superiority
toy,s4_rotated,,UNIFORM_8,v1-unchanged-finite-nonstochastic,16,4937,308.5625,16,4681,2048,2048,>=2048,>=2048,2048.0,0.0,9,MIXED_4_8;NATIVE_FP32;UNIFORM_2;UNIFORM_3;UNIFORM_4;UNIFORM_5;UNIFORM_6;UNIFORM_7;UNIFORM_8,True,NATIVE_FP32,2048,NATIVE_FP32,2048,NATIVE_FP32,2048.0,0.0,TEST descriptive best feasible baseline; not DEV-selected and not a statistical superiority test,comparison of reported lower bounds is not a test of true-horizon superiority
toy,s4_rotated,,UNIFORM_8,v1-unchanged-finite-nonstochastic,128,6729,52.5703125,16,4681,2048,2048,>=2048,>=2048,2048.0,0.0,8,MIXED_4_8;UNIFORM_2;UNIFORM_3;UNIFORM_4;UNIFORM_5;UNIFORM_6;UNIFORM_7;UNIFORM_8,False,UNIFORM_8,2048,UNIFORM_8,2048,UNIFORM_8,2048.0,0.0,TEST descriptive best feasible baseline; not DEV-selected and not a statistical superiority test,comparison of reported lower bounds is not a test of true-horizon superiority
toy,s4_rotated,,UNIFORM_9,v1-unchanged-finite-nonstochastic,1,4698,4698.0,17,4681,2048,2048,>=2048,>=2048,2048.0,0.0,10,NATIVE_FP32;NATIVE_FP64;UNIFORM_2;UNIFORM_3;UNIFORM_4;UNIFORM_5;UNIFORM_6;UNIFORM_7;UNIFORM_8;UNIFORM_9,True,NATIVE_FP32,2048,NATIVE_FP32,2048,NATIVE_FP32,2048.0,0.0,TEST descriptive best feasible baseline; not DEV-selected and not a statistical superiority test,comparison of reported lower bounds is not a test of true-horizon superiority
toy,s4_rotated,,UNIFORM_9,v1-unchanged-finite-nonstochastic,16,4953,309.5625,17,4681,2048,2048,>=2048,>=2048,2048.0,0.0,11,MIXED_4_8;MIXED_6_8;NATIVE_FP32;UNIFORM_2;UNIFORM_3;UNIFORM_4;UNIFORM_5;UNIFORM_6;UNIFORM_7;UNIFORM_8;UNIFORM_9,True,NATIVE_FP32,2048,NATIVE_FP32,2048,NATIVE_FP32,2048.0,0.0,TEST descriptive best feasible baseline; not DEV-selected and not a statistical superiority test,comparison of reported lower bounds is not a test of true-horizon superiority
toy,s4_rotated,,UNIFORM_9,v1-unchanged-finite-nonstochastic,128,6857,53.5703125,17,4681,2048,2048,>=2048,>=2048,2048.0,0.0,10,MIXED_4_8;MIXED_6_8;UNIFORM_2;UNIFORM_3;UNIFORM_4;UNIFORM_5;UNIFORM_6;UNIFORM_7;UNIFORM_8;UNIFORM_9,False,UNIFORM_8,2048,UNIFORM_8,2048,UNIFORM_8,2048.0,0.0,TEST descriptive best feasible baseline; not DEV-selected and not a statistical superiority test,comparison of reported lower bounds is not a test of true-horizon superiority
toy,s4_rotated,,UNIFORM_10,v1-unchanged-finite-nonstochastic,1,4699,4699.0,17,4682,2048,2048,>=2048,>=2048,2048.0,0.0,11,NATIVE_FP32;NATIVE_FP64;UNIFORM_10;UNIFORM_2;UNIFORM_3;UNIFORM_4;UNIFORM_5;UNIFORM_6;UNIFORM_7;UNIFORM_8;UNIFORM_9,True,NATIVE_FP32,2048,NATIVE_FP32,2048,NATIVE_FP32,2048.0,0.0,TEST descriptive best feasible baseline; not DEV-selected and not a statistical superiority test,comparison of reported lower bounds is not a test of true-horizon superiority
toy,s4_rotated,,UNIFORM_10,v1-unchanged-finite-nonstochastic,16,4954,309.625,17,4682,2048,2048,>=2048,>=2048,2048.0,0.0,12,MIXED_4_8;MIXED_6_8;NATIVE_FP32;UNIFORM_10;UNIFORM_2;UNIFORM_3;UNIFORM_4;UNIFORM_5;UNIFORM_6;UNIFORM_7;UNIFORM_8;UNIFORM_9,True,NATIVE_FP32,2048,NATIVE_FP32,2048,NATIVE_FP32,2048.0,0.0,TEST descriptive best feasible baseline; not DEV-selected and not a statistical superiority test,comparison of reported lower bounds is not a test of true-horizon superiority
toy,s4_rotated,,UNIFORM_10,v1-unchanged-finite-nonstochastic,128,6858,53.578125,17,4682,2048,2048,>=2048,>=2048,2048.0,0.0,11,MIXED_4_8;MIXED_6_8;UNIFORM_10;UNIFORM_2;UNIFORM_3;UNIFORM_4;UNIFORM_5;UNIFORM_6;UNIFORM_7;UNIFORM_8;UNIFORM_9,False,UNIFORM_8,2048,UNIFORM_8,2048,UNIFORM_8,2048.0,0.0,TEST descriptive best feasible baseline; not DEV-selected and not a statistical superiority test,comparison of reported lower bounds is not a test of true-horizon superiority
toy,s4_rotated,,UNIFORM_11,v1-unchanged-finite-nonstochastic,1,4700,4700.0,18,4682,2048,2048,>=2048,>=2048,2048.0,0.0,13,NATIVE_FP32;NATIVE_FP64;UNIFORM_10;UNIFORM_11;UNIFORM_12;UNIFORM_2;UNIFORM_3;UNIFORM_4;UNIFORM_5;UNIFORM_6;UNIFORM_7;UNIFORM_8;UNIFORM_9,True,NATIVE_FP32,2048,NATIVE_FP32,2048,NATIVE_FP32,2048.0,0.0,TEST descriptive best feasible baseline; not DEV-selected and not a statistical superiority test,comparison of reported lower bounds is not a test of true-horizon superiority
toy,s4_rotated,,UNIFORM_11,v1-unchanged-finite-nonstochastic,16,4970,310.625,18,4682,2048,2048,>=2048,>=2048,2048.0,0.0,14,MIXED_4_8;MIXED_6_8;NATIVE_FP32;UNIFORM_10;UNIFORM_11;UNIFORM_12;UNIFORM_2;UNIFORM_3;UNIFORM_4;UNIFORM_5;UNIFORM_6;UNIFORM_7;UNIFORM_8;UNIFORM_9,True,NATIVE_FP32,2048,NATIVE_FP32,2048,NATIVE_FP32,2048.0,0.0,TEST descriptive best feasible baseline; not DEV-selected and not a statistical superiority test,comparison of reported lower bounds is not a test of true-horizon superiority
toy,s4_rotated,,UNIFORM_11,v1-unchanged-finite-nonstochastic,128,6986,54.578125,18,4682,2048,2048,>=2048,>=2048,2048.0,0.0,13,MIXED_4_8;MIXED_6_8;UNIFORM_10;UNIFORM_11;UNIFORM_12;UNIFORM_2;UNIFORM_3;UNIFORM_4;UNIFORM_5;UNIFORM_6;UNIFORM_7;UNIFORM_8;UNIFORM_9,False,UNIFORM_8,2048,UNIFORM_8,2048,UNIFORM_8,2048.0,0.0,TEST descriptive best feasible baseline; not DEV-selected and not a statistical superiority test,comparison of reported lower bounds is not a test of true-horizon superiority
toy,s4_rotated,,UNIFORM_12,v1-unchanged-finite-nonstochastic,1,4700,4700.0,18,4682,2048,2048,>=2048,>=2048,2048.0,0.0,13,NATIVE_FP32;NATIVE_FP64;UNIFORM_10;UNIFORM_11;UNIFORM_12;UNIFORM_2;UNIFORM_3;UNIFORM_4;UNIFORM_5;UNIFORM_6;UNIFORM_7;UNIFORM_8;UNIFORM_9,True,NATIVE_FP32,2048,NATIVE_FP32,2048,NATIVE_FP32,2048.0,0.0,TEST descriptive best feasible baseline; not DEV-selected and not a statistical superiority test,comparison of reported lower bounds is not a test of true-horizon superiority
toy,s4_rotated,,UNIFORM_12,v1-unchanged-finite-nonstochastic,16,4970,310.625,18,4682,2048,2048,>=2048,>=2048,2048.0,0.0,14,MIXED_4_8;MIXED_6_8;NATIVE_FP32;UNIFORM_10;UNIFORM_11;UNIFORM_12;UNIFORM_2;UNIFORM_3;UNIFORM_4;UNIFORM_5;UNIFORM_6;UNIFORM_7;UNIFORM_8;UNIFORM_9,True,NATIVE_FP32,2048,NATIVE_FP32,2048,NATIVE_FP32,2048.0,0.0,TEST descriptive best feasible baseline; not DEV-selected and not a statistical superiority test,comparison of reported lower bounds is not a test of true-horizon superiority
toy,s4_rotated,,UNIFORM_12,v1-unchanged-finite-nonstochastic,128,6986,54.578125,18,4682,2048,2048,>=2048,>=2048,2048.0,0.0,13,MIXED_4_8;MIXED_6_8;UNIFORM_10;UNIFORM_11;UNIFORM_12;UNIFORM_2;UNIFORM_3;UNIFORM_4;UNIFORM_5;UNIFORM_6;UNIFORM_7;UNIFORM_8;UNIFORM_9,False,UNIFORM_8,2048,UNIFORM_8,2048,UNIFORM_8,2048.0,0.0,TEST descriptive best feasible baseline; not DEV-selected and not a statistical superiority test,comparison of reported lower bounds is not a test of true-horizon superiority
toy,s4_rotated,,UNIFORM_13,v1-unchanged-finite-nonstochastic,1,4701,4701.0,19,4682,2048,2048,>=2048,>=2048,2048.0,0.0,15,NATIVE_FP32;NATIVE_FP64;UNIFORM_10;UNIFORM_11;UNIFORM_12;UNIFORM_13;UNIFORM_14;UNIFORM_2;UNIFORM_3;UNIFORM_4;UNIFORM_5;UNIFORM_6;UNIFORM_7;UNIFORM_8;UNIFORM_9,True,NATIVE_FP32,2048,NATIVE_FP32,2048,NATIVE_FP32,2048.0,0.0,TEST descriptive best feasible baseline; not DEV-selected and not a statistical superiority test,comparison of reported lower bounds is not a test of true-horizon superiority
toy,s4_rotated,,UNIFORM_13,v1-unchanged-finite-nonstochastic,16,4986,311.625,19,4682,2048,2048,>=2048,>=2048,2048.0,0.0,16,MIXED_4_8;MIXED_6_8;NATIVE_FP32;UNIFORM_10;UNIFORM_11;UNIFORM_12;UNIFORM_13;UNIFORM_14;UNIFORM_2;UNIFORM_3;UNIFORM_4;UNIFORM_5;UNIFORM_6;UNIFORM_7;UNIFORM_8;UNIFORM_9,True,NATIVE_FP32,2048,NATIVE_FP32,2048,NATIVE_FP32,2048.0,0.0,TEST descriptive best feasible baseline; not DEV-selected and not a statistical superiority test,comparison of reported lower bounds is not a test of true-horizon superiority
toy,s4_rotated,,UNIFORM_13,v1-unchanged-finite-nonstochastic,128,7114,55.578125,19,4682,2048,2048,>=2048,>=2048,2048.0,0.0,15,MIXED_4_8;MIXED_6_8;UNIFORM_10;UNIFORM_11;UNIFORM_12;UNIFORM_13;UNIFORM_14;UNIFORM_2;UNIFORM_3;UNIFORM_4;UNIFORM_5;UNIFORM_6;UNIFORM_7;UNIFORM_8;UNIFORM_9,False,UNIFORM_8,2048,UNIFORM_8,2048,UNIFORM_8,2048.0,0.0,TEST descriptive best feasible baseline; not DEV-selected and not a statistical superiority test,comparison of reported lower bounds is not a test of true-horizon superiority
toy,s4_rotated,,UNIFORM_14,v1-unchanged-finite-nonstochastic,1,4701,4701.0,19,4682,2048,2048,>=2048,>=2048,2048.0,0.0,15,NATIVE_FP32;NATIVE_FP64;UNIFORM_10;UNIFORM_11;UNIFORM_12;UNIFORM_13;UNIFORM_14;UNIFORM_2;UNIFORM_3;UNIFORM_4;UNIFORM_5;UNIFORM_6;UNIFORM_7;UNIFORM_8;UNIFORM_9,True,NATIVE_FP32,2048,NATIVE_FP32,2048,NATIVE_FP32,2048.0,0.0,TEST descriptive best feasible baseline; not DEV-selected and not a statistical superiority test,comparison of reported lower bounds is not a test of true-horizon superiority
toy,s4_rotated,,UNIFORM_14,v1-unchanged-finite-nonstochastic,16,4986,311.625,19,4682,2048,2048,>=2048,>=2048,2048.0,0.0,16,MIXED_4_8;MIXED_6_8;NATIVE_FP32;UNIFORM_10;UNIFORM_11;UNIFORM_12;UNIFORM_13;UNIFORM_14;UNIFORM_2;UNIFORM_3;UNIFORM_4;UNIFORM_5;UNIFORM_6;UNIFORM_7;UNIFORM_8;UNIFORM_9,True,NATIVE_FP32,2048,NATIVE_FP32,2048,NATIVE_FP32,2048.0,0.0,TEST descriptive best feasible baseline; not DEV-selected and not a statistical superiority test,comparison of reported lower bounds is not a test of true-horizon superiority
toy,s4_rotated,,UNIFORM_14,v1-unchanged-finite-nonstochastic,128,7114,55.578125,19,4682,2048,2048,>=2048,>=2048,2048.0,0.0,15,MIXED_4_8;MIXED_6_8;UNIFORM_10;UNIFORM_11;UNIFORM_12;UNIFORM_13;UNIFORM_14;UNIFORM_2;UNIFORM_3;UNIFORM_4;UNIFORM_5;UNIFORM_6;UNIFORM_7;UNIFORM_8;UNIFORM_9,False,UNIFORM_8,2048,UNIFORM_8,2048,UNIFORM_8,2048.0,0.0,TEST descriptive best feasible baseline; not DEV-selected and not a statistical superiority test,comparison of reported lower bounds is not a test of true-horizon superiority
toy,s4_rotated,,UNIFORM_15,v1-unchanged-finite-nonstochastic,1,4702,4702.0,20,4682,2048,2048,>=2048,>=2048,2048.0,0.0,17,NATIVE_FP32;NATIVE_FP64;UNIFORM_10;UNIFORM_11;UNIFORM_12;UNIFORM_13;UNIFORM_14;UNIFORM_15;UNIFORM_16;UNIFORM_2;UNIFORM_3;UNIFORM_4;UNIFORM_5;UNIFORM_6;UNIFORM_7;UNIFORM_8;UNIFORM_9,True,NATIVE_FP32,2048,NATIVE_FP32,2048,NATIVE_FP32,2048.0,0.0,TEST descriptive best feasible baseline; not DEV-selected and not a statistical superiority test,comparison of reported lower bounds is not a test of true-horizon superiority
toy,s4_rotated,,UNIFORM_15,v1-unchanged-finite-nonstochastic,16,5002,312.625,20,4682,2048,2048,>=2048,>=2048,2048.0,0.0,18,MIXED_4_8;MIXED_6_8;NATIVE_FP32;UNIFORM_10;UNIFORM_11;UNIFORM_12;UNIFORM_13;UNIFORM_14;UNIFORM_15;UNIFORM_16;UNIFORM_2;UNIFORM_3;UNIFORM_4;UNIFORM_5;UNIFORM_6;UNIFORM_7;UNIFORM_8;UNIFORM_9,True,NATIVE_FP32,2048,NATIVE_FP32,2048,NATIVE_FP32,2048.0,0.0,TEST descriptive best feasible baseline; not DEV-selected and not a statistical superiority test,comparison of reported lower bounds is not a test of true-horizon superiority
toy,s4_rotated,,UNIFORM_15,v1-unchanged-finite-nonstochastic,128,7242,56.578125,20,4682,2048,2048,>=2048,>=2048,2048.0,0.0,17,MIXED_4_8;MIXED_6_8;UNIFORM_10;UNIFORM_11;UNIFORM_12;UNIFORM_13;UNIFORM_14;UNIFORM_15;UNIFORM_16;UNIFORM_2;UNIFORM_3;UNIFORM_4;UNIFORM_5;UNIFORM_6;UNIFORM_7;UNIFORM_8;UNIFORM_9,False,UNIFORM_8,2048,UNIFORM_8,2048,UNIFORM_8,2048.0,0.0,TEST descriptive best feasible baseline; not DEV-selected and not a statistical superiority test,comparison of reported lower bounds is not a test of true-horizon superiority
toy,s4_rotated,,UNIFORM_16,v1-unchanged-finite-nonstochastic,1,4702,4702.0,20,4682,2048,2048,>=2048,>=2048,2048.0,0.0,17,NATIVE_FP32;NATIVE_FP64;UNIFORM_10;UNIFORM_11;UNIFORM_12;UNIFORM_13;UNIFORM_14;UNIFORM_15;UNIFORM_16;UNIFORM_2;UNIFORM_3;UNIFORM_4;UNIFORM_5;UNIFORM_6;UNIFORM_7;UNIFORM_8;UNIFORM_9,True,NATIVE_FP32,2048,NATIVE_FP32,2048,NATIVE_FP32,2048.0,0.0,TEST descriptive best feasible baseline; not DEV-selected and not a statistical superiority test,comparison of reported lower bounds is not a test of true-horizon superiority
toy,s4_rotated,,UNIFORM_16,v1-unchanged-finite-nonstochastic,16,5002,312.625,20,4682,2048,2048,>=2048,>=2048,2048.0,0.0,18,MIXED_4_8;MIXED_6_8;NATIVE_FP32;UNIFORM_10;UNIFORM_11;UNIFORM_12;UNIFORM_13;UNIFORM_14;UNIFORM_15;UNIFORM_16;UNIFORM_2;UNIFORM_3;UNIFORM_4;UNIFORM_5;UNIFORM_6;UNIFORM_7;UNIFORM_8;UNIFORM_9,True,NATIVE_FP32,2048,NATIVE_FP32,2048,NATIVE_FP32,2048.0,0.0,TEST descriptive best feasible baseline; not DEV-selected and not a statistical superiority test,comparison of reported lower bounds is not a test of true-horizon superiority
toy,s4_rotated,,UNIFORM_16,v1-unchanged-finite-nonstochastic,128,7242,56.578125,20,4682,2048,2048,>=2048,>=2048,2048.0,0.0,17,MIXED_4_8;MIXED_6_8;UNIFORM_10;UNIFORM_11;UNIFORM_12;UNIFORM_13;UNIFORM_14;UNIFORM_15;UNIFORM_16;UNIFORM_2;UNIFORM_3;UNIFORM_4;UNIFORM_5;UNIFORM_6;UNIFORM_7;UNIFORM_8;UNIFORM_9,False,UNIFORM_8,2048,UNIFORM_8,2048,UNIFORM_8,2048.0,0.0,TEST descriptive best feasible baseline; not DEV-selected and not a statistical superiority test,comparison of reported lower bounds is not a test of true-horizon superiority
toy,s4_rotated,,STOCHASTIC_4,v2-stochastic-seedkey,1,4763,4763.0,30,4733,,,no qualifying grid horizon (<32),no qualifying grid horizon (<32),37.986328125,1.0,20,MIXED_4_8;MIXED_6_8;NATIVE_FP32;NATIVE_FP64;STOCHASTIC_4;UNIFORM_10;UNIFORM_11;UNIFORM_12;UNIFORM_13;UNIFORM_14;UNIFORM_15;UNIFORM_16;UNIFORM_2;UNIFORM_3;UNIFORM_4;UNIFORM_5;UNIFORM_6;UNIFORM_7;UNIFORM_8;UNIFORM_9,True,NATIVE_FP32,2048,NATIVE_FP32,2048,NATIVE_FP32,2048.0,-2010.013671875,TEST descriptive best feasible baseline; not DEV-selected and not a statistical superiority test,comparison of reported lower bounds is not a test of true-horizon superiority
toy,s4_rotated,,STOCHASTIC_4,v2-stochastic-seedkey,16,5213,325.8125,30,4733,,,no qualifying grid horizon (<32),no qualifying grid horizon (<32),37.986328125,1.0,20,MIXED_4_8;MIXED_6_8;NATIVE_FP32;NATIVE_FP64;STOCHASTIC_4;UNIFORM_10;UNIFORM_11;UNIFORM_12;UNIFORM_13;UNIFORM_14;UNIFORM_15;UNIFORM_16;UNIFORM_2;UNIFORM_3;UNIFORM_4;UNIFORM_5;UNIFORM_6;UNIFORM_7;UNIFORM_8;UNIFORM_9,True,NATIVE_FP32,2048,NATIVE_FP32,2048,NATIVE_FP32,2048.0,-2010.013671875,TEST descriptive best feasible baseline; not DEV-selected and not a statistical superiority test,comparison of reported lower bounds is not a test of true-horizon superiority
toy,s4_rotated,,STOCHASTIC_4,v2-stochastic-seedkey,128,8573,66.9765625,30,4733,,,no qualifying grid horizon (<32),no qualifying grid horizon (<32),37.986328125,1.0,19,MIXED_4_8;MIXED_6_8;NATIVE_FP32;STOCHASTIC_4;UNIFORM_10;UNIFORM_11;UNIFORM_12;UNIFORM_13;UNIFORM_14;UNIFORM_15;UNIFORM_16;UNIFORM_2;UNIFORM_3;UNIFORM_4;UNIFORM_5;UNIFORM_6;UNIFORM_7;UNIFORM_8;UNIFORM_9,True,UNIFORM_8,2048,UNIFORM_8,2048,UNIFORM_8,2048.0,-2010.013671875,TEST descriptive best feasible baseline; not DEV-selected and not a statistical superiority test,comparison of reported lower bounds is not a test of true-horizon superiority
toy,s4_rotated,,FULL_RESIDUAL_4_4,v1-unchanged-finite-nonstochastic,1,5006,5006.0,20,4986,2048,2048,>=2048,>=2048,2048.0,0.0,20,MIXED_4_8;MIXED_6_8;NATIVE_FP32;NATIVE_FP64;STOCHASTIC_4;UNIFORM_10;UNIFORM_11;UNIFORM_12;UNIFORM_13;UNIFORM_14;UNIFORM_15;UNIFORM_16;UNIFORM_2;UNIFORM_3;UNIFORM_4;UNIFORM_5;UNIFORM_6;UNIFORM_7;UNIFORM_8;UNIFORM_9,True,NATIVE_FP32,2048,NATIVE_FP32,2048,NATIVE_FP32,2048.0,0.0,TEST descriptive best feasible baseline; not DEV-selected and not a statistical superiority test,comparison of reported lower bounds is not a test of true-horizon superiority
toy,s4_rotated,,FULL_RESIDUAL_4_4,v1-unchanged-finite-nonstochastic,16,5306,331.625,20,4986,2048,2048,>=2048,>=2048,2048.0,0.0,20,MIXED_4_8;MIXED_6_8;NATIVE_FP32;NATIVE_FP64;STOCHASTIC_4;UNIFORM_10;UNIFORM_11;UNIFORM_12;UNIFORM_13;UNIFORM_14;UNIFORM_15;UNIFORM_16;UNIFORM_2;UNIFORM_3;UNIFORM_4;UNIFORM_5;UNIFORM_6;UNIFORM_7;UNIFORM_8;UNIFORM_9,True,NATIVE_FP32,2048,NATIVE_FP32,2048,NATIVE_FP32,2048.0,0.0,TEST descriptive best feasible baseline; not DEV-selected and not a statistical superiority test,comparison of reported lower bounds is not a test of true-horizon superiority
toy,s4_rotated,,FULL_RESIDUAL_4_4,v1-unchanged-finite-nonstochastic,128,7546,58.953125,20,4986,2048,2048,>=2048,>=2048,2048.0,0.0,18,MIXED_4_8;MIXED_6_8;NATIVE_FP32;UNIFORM_10;UNIFORM_11;UNIFORM_12;UNIFORM_13;UNIFORM_14;UNIFORM_15;UNIFORM_16;UNIFORM_2;UNIFORM_3;UNIFORM_4;UNIFORM_5;UNIFORM_6;UNIFORM_7;UNIFORM_8;UNIFORM_9,True,UNIFORM_8,2048,UNIFORM_8,2048,UNIFORM_8,2048.0,0.0,TEST descriptive best feasible baseline; not DEV-selected and not a statistical superiority test,comparison of reported lower bounds is not a test of true-horizon superiority
toy,s4_rotated,,FULL_RESIDUAL_4_FP32,v1-unchanged-finite-nonstochastic,1,4800,4800.0,30,4770,2048,2048,>=2048,>=2048,2048.0,0.0,20,MIXED_4_8;MIXED_6_8;NATIVE_FP32;NATIVE_FP64;STOCHASTIC_4;UNIFORM_10;UNIFORM_11;UNIFORM_12;UNIFORM_13;UNIFORM_14;UNIFORM_15;UNIFORM_16;UNIFORM_2;UNIFORM_3;UNIFORM_4;UNIFORM_5;UNIFORM_6;UNIFORM_7;UNIFORM_8;UNIFORM_9,True,NATIVE_FP32,2048,NATIVE_FP32,2048,NATIVE_FP32,2048.0,0.0,TEST descriptive best feasible baseline; not DEV-selected and not a statistical superiority test,comparison of reported lower bounds is not a test of true-horizon superiority
toy,s4_rotated,,FULL_RESIDUAL_4_FP32,v1-unchanged-finite-nonstochastic,16,5250,328.125,30,4770,2048,2048,>=2048,>=2048,2048.0,0.0,20,MIXED_4_8;MIXED_6_8;NATIVE_FP32;NATIVE_FP64;STOCHASTIC_4;UNIFORM_10;UNIFORM_11;UNIFORM_12;UNIFORM_13;UNIFORM_14;UNIFORM_15;UNIFORM_16;UNIFORM_2;UNIFORM_3;UNIFORM_4;UNIFORM_5;UNIFORM_6;UNIFORM_7;UNIFORM_8;UNIFORM_9,True,NATIVE_FP32,2048,NATIVE_FP32,2048,NATIVE_FP32,2048.0,0.0,TEST descriptive best feasible baseline; not DEV-selected and not a statistical superiority test,comparison of reported lower bounds is not a test of true-horizon superiority
toy,s4_rotated,,FULL_RESIDUAL_4_FP32,v1-unchanged-finite-nonstochastic,128,8610,67.265625,30,4770,2048,2048,>=2048,>=2048,2048.0,0.0,19,MIXED_4_8;MIXED_6_8;NATIVE_FP32;STOCHASTIC_4;UNIFORM_10;UNIFORM_11;UNIFORM_12;UNIFORM_13;UNIFORM_14;UNIFORM_15;UNIFORM_16;UNIFORM_2;UNIFORM_3;UNIFORM_4;UNIFORM_5;UNIFORM_6;UNIFORM_7;UNIFORM_8;UNIFORM_9,True,UNIFORM_8,2048,UNIFORM_8,2048,UNIFORM_8,2048.0,0.0,TEST descriptive best feasible baseline; not DEV-selected and not a statistical superiority test,comparison of reported lower bounds is not a test of true-horizon superiority
toy,s4_rotated,,LOWRANK_4_8,v1-unchanged-finite-nonstochastic,1,5042,5042.0,20,5022,,,no qualifying grid horizon (<32),no qualifying grid horizon (<32),145.57421875,1.0,20,MIXED_4_8;MIXED_6_8;NATIVE_FP32;NATIVE_FP64;STOCHASTIC_4;UNIFORM_10;UNIFORM_11;UNIFORM_12;UNIFORM_13;UNIFORM_14;UNIFORM_15;UNIFORM_16;UNIFORM_2;UNIFORM_3;UNIFORM_4;UNIFORM_5;UNIFORM_6;UNIFORM_7;UNIFORM_8;UNIFORM_9,True,NATIVE_FP32,2048,NATIVE_FP32,2048,NATIVE_FP32,2048.0,-1902.42578125,TEST descriptive best feasible baseline; not DEV-selected and not a statistical superiority test,comparison of reported lower bounds is not a test of true-horizon superiority
toy,s4_rotated,,LOWRANK_4_8,v1-unchanged-finite-nonstochastic,16,5342,333.875,20,5022,,,no qualifying grid horizon (<32),no qualifying grid horizon (<32),145.57421875,1.0,20,MIXED_4_8;MIXED_6_8;NATIVE_FP32;NATIVE_FP64;STOCHASTIC_4;UNIFORM_10;UNIFORM_11;UNIFORM_12;UNIFORM_13;UNIFORM_14;UNIFORM_15;UNIFORM_16;UNIFORM_2;UNIFORM_3;UNIFORM_4;UNIFORM_5;UNIFORM_6;UNIFORM_7;UNIFORM_8;UNIFORM_9,True,NATIVE_FP32,2048,NATIVE_FP32,2048,NATIVE_FP32,2048.0,-1902.42578125,TEST descriptive best feasible baseline; not DEV-selected and not a statistical superiority test,comparison of reported lower bounds is not a test of true-horizon superiority
toy,s4_rotated,,LOWRANK_4_8,v1-unchanged-finite-nonstochastic,128,7582,59.234375,20,5022,,,no qualifying grid horizon (<32),no qualifying grid horizon (<32),145.57421875,1.0,18,MIXED_4_8;MIXED_6_8;NATIVE_FP32;UNIFORM_10;UNIFORM_11;UNIFORM_12;UNIFORM_13;UNIFORM_14;UNIFORM_15;UNIFORM_16;UNIFORM_2;UNIFORM_3;UNIFORM_4;UNIFORM_5;UNIFORM_6;UNIFORM_7;UNIFORM_8;UNIFORM_9,True,UNIFORM_8,2048,UNIFORM_8,2048,UNIFORM_8,2048.0,-1902.42578125,TEST descriptive best feasible baseline; not DEV-selected and not a statistical superiority test,comparison of reported lower bounds is not a test of true-horizon superiority
toy,s4_rotated,,UNTRANSPORTED_4_4,v1-unchanged-finite-nonstochastic,1,5008,5008.0,20,4988,,,no qualifying grid horizon (<32),no qualifying grid horizon (<32),44.79296875,1.0,20,MIXED_4_8;MIXED_6_8;NATIVE_FP32;NATIVE_FP64;STOCHASTIC_4;UNIFORM_10;UNIFORM_11;UNIFORM_12;UNIFORM_13;UNIFORM_14;UNIFORM_15;UNIFORM_16;UNIFORM_2;UNIFORM_3;UNIFORM_4;UNIFORM_5;UNIFORM_6;UNIFORM_7;UNIFORM_8;UNIFORM_9,True,NATIVE_FP32,2048,NATIVE_FP32,2048,NATIVE_FP32,2048.0,-2003.20703125,TEST descriptive best feasible baseline; not DEV-selected and not a statistical superiority test,comparison of reported lower bounds is not a test of true-horizon superiority
toy,s4_rotated,,UNTRANSPORTED_4_4,v1-unchanged-finite-nonstochastic,16,5308,331.75,20,4988,,,no qualifying grid horizon (<32),no qualifying grid horizon (<32),44.79296875,1.0,20,MIXED_4_8;MIXED_6_8;NATIVE_FP32;NATIVE_FP64;STOCHASTIC_4;UNIFORM_10;UNIFORM_11;UNIFORM_12;UNIFORM_13;UNIFORM_14;UNIFORM_15;UNIFORM_16;UNIFORM_2;UNIFORM_3;UNIFORM_4;UNIFORM_5;UNIFORM_6;UNIFORM_7;UNIFORM_8;UNIFORM_9,True,NATIVE_FP32,2048,NATIVE_FP32,2048,NATIVE_FP32,2048.0,-2003.20703125,TEST descriptive best feasible baseline; not DEV-selected and not a statistical superiority test,comparison of reported lower bounds is not a test of true-horizon superiority
toy,s4_rotated,,UNTRANSPORTED_4_4,v1-unchanged-finite-nonstochastic,128,7548,58.96875,20,4988,,,no qualifying grid horizon (<32),no qualifying grid horizon (<32),44.79296875,1.0,18,MIXED_4_8;MIXED_6_8;NATIVE_FP32;UNIFORM_10;UNIFORM_11;UNIFORM_12;UNIFORM_13;UNIFORM_14;UNIFORM_15;UNIFORM_16;UNIFORM_2;UNIFORM_3;UNIFORM_4;UNIFORM_5;UNIFORM_6;UNIFORM_7;UNIFORM_8;UNIFORM_9,True,UNIFORM_8,2048,UNIFORM_8,2048,UNIFORM_8,2048.0,-2003.20703125,TEST descriptive best feasible baseline; not DEV-selected and not a statistical superiority test,comparison of reported lower bounds is not a test of true-horizon superiority
toy,s4_rotated,,MIXED_4_8,v1-unchanged-finite-nonstochastic,1,4703,4703.0,15,4688,,,no qualifying grid horizon (<32),no qualifying grid horizon (<32),93.0625,1.0,18,MIXED_4_8;NATIVE_FP32;NATIVE_FP64;UNIFORM_10;UNIFORM_11;UNIFORM_12;UNIFORM_13;UNIFORM_14;UNIFORM_15;UNIFORM_16;UNIFORM_2;UNIFORM_3;UNIFORM_4;UNIFORM_5;UNIFORM_6;UNIFORM_7;UNIFORM_8;UNIFORM_9,True,NATIVE_FP32,2048,NATIVE_FP32,2048,NATIVE_FP32,2048.0,-1954.9375,TEST descriptive best feasible baseline; not DEV-selected and not a statistical superiority test,comparison of reported lower bounds is not a test of true-horizon superiority
toy,s4_rotated,,MIXED_4_8,v1-unchanged-finite-nonstochastic,16,4928,308.0,15,4688,,,no qualifying grid horizon (<32),no qualifying grid horizon (<32),93.0625,1.0,7,MIXED_4_8;NATIVE_FP32;UNIFORM_2;UNIFORM_3;UNIFORM_4;UNIFORM_5;UNIFORM_6,True,NATIVE_FP32,2048,NATIVE_FP32,2048,NATIVE_FP32,2048.0,-1954.9375,TEST descriptive best feasible baseline; not DEV-selected and not a statistical superiority test,comparison of reported lower bounds is not a test of true-horizon superiority
toy,s4_rotated,,MIXED_4_8,v1-unchanged-finite-nonstochastic,128,6608,51.625,15,4688,,,no qualifying grid horizon (<32),no qualifying grid horizon (<32),93.0625,1.0,6,MIXED_4_8;UNIFORM_2;UNIFORM_3;UNIFORM_4;UNIFORM_5;UNIFORM_6,False,UNIFORM_6,128,UNIFORM_6,256,UNIFORM_6,1286.77734375,-1193.71484375,TEST descriptive best feasible baseline; not DEV-selected and not a statistical superiority test,comparison of reported lower bounds is not a test of true-horizon superiority
toy,s4_rotated,,MIXED_6_8,v1-unchanged-finite-nonstochastic,1,4704,4704.0,16,4688,512,256,512,256,1661.505859375,0.453125,19,MIXED_4_8;MIXED_6_8;NATIVE_FP32;NATIVE_FP64;UNIFORM_10;UNIFORM_11;UNIFORM_12;UNIFORM_13;UNIFORM_14;UNIFORM_15;UNIFORM_16;UNIFORM_2;UNIFORM_3;UNIFORM_4;UNIFORM_5;UNIFORM_6;UNIFORM_7;UNIFORM_8;UNIFORM_9,True,NATIVE_FP32,2048,NATIVE_FP32,2048,NATIVE_FP32,2048.0,-386.494140625,TEST descriptive best feasible baseline; not DEV-selected and not a statistical superiority test,comparison of reported lower bounds is not a test of true-horizon superiority
toy,s4_rotated,,MIXED_6_8,v1-unchanged-finite-nonstochastic,16,4944,309.0,16,4688,512,256,512,256,1661.505859375,0.453125,10,MIXED_4_8;MIXED_6_8;NATIVE_FP32;UNIFORM_2;UNIFORM_3;UNIFORM_4;UNIFORM_5;UNIFORM_6;UNIFORM_7;UNIFORM_8,True,NATIVE_FP32,2048,NATIVE_FP32,2048,NATIVE_FP32,2048.0,-386.494140625,TEST descriptive best feasible baseline; not DEV-selected and not a statistical superiority test,comparison of reported lower bounds is not a test of true-horizon superiority
toy,s4_rotated,,MIXED_6_8,v1-unchanged-finite-nonstochastic,128,6736,52.625,16,4688,512,256,512,256,1661.505859375,0.453125,9,MIXED_4_8;MIXED_6_8;UNIFORM_2;UNIFORM_3;UNIFORM_4;UNIFORM_5;UNIFORM_6;UNIFORM_7;UNIFORM_8,False,UNIFORM_8,2048,UNIFORM_8,2048,UNIFORM_8,2048.0,-386.494140625,TEST descriptive best feasible baseline; not DEV-selected and not a statistical superiority test,comparison of reported lower bounds is not a test of true-horizon superiority
toy,s4_rotated,,COEFFICIENT_INT8_FP32,v1-unchanged-finite-nonstochastic,1,1985,1985.0,24,1961,2048,2048,>=2048,>=2048,2046.02734375,0.009765625,0,,False,,,,,,,,TEST descriptive best feasible baseline; not DEV-selected and not a statistical superiority test,comparison of reported lower bounds is not a test of true-horizon superiority
toy,s4_rotated,,COEFFICIENT_INT8_FP32,v1-unchanged-finite-nonstochastic,16,2345,146.5625,24,1961,2048,2048,>=2048,>=2048,2046.02734375,0.009765625,0,,False,,,,,,,,TEST descriptive best feasible baseline; not DEV-selected and not a statistical superiority test,comparison of reported lower bounds is not a test of true-horizon superiority
toy,s4_rotated,,COEFFICIENT_INT8_FP32,v1-unchanged-finite-nonstochastic,128,5033,39.3203125,24,1961,2048,2048,>=2048,>=2048,2046.02734375,0.009765625,0,,False,,,,,,,,TEST descriptive best feasible baseline; not DEV-selected and not a statistical superiority test,comparison of reported lower bounds is not a test of true-horizon superiority
toy,c31_moving_plane,,NATIVE_FP32,v1-unchanged-finite-nonstochastic,1,5634,5634.0,24,5610,2048,2048,>=2048,>=2048,2048.0,0.0,1,NATIVE_FP32,True,NATIVE_FP32,2048,NATIVE_FP32,2048,NATIVE_FP32,2048.0,0.0,TEST descriptive best feasible baseline; not DEV-selected and not a statistical superiority test,comparison of reported lower bounds is not a test of true-horizon superiority
toy,c31_moving_plane,,NATIVE_FP32,v1-unchanged-finite-nonstochastic,16,5994,374.625,24,5610,2048,2048,>=2048,>=2048,2048.0,0.0,1,NATIVE_FP32,True,NATIVE_FP32,2048,NATIVE_FP32,2048,NATIVE_FP32,2048.0,0.0,TEST descriptive best feasible baseline; not DEV-selected and not a statistical superiority test,comparison of reported lower bounds is not a test of true-horizon superiority
toy,c31_moving_plane,,NATIVE_FP32,v1-unchanged-finite-nonstochastic,128,8682,67.828125,24,5610,2048,2048,>=2048,>=2048,2048.0,0.0,18,MIXED_4_8;MIXED_6_8;NATIVE_FP32;UNIFORM_10;UNIFORM_11;UNIFORM_12;UNIFORM_13;UNIFORM_14;UNIFORM_15;UNIFORM_16;UNIFORM_2;UNIFORM_3;UNIFORM_4;UNIFORM_5;UNIFORM_6;UNIFORM_7;UNIFORM_8;UNIFORM_9,True,UNIFORM_10,2048,UNIFORM_10,2048,UNIFORM_10,2048.0,0.0,TEST descriptive best feasible baseline; not DEV-selected and not a statistical superiority test,comparison of reported lower bounds is not a test of true-horizon superiority
toy,c31_moving_plane,,NATIVE_FP64,v1-unchanged-finite-nonstochastic,1,5650,5650.0,40,5610,2048,2048,>=2048,>=2048,2048.0,0.0,2,NATIVE_FP32;NATIVE_FP64,True,NATIVE_FP32,2048,NATIVE_FP32,2048,NATIVE_FP32,2048.0,0.0,TEST descriptive best feasible baseline; not DEV-selected and not a statistical superiority test,comparison of reported lower bounds is not a test of true-horizon superiority
toy,c31_moving_plane,,NATIVE_FP64,v1-unchanged-finite-nonstochastic,16,6250,390.625,40,5610,2048,2048,>=2048,>=2048,2048.0,0.0,19,MIXED_4_8;MIXED_6_8;NATIVE_FP32;NATIVE_FP64;UNIFORM_10;UNIFORM_11;UNIFORM_12;UNIFORM_13;UNIFORM_14;UNIFORM_15;UNIFORM_16;UNIFORM_2;UNIFORM_3;UNIFORM_4;UNIFORM_5;UNIFORM_6;UNIFORM_7;UNIFORM_8;UNIFORM_9,True,NATIVE_FP32,2048,NATIVE_FP32,2048,NATIVE_FP32,2048.0,0.0,TEST descriptive best feasible baseline; not DEV-selected and not a statistical superiority test,comparison of reported lower bounds is not a test of true-horizon superiority
toy,c31_moving_plane,,NATIVE_FP64,v1-unchanged-finite-nonstochastic,128,10730,83.828125,40,5610,2048,2048,>=2048,>=2048,2048.0,0.0,20,MIXED_4_8;MIXED_6_8;NATIVE_FP32;NATIVE_FP64;STOCHASTIC_4;UNIFORM_10;UNIFORM_11;UNIFORM_12;UNIFORM_13;UNIFORM_14;UNIFORM_15;UNIFORM_16;UNIFORM_2;UNIFORM_3;UNIFORM_4;UNIFORM_5;UNIFORM_6;UNIFORM_7;UNIFORM_8;UNIFORM_9,True,UNIFORM_10,2048,UNIFORM_10,2048,UNIFORM_10,2048.0,0.0,TEST descriptive best feasible baseline; not DEV-selected and not a statistical superiority test,comparison of reported lower bounds is not a test of true-horizon superiority
toy,c31_moving_plane,,UNIFORM_2,v1b-row-local-numerical-failure,1,5839,5839.0,13,5826,,,no qualifying grid horizon (<32),no qualifying grid horizon (<32),0.36328125,1.0,3,NATIVE_FP32;NATIVE_FP64;UNIFORM_2,True,NATIVE_FP32,2048,NATIVE_FP32,2048,NATIVE_FP32,2048.0,-2047.63671875,TEST descriptive best feasible baseline; not DEV-selected and not a statistical superiority test,comparison of reported lower bounds is not a test of true-horizon superiority
toy,c31_moving_plane,,UNIFORM_2,v1b-row-local-numerical-failure,16,6034,377.125,13,5826,,,no qualifying grid horizon (<32),no qualifying grid horizon (<32),0.36328125,1.0,2,NATIVE_FP32;UNIFORM_2,True,NATIVE_FP32,2048,NATIVE_FP32,2048,NATIVE_FP32,2048.0,-2047.63671875,TEST descriptive best feasible baseline; not DEV-selected and not a statistical superiority test,comparison of reported lower bounds is not a test of true-horizon superiority
toy,c31_moving_plane,,UNIFORM_2,v1b-row-local-numerical-failure,128,7490,58.515625,13,5826,,,no qualifying grid horizon (<32),no qualifying grid horizon (<32),0.36328125,1.0,1,UNIFORM_2,False,UNIFORM_2,,UNIFORM_2,,UNIFORM_2,0.36328125,0.0,TEST descriptive best feasible baseline; not DEV-selected and not a statistical superiority test,comparison of reported lower bounds is not a test of true-horizon superiority
toy,c31_moving_plane,,UNIFORM_3,v1-unchanged-finite-nonstochastic,1,5840,5840.0,14,5826,,,no qualifying grid horizon (<32),no qualifying grid horizon (<32),2.283203125,1.0,5,NATIVE_FP32;NATIVE_FP64;UNIFORM_2;UNIFORM_3;UNIFORM_4,True,NATIVE_FP32,2048,NATIVE_FP32,2048,NATIVE_FP32,2048.0,-2045.716796875,TEST descriptive best feasible baseline; not DEV-selected and not a statistical superiority test,comparison of reported lower bounds is not a test of true-horizon superiority
toy,c31_moving_plane,,UNIFORM_3,v1-unchanged-finite-nonstochastic,16,6050,378.125,14,5826,,,no qualifying grid horizon (<32),no qualifying grid horizon (<32),2.283203125,1.0,4,NATIVE_FP32;UNIFORM_2;UNIFORM_3;UNIFORM_4,True,NATIVE_FP32,2048,NATIVE_FP32,2048,NATIVE_FP32,2048.0,-2045.716796875,TEST descriptive best feasible baseline; not DEV-selected and not a statistical superiority test,comparison of reported lower bounds is not a test of true-horizon superiority
toy,c31_moving_plane,,UNIFORM_3,v1-unchanged-finite-nonstochastic,128,7618,59.515625,14,5826,,,no qualifying grid horizon (<32),no qualifying grid horizon (<32),2.283203125,1.0,3,UNIFORM_2;UNIFORM_3;UNIFORM_4,False,UNIFORM_4,,UNIFORM_4,,UNIFORM_4,12.0546875,-9.771484375,TEST descriptive best feasible baseline; not DEV-selected and not a statistical superiority test,comparison of reported lower bounds is not a test of true-horizon superiority
toy,c31_moving_plane,,UNIFORM_4,v1-unchanged-finite-nonstochastic,1,5840,5840.0,14,5826,,,no qualifying grid horizon (<32),no qualifying grid horizon (<32),12.0546875,1.0,5,NATIVE_FP32;NATIVE_FP64;UNIFORM_2;UNIFORM_3;UNIFORM_4,True,NATIVE_FP32,2048,NATIVE_FP32,2048,NATIVE_FP32,2048.0,-2035.9453125,TEST descriptive best feasible baseline; not DEV-selected and not a statistical superiority test,comparison of reported lower bounds is not a test of true-horizon superiority
toy,c31_moving_plane,,UNIFORM_4,v1-unchanged-finite-nonstochastic,16,6050,378.125,14,5826,,,no qualifying grid horizon (<32),no qualifying grid horizon (<32),12.0546875,1.0,4,NATIVE_FP32;UNIFORM_2;UNIFORM_3;UNIFORM_4,True,NATIVE_FP32,2048,NATIVE_FP32,2048,NATIVE_FP32,2048.0,-2035.9453125,TEST descriptive best feasible baseline; not DEV-selected and not a statistical superiority test,comparison of reported lower bounds is not a test of true-horizon superiority
toy,c31_moving_plane,,UNIFORM_4,v1-unchanged-finite-nonstochastic,128,7618,59.515625,14,5826,,,no qualifying grid horizon (<32),no qualifying grid horizon (<32),12.0546875,1.0,3,UNIFORM_2;UNIFORM_3;UNIFORM_4,False,UNIFORM_4,,UNIFORM_4,,UNIFORM_4,12.0546875,0.0,TEST descriptive best feasible baseline; not DEV-selected and not a statistical superiority test,comparison of reported lower bounds is not a test of true-horizon superiority
toy,c31_moving_plane,,UNIFORM_5,v1-unchanged-finite-nonstochastic,1,5841,5841.0,15,5826,,,no qualifying grid horizon (<32),no qualifying grid horizon (<32),60.65234375,1.0,7,NATIVE_FP32;NATIVE_FP64;UNIFORM_2;UNIFORM_3;UNIFORM_4;UNIFORM_5;UNIFORM_6,True,NATIVE_FP32,2048,NATIVE_FP32,2048,NATIVE_FP32,2048.0,-1987.34765625,TEST descriptive best feasible baseline; not DEV-selected and not a statistical superiority test,comparison of reported lower bounds is not a test of true-horizon superiority
toy,c31_moving_plane,,UNIFORM_5,v1-unchanged-finite-nonstochastic,16,6066,379.125,15,5826,,,no qualifying grid horizon (<32),no qualifying grid horizon (<32),60.65234375,1.0,6,NATIVE_FP32;UNIFORM_2;UNIFORM_3;UNIFORM_4;UNIFORM_5;UNIFORM_6,True,NATIVE_FP32,2048,NATIVE_FP32,2048,NATIVE_FP32,2048.0,-1987.34765625,TEST descriptive best feasible baseline; not DEV-selected and not a statistical superiority test,comparison of reported lower bounds is not a test of true-horizon superiority
toy,c31_moving_plane,,UNIFORM_5,v1-unchanged-finite-nonstochastic,128,7746,60.515625,15,5826,,,no qualifying grid horizon (<32),no qualifying grid horizon (<32),60.65234375,1.0,5,UNIFORM_2;UNIFORM_3;UNIFORM_4;UNIFORM_5;UNIFORM_6,False,UNIFORM_6,,UNIFORM_6,32,UNIFORM_6,206.60546875,-145.953125,TEST descriptive best feasible baseline; not DEV-selected and not a statistical superiority test,comparison of reported lower bounds is not a test of true-horizon superiority
toy,c31_moving_plane,,UNIFORM_6,v1-unchanged-finite-nonstochastic,1,5841,5841.0,15,5826,32,,32,no qualifying grid horizon (<32),206.60546875,1.0,7,NATIVE_FP32;NATIVE_FP64;UNIFORM_2;UNIFORM_3;UNIFORM_4;UNIFORM_5;UNIFORM_6,True,NATIVE_FP32,2048,NATIVE_FP32,2048,NATIVE_FP32,2048.0,-1841.39453125,TEST descriptive best feasible baseline; not DEV-selected and not a statistical superiority test,comparison of reported lower bounds is not a test of true-horizon superiority
toy,c31_moving_plane,,UNIFORM_6,v1-unchanged-finite-nonstochastic,16,6066,379.125,15,5826,32,,32,no qualifying grid horizon (<32),206.60546875,1.0,6,NATIVE_FP32;UNIFORM_2;UNIFORM_3;UNIFORM_4;UNIFORM_5;UNIFORM_6,True,NATIVE_FP32,2048,NATIVE_FP32,2048,NATIVE_FP32,2048.0,-1841.39453125,TEST descriptive best feasible baseline; not DEV-selected and not a statistical superiority test,comparison of reported lower bounds is not a test of true-horizon superiority
toy,c31_moving_plane,,UNIFORM_6,v1-unchanged-finite-nonstochastic,128,7746,60.515625,15,5826,32,,32,no qualifying grid horizon (<32),206.60546875,1.0,5,UNIFORM_2;UNIFORM_3;UNIFORM_4;UNIFORM_5;UNIFORM_6,False,UNIFORM_6,,UNIFORM_6,32,UNIFORM_6,206.60546875,0.0,TEST descriptive best feasible baseline; not DEV-selected and not a statistical superiority test,comparison of reported lower bounds is not a test of true-horizon superiority
toy,c31_moving_plane,,UNIFORM_7,v1-unchanged-finite-nonstochastic,1,5842,5842.0,16,5826,128,128,128,128,786.880859375,0.955078125,9,NATIVE_FP32;NATIVE_FP64;UNIFORM_2;UNIFORM_3;UNIFORM_4;UNIFORM_5;UNIFORM_6;UNIFORM_7;UNIFORM_8,True,NATIVE_FP32,2048,NATIVE_FP32,2048,NATIVE_FP32,2048.0,-1261.119140625,TEST descriptive best feasible baseline; not DEV-selected and not a statistical superiority test,comparison of reported lower bounds is not a test of true-horizon superiority
toy,c31_moving_plane,,UNIFORM_7,v1-unchanged-finite-nonstochastic,16,6082,380.125,16,5826,128,128,128,128,786.880859375,0.955078125,9,MIXED_4_8;NATIVE_FP32;UNIFORM_2;UNIFORM_3;UNIFORM_4;UNIFORM_5;UNIFORM_6;UNIFORM_7;UNIFORM_8,True,NATIVE_FP32,2048,NATIVE_FP32,2048,NATIVE_FP32,2048.0,-1261.119140625,TEST descriptive best feasible baseline; not DEV-selected and not a statistical superiority test,comparison of reported lower bounds is not a test of true-horizon superiority
toy,c31_moving_plane,,UNIFORM_7,v1-unchanged-finite-nonstochastic,128,7874,61.515625,16,5826,128,128,128,128,786.880859375,0.955078125,8,MIXED_4_8;UNIFORM_2;UNIFORM_3;UNIFORM_4;UNIFORM_5;UNIFORM_6;UNIFORM_7;UNIFORM_8,False,UNIFORM_8,512,UNIFORM_8,512,UNIFORM_8,1727.638671875,-940.7578125,TEST descriptive best feasible baseline; not DEV-selected and not a statistical superiority test,comparison of reported lower bounds is not a test of true-horizon superiority
toy,c31_moving_plane,,UNIFORM_8,v1-unchanged-finite-nonstochastic,1,5842,5842.0,16,5826,512,512,512,512,1727.638671875,0.412109375,9,NATIVE_FP32;NATIVE_FP64;UNIFORM_2;UNIFORM_3;UNIFORM_4;UNIFORM_5;UNIFORM_6;UNIFORM_7;UNIFORM_8,True,NATIVE_FP32,2048,NATIVE_FP32,2048,NATIVE_FP32,2048.0,-320.361328125,TEST descriptive best feasible baseline; not DEV-selected and not a statistical superiority test,comparison of reported lower bounds is not a test of true-horizon superiority
toy,c31_moving_plane,,UNIFORM_8,v1-unchanged-finite-nonstochastic,16,6082,380.125,16,5826,512,512,512,512,1727.638671875,0.412109375,9,MIXED_4_8;NATIVE_FP32;UNIFORM_2;UNIFORM_3;UNIFORM_4;UNIFORM_5;UNIFORM_6;UNIFORM_7;UNIFORM_8,True,NATIVE_FP32,2048,NATIVE_FP32,2048,NATIVE_FP32,2048.0,-320.361328125,TEST descriptive best feasible baseline; not DEV-selected and not a statistical superiority test,comparison of reported lower bounds is not a test of true-horizon superiority
toy,c31_moving_plane,,UNIFORM_8,v1-unchanged-finite-nonstochastic,128,7874,61.515625,16,5826,512,512,512,512,1727.638671875,0.412109375,8,MIXED_4_8;UNIFORM_2;UNIFORM_3;UNIFORM_4;UNIFORM_5;UNIFORM_6;UNIFORM_7;UNIFORM_8,False,UNIFORM_8,512,UNIFORM_8,512,UNIFORM_8,1727.638671875,0.0,TEST descriptive best feasible baseline; not DEV-selected and not a statistical superiority test,comparison of reported lower bounds is not a test of true-horizon superiority
toy,c31_moving_plane,,UNIFORM_9,v1-unchanged-finite-nonstochastic,1,5843,5843.0,17,5826,2048,2048,>=2048,>=2048,2044.455078125,0.01171875,10,NATIVE_FP32;NATIVE_FP64;UNIFORM_2;UNIFORM_3;UNIFORM_4;UNIFORM_5;UNIFORM_6;UNIFORM_7;UNIFORM_8;UNIFORM_9,True,NATIVE_FP32,2048,NATIVE_FP32,2048,NATIVE_FP32,2048.0,-3.544921875,TEST descriptive best feasible baseline; not DEV-selected and not a statistical superiority test,comparison of reported lower bounds is not a test of true-horizon superiority
toy,c31_moving_plane,,UNIFORM_9,v1-unchanged-finite-nonstochastic,16,6098,381.125,17,5826,2048,2048,>=2048,>=2048,2044.455078125,0.01171875,11,MIXED_4_8;MIXED_6_8;NATIVE_FP32;UNIFORM_2;UNIFORM_3;UNIFORM_4;UNIFORM_5;UNIFORM_6;UNIFORM_7;UNIFORM_8;UNIFORM_9,True,NATIVE_FP32,2048,NATIVE_FP32,2048,NATIVE_FP32,2048.0,-3.544921875,TEST descriptive best feasible baseline; not DEV-selected and not a statistical superiority test,comparison of reported lower bounds is not a test of true-horizon superiority
toy,c31_moving_plane,,UNIFORM_9,v1-unchanged-finite-nonstochastic,128,8002,62.515625,17,5826,2048,2048,>=2048,>=2048,2044.455078125,0.01171875,10,MIXED_4_8;MIXED_6_8;UNIFORM_2;UNIFORM_3;UNIFORM_4;UNIFORM_5;UNIFORM_6;UNIFORM_7;UNIFORM_8;UNIFORM_9,False,UNIFORM_9,2048,UNIFORM_9,2048,UNIFORM_9,2044.455078125,0.0,TEST descriptive best feasible baseline; not DEV-selected and not a statistical superiority test,comparison of reported lower bounds is not a test of true-horizon superiority
toy,c31_moving_plane,,UNIFORM_10,v1-unchanged-finite-nonstochastic,1,5844,5844.0,17,5827,2048,2048,>=2048,>=2048,2048.0,0.0,11,NATIVE_FP32;NATIVE_FP64;UNIFORM_10;UNIFORM_2;UNIFORM_3;UNIFORM_4;UNIFORM_5;UNIFORM_6;UNIFORM_7;UNIFORM_8;UNIFORM_9,True,NATIVE_FP32,2048,NATIVE_FP32,2048,NATIVE_FP32,2048.0,0.0,TEST descriptive best feasible baseline; not DEV-selected and not a statistical superiority test,comparison of reported lower bounds is not a test of true-horizon superiority
toy,c31_moving_plane,,UNIFORM_10,v1-unchanged-finite-nonstochastic,16,6099,381.1875,17,5827,2048,2048,>=2048,>=2048,2048.0,0.0,12,MIXED_4_8;MIXED_6_8;NATIVE_FP32;UNIFORM_10;UNIFORM_2;UNIFORM_3;UNIFORM_4;UNIFORM_5;UNIFORM_6;UNIFORM_7;UNIFORM_8;UNIFORM_9,True,NATIVE_FP32,2048,NATIVE_FP32,2048,NATIVE_FP32,2048.0,0.0,TEST descriptive best feasible baseline; not DEV-selected and not a statistical superiority test,comparison of reported lower bounds is not a test of true-horizon superiority
toy,c31_moving_plane,,UNIFORM_10,v1-unchanged-finite-nonstochastic,128,8003,62.5234375,17,5827,2048,2048,>=2048,>=2048,2048.0,0.0,11,MIXED_4_8;MIXED_6_8;UNIFORM_10;UNIFORM_2;UNIFORM_3;UNIFORM_4;UNIFORM_5;UNIFORM_6;UNIFORM_7;UNIFORM_8;UNIFORM_9,False,UNIFORM_10,2048,UNIFORM_10,2048,UNIFORM_10,2048.0,0.0,TEST descriptive best feasible baseline; not DEV-selected and not a statistical superiority test,comparison of reported lower bounds is not a test of true-horizon superiority
toy,c31_moving_plane,,UNIFORM_11,v1-unchanged-finite-nonstochastic,1,5845,5845.0,18,5827,2048,2048,>=2048,>=2048,2048.0,0.0,13,NATIVE_FP32;NATIVE_FP64;UNIFORM_10;UNIFORM_11;UNIFORM_12;UNIFORM_2;UNIFORM_3;UNIFORM_4;UNIFORM_5;UNIFORM_6;UNIFORM_7;UNIFORM_8;UNIFORM_9,True,NATIVE_FP32,2048,NATIVE_FP32,2048,NATIVE_FP32,2048.0,0.0,TEST descriptive best feasible baseline; not DEV-selected and not a statistical superiority test,comparison of reported lower bounds is not a test of true-horizon superiority
toy,c31_moving_plane,,UNIFORM_11,v1-unchanged-finite-nonstochastic,16,6115,382.1875,18,5827,2048,2048,>=2048,>=2048,2048.0,0.0,14,MIXED_4_8;MIXED_6_8;NATIVE_FP32;UNIFORM_10;UNIFORM_11;UNIFORM_12;UNIFORM_2;UNIFORM_3;UNIFORM_4;UNIFORM_5;UNIFORM_6;UNIFORM_7;UNIFORM_8;UNIFORM_9,True,NATIVE_FP32,2048,NATIVE_FP32,2048,NATIVE_FP32,2048.0,0.0,TEST descriptive best feasible baseline; not DEV-selected and not a statistical superiority test,comparison of reported lower bounds is not a test of true-horizon superiority
toy,c31_moving_plane,,UNIFORM_11,v1-unchanged-finite-nonstochastic,128,8131,63.5234375,18,5827,2048,2048,>=2048,>=2048,2048.0,0.0,13,MIXED_4_8;MIXED_6_8;UNIFORM_10;UNIFORM_11;UNIFORM_12;UNIFORM_2;UNIFORM_3;UNIFORM_4;UNIFORM_5;UNIFORM_6;UNIFORM_7;UNIFORM_8;UNIFORM_9,False,UNIFORM_10,2048,UNIFORM_10,2048,UNIFORM_10,2048.0,0.0,TEST descriptive best feasible baseline; not DEV-selected and not a statistical superiority test,comparison of reported lower bounds is not a test of true-horizon superiority
toy,c31_moving_plane,,UNIFORM_12,v1-unchanged-finite-nonstochastic,1,5845,5845.0,18,5827,2048,2048,>=2048,>=2048,2048.0,0.0,13,NATIVE_FP32;NATIVE_FP64;UNIFORM_10;UNIFORM_11;UNIFORM_12;UNIFORM_2;UNIFORM_3;UNIFORM_4;UNIFORM_5;UNIFORM_6;UNIFORM_7;UNIFORM_8;UNIFORM_9,True,NATIVE_FP32,2048,NATIVE_FP32,2048,NATIVE_FP32,2048.0,0.0,TEST descriptive best feasible baseline; not DEV-selected and not a statistical superiority test,comparison of reported lower bounds is not a test of true-horizon superiority
toy,c31_moving_plane,,UNIFORM_12,v1-unchanged-finite-nonstochastic,16,6115,382.1875,18,5827,2048,2048,>=2048,>=2048,2048.0,0.0,14,MIXED_4_8;MIXED_6_8;NATIVE_FP32;UNIFORM_10;UNIFORM_11;UNIFORM_12;UNIFORM_2;UNIFORM_3;UNIFORM_4;UNIFORM_5;UNIFORM_6;UNIFORM_7;UNIFORM_8;UNIFORM_9,True,NATIVE_FP32,2048,NATIVE_FP32,2048,NATIVE_FP32,2048.0,0.0,TEST descriptive best feasible baseline; not DEV-selected and not a statistical superiority test,comparison of reported lower bounds is not a test of true-horizon superiority
toy,c31_moving_plane,,UNIFORM_12,v1-unchanged-finite-nonstochastic,128,8131,63.5234375,18,5827,2048,2048,>=2048,>=2048,2048.0,0.0,13,MIXED_4_8;MIXED_6_8;UNIFORM_10;UNIFORM_11;UNIFORM_12;UNIFORM_2;UNIFORM_3;UNIFORM_4;UNIFORM_5;UNIFORM_6;UNIFORM_7;UNIFORM_8;UNIFORM_9,False,UNIFORM_10,2048,UNIFORM_10,2048,UNIFORM_10,2048.0,0.0,TEST descriptive best feasible baseline; not DEV-selected and not a statistical superiority test,comparison of reported lower bounds is not a test of true-horizon superiority
toy,c31_moving_plane,,UNIFORM_13,v1-unchanged-finite-nonstochastic,1,5846,5846.0,19,5827,2048,2048,>=2048,>=2048,2048.0,0.0,15,NATIVE_FP32;NATIVE_FP64;UNIFORM_10;UNIFORM_11;UNIFORM_12;UNIFORM_13;UNIFORM_14;UNIFORM_2;UNIFORM_3;UNIFORM_4;UNIFORM_5;UNIFORM_6;UNIFORM_7;UNIFORM_8;UNIFORM_9,True,NATIVE_FP32,2048,NATIVE_FP32,2048,NATIVE_FP32,2048.0,0.0,TEST descriptive best feasible baseline; not DEV-selected and not a statistical superiority test,comparison of reported lower bounds is not a test of true-horizon superiority
toy,c31_moving_plane,,UNIFORM_13,v1-unchanged-finite-nonstochastic,16,6131,383.1875,19,5827,2048,2048,>=2048,>=2048,2048.0,0.0,16,MIXED_4_8;MIXED_6_8;NATIVE_FP32;UNIFORM_10;UNIFORM_11;UNIFORM_12;UNIFORM_13;UNIFORM_14;UNIFORM_2;UNIFORM_3;UNIFORM_4;UNIFORM_5;UNIFORM_6;UNIFORM_7;UNIFORM_8;UNIFORM_9,True,NATIVE_FP32,2048,NATIVE_FP32,2048,NATIVE_FP32,2048.0,0.0,TEST descriptive best feasible baseline; not DEV-selected and not a statistical superiority test,comparison of reported lower bounds is not a test of true-horizon superiority
toy,c31_moving_plane,,UNIFORM_13,v1-unchanged-finite-nonstochastic,128,8259,64.5234375,19,5827,2048,2048,>=2048,>=2048,2048.0,0.0,15,MIXED_4_8;MIXED_6_8;UNIFORM_10;UNIFORM_11;UNIFORM_12;UNIFORM_13;UNIFORM_14;UNIFORM_2;UNIFORM_3;UNIFORM_4;UNIFORM_5;UNIFORM_6;UNIFORM_7;UNIFORM_8;UNIFORM_9,False,UNIFORM_10,2048,UNIFORM_10,2048,UNIFORM_10,2048.0,0.0,TEST descriptive best feasible baseline; not DEV-selected and not a statistical superiority test,comparison of reported lower bounds is not a test of true-horizon superiority
toy,c31_moving_plane,,UNIFORM_14,v1-unchanged-finite-nonstochastic,1,5846,5846.0,19,5827,2048,2048,>=2048,>=2048,2048.0,0.0,15,NATIVE_FP32;NATIVE_FP64;UNIFORM_10;UNIFORM_11;UNIFORM_12;UNIFORM_13;UNIFORM_14;UNIFORM_2;UNIFORM_3;UNIFORM_4;UNIFORM_5;UNIFORM_6;UNIFORM_7;UNIFORM_8;UNIFORM_9,True,NATIVE_FP32,2048,NATIVE_FP32,2048,NATIVE_FP32,2048.0,0.0,TEST descriptive best feasible baseline; not DEV-selected and not a statistical superiority test,comparison of reported lower bounds is not a test of true-horizon superiority
toy,c31_moving_plane,,UNIFORM_14,v1-unchanged-finite-nonstochastic,16,6131,383.1875,19,5827,2048,2048,>=2048,>=2048,2048.0,0.0,16,MIXED_4_8;MIXED_6_8;NATIVE_FP32;UNIFORM_10;UNIFORM_11;UNIFORM_12;UNIFORM_13;UNIFORM_14;UNIFORM_2;UNIFORM_3;UNIFORM_4;UNIFORM_5;UNIFORM_6;UNIFORM_7;UNIFORM_8;UNIFORM_9,True,NATIVE_FP32,2048,NATIVE_FP32,2048,NATIVE_FP32,2048.0,0.0,TEST descriptive best feasible baseline; not DEV-selected and not a statistical superiority test,comparison of reported lower bounds is not a test of true-horizon superiority
toy,c31_moving_plane,,UNIFORM_14,v1-unchanged-finite-nonstochastic,128,8259,64.5234375,19,5827,2048,2048,>=2048,>=2048,2048.0,0.0,15,MIXED_4_8;MIXED_6_8;UNIFORM_10;UNIFORM_11;UNIFORM_12;UNIFORM_13;UNIFORM_14;UNIFORM_2;UNIFORM_3;UNIFORM_4;UNIFORM_5;UNIFORM_6;UNIFORM_7;UNIFORM_8;UNIFORM_9,False,UNIFORM_10,2048,UNIFORM_10,2048,UNIFORM_10,2048.0,0.0,TEST descriptive best feasible baseline; not DEV-selected and not a statistical superiority test,comparison of reported lower bounds is not a test of true-horizon superiority
toy,c31_moving_plane,,UNIFORM_15,v1-unchanged-finite-nonstochastic,1,5847,5847.0,20,5827,2048,2048,>=2048,>=2048,2048.0,0.0,17,NATIVE_FP32;NATIVE_FP64;UNIFORM_10;UNIFORM_11;UNIFORM_12;UNIFORM_13;UNIFORM_14;UNIFORM_15;UNIFORM_16;UNIFORM_2;UNIFORM_3;UNIFORM_4;UNIFORM_5;UNIFORM_6;UNIFORM_7;UNIFORM_8;UNIFORM_9,True,NATIVE_FP32,2048,NATIVE_FP32,2048,NATIVE_FP32,2048.0,0.0,TEST descriptive best feasible baseline; not DEV-selected and not a statistical superiority test,comparison of reported lower bounds is not a test of true-horizon superiority
toy,c31_moving_plane,,UNIFORM_15,v1-unchanged-finite-nonstochastic,16,6147,384.1875,20,5827,2048,2048,>=2048,>=2048,2048.0,0.0,18,MIXED_4_8;MIXED_6_8;NATIVE_FP32;UNIFORM_10;UNIFORM_11;UNIFORM_12;UNIFORM_13;UNIFORM_14;UNIFORM_15;UNIFORM_16;UNIFORM_2;UNIFORM_3;UNIFORM_4;UNIFORM_5;UNIFORM_6;UNIFORM_7;UNIFORM_8;UNIFORM_9,True,NATIVE_FP32,2048,NATIVE_FP32,2048,NATIVE_FP32,2048.0,0.0,TEST descriptive best feasible baseline; not DEV-selected and not a statistical superiority test,comparison of reported lower bounds is not a test of true-horizon superiority
toy,c31_moving_plane,,UNIFORM_15,v1-unchanged-finite-nonstochastic,128,8387,65.5234375,20,5827,2048,2048,>=2048,>=2048,2048.0,0.0,17,MIXED_4_8;MIXED_6_8;UNIFORM_10;UNIFORM_11;UNIFORM_12;UNIFORM_13;UNIFORM_14;UNIFORM_15;UNIFORM_16;UNIFORM_2;UNIFORM_3;UNIFORM_4;UNIFORM_5;UNIFORM_6;UNIFORM_7;UNIFORM_8;UNIFORM_9,False,UNIFORM_10,2048,UNIFORM_10,2048,UNIFORM_10,2048.0,0.0,TEST descriptive best feasible baseline; not DEV-selected and not a statistical superiority test,comparison of reported lower bounds is not a test of true-horizon superiority
toy,c31_moving_plane,,UNIFORM_16,v1-unchanged-finite-nonstochastic,1,5847,5847.0,20,5827,2048,2048,>=2048,>=2048,2048.0,0.0,17,NATIVE_FP32;NATIVE_FP64;UNIFORM_10;UNIFORM_11;UNIFORM_12;UNIFORM_13;UNIFORM_14;UNIFORM_15;UNIFORM_16;UNIFORM_2;UNIFORM_3;UNIFORM_4;UNIFORM_5;UNIFORM_6;UNIFORM_7;UNIFORM_8;UNIFORM_9,True,NATIVE_FP32,2048,NATIVE_FP32,2048,NATIVE_FP32,2048.0,0.0,TEST descriptive best feasible baseline; not DEV-selected and not a statistical superiority test,comparison of reported lower bounds is not a test of true-horizon superiority
toy,c31_moving_plane,,UNIFORM_16,v1-unchanged-finite-nonstochastic,16,6147,384.1875,20,5827,2048,2048,>=2048,>=2048,2048.0,0.0,18,MIXED_4_8;MIXED_6_8;NATIVE_FP32;UNIFORM_10;UNIFORM_11;UNIFORM_12;UNIFORM_13;UNIFORM_14;UNIFORM_15;UNIFORM_16;UNIFORM_2;UNIFORM_3;UNIFORM_4;UNIFORM_5;UNIFORM_6;UNIFORM_7;UNIFORM_8;UNIFORM_9,True,NATIVE_FP32,2048,NATIVE_FP32,2048,NATIVE_FP32,2048.0,0.0,TEST descriptive best feasible baseline; not DEV-selected and not a statistical superiority test,comparison of reported lower bounds is not a test of true-horizon superiority
toy,c31_moving_plane,,UNIFORM_16,v1-unchanged-finite-nonstochastic,128,8387,65.5234375,20,5827,2048,2048,>=2048,>=2048,2048.0,0.0,17,MIXED_4_8;MIXED_6_8;UNIFORM_10;UNIFORM_11;UNIFORM_12;UNIFORM_13;UNIFORM_14;UNIFORM_15;UNIFORM_16;UNIFORM_2;UNIFORM_3;UNIFORM_4;UNIFORM_5;UNIFORM_6;UNIFORM_7;UNIFORM_8;UNIFORM_9,False,UNIFORM_10,2048,UNIFORM_10,2048,UNIFORM_10,2048.0,0.0,TEST descriptive best feasible baseline; not DEV-selected and not a statistical superiority test,comparison of reported lower bounds is not a test of true-horizon superiority
toy,c31_moving_plane,,STOCHASTIC_4,v2-stochastic-seedkey,1,5908,5908.0,30,5878,,,no qualifying grid horizon (<32),no qualifying grid horizon (<32),6.5390625,1.0,20,MIXED_4_8;MIXED_6_8;NATIVE_FP32;NATIVE_FP64;STOCHASTIC_4;UNIFORM_10;UNIFORM_11;UNIFORM_12;UNIFORM_13;UNIFORM_14;UNIFORM_15;UNIFORM_16;UNIFORM_2;UNIFORM_3;UNIFORM_4;UNIFORM_5;UNIFORM_6;UNIFORM_7;UNIFORM_8;UNIFORM_9,True,NATIVE_FP32,2048,NATIVE_FP32,2048,NATIVE_FP32,2048.0,-2041.4609375,TEST descriptive best feasible baseline; not DEV-selected and not a statistical superiority test,comparison of reported lower bounds is not a test of true-horizon superiority
toy,c31_moving_plane,,STOCHASTIC_4,v2-stochastic-seedkey,16,6358,397.375,30,5878,,,no qualifying grid horizon (<32),no qualifying grid horizon (<32),6.5390625,1.0,20,MIXED_4_8;MIXED_6_8;NATIVE_FP32;NATIVE_FP64;STOCHASTIC_4;UNIFORM_10;UNIFORM_11;UNIFORM_12;UNIFORM_13;UNIFORM_14;UNIFORM_15;UNIFORM_16;UNIFORM_2;UNIFORM_3;UNIFORM_4;UNIFORM_5;UNIFORM_6;UNIFORM_7;UNIFORM_8;UNIFORM_9,True,NATIVE_FP32,2048,NATIVE_FP32,2048,NATIVE_FP32,2048.0,-2041.4609375,TEST descriptive best feasible baseline; not DEV-selected and not a statistical superiority test,comparison of reported lower bounds is not a test of true-horizon superiority
toy,c31_moving_plane,,STOCHASTIC_4,v2-stochastic-seedkey,128,9718,75.921875,30,5878,,,no qualifying grid horizon (<32),no qualifying grid horizon (<32),6.5390625,1.0,19,MIXED_4_8;MIXED_6_8;NATIVE_FP32;STOCHASTIC_4;UNIFORM_10;UNIFORM_11;UNIFORM_12;UNIFORM_13;UNIFORM_14;UNIFORM_15;UNIFORM_16;UNIFORM_2;UNIFORM_3;UNIFORM_4;UNIFORM_5;UNIFORM_6;UNIFORM_7;UNIFORM_8;UNIFORM_9,True,UNIFORM_10,2048,UNIFORM_10,2048,UNIFORM_10,2048.0,-2041.4609375,TEST descriptive best feasible baseline; not DEV-selected and not a statistical superiority test,comparison of reported lower bounds is not a test of true-horizon superiority
toy,c31_moving_plane,,FULL_RESIDUAL_4_4,v1-unchanged-finite-nonstochastic,1,6151,6151.0,20,6131,1024,512,1024,512,1914.140625,0.20703125,20,MIXED_4_8;MIXED_6_8;NATIVE_FP32;NATIVE_FP64;STOCHASTIC_4;UNIFORM_10;UNIFORM_11;UNIFORM_12;UNIFORM_13;UNIFORM_14;UNIFORM_15;UNIFORM_16;UNIFORM_2;UNIFORM_3;UNIFORM_4;UNIFORM_5;UNIFORM_6;UNIFORM_7;UNIFORM_8;UNIFORM_9,True,NATIVE_FP32,2048,NATIVE_FP32,2048,NATIVE_FP32,2048.0,-133.859375,TEST descriptive best feasible baseline; not DEV-selected and not a statistical superiority test,comparison of reported lower bounds is not a test of true-horizon superiority
toy,c31_moving_plane,,FULL_RESIDUAL_4_4,v1-unchanged-finite-nonstochastic,16,6451,403.1875,20,6131,1024,512,1024,512,1914.140625,0.20703125,20,MIXED_4_8;MIXED_6_8;NATIVE_FP32;NATIVE_FP64;STOCHASTIC_4;UNIFORM_10;UNIFORM_11;UNIFORM_12;UNIFORM_13;UNIFORM_14;UNIFORM_15;UNIFORM_16;UNIFORM_2;UNIFORM_3;UNIFORM_4;UNIFORM_5;UNIFORM_6;UNIFORM_7;UNIFORM_8;UNIFORM_9,True,NATIVE_FP32,2048,NATIVE_FP32,2048,NATIVE_FP32,2048.0,-133.859375,TEST descriptive best feasible baseline; not DEV-selected and not a statistical superiority test,comparison of reported lower bounds is not a test of true-horizon superiority
toy,c31_moving_plane,,FULL_RESIDUAL_4_4,v1-unchanged-finite-nonstochastic,128,8691,67.8984375,20,6131,1024,512,1024,512,1914.140625,0.20703125,18,MIXED_4_8;MIXED_6_8;NATIVE_FP32;UNIFORM_10;UNIFORM_11;UNIFORM_12;UNIFORM_13;UNIFORM_14;UNIFORM_15;UNIFORM_16;UNIFORM_2;UNIFORM_3;UNIFORM_4;UNIFORM_5;UNIFORM_6;UNIFORM_7;UNIFORM_8;UNIFORM_9,True,UNIFORM_10,2048,UNIFORM_10,2048,UNIFORM_10,2048.0,-133.859375,TEST descriptive best feasible baseline; not DEV-selected and not a statistical superiority test,comparison of reported lower bounds is not a test of true-horizon superiority
toy,c31_moving_plane,,FULL_RESIDUAL_4_FP32,v1-unchanged-finite-nonstochastic,1,5945,5945.0,30,5915,2048,2048,>=2048,>=2048,2048.0,0.0,20,MIXED_4_8;MIXED_6_8;NATIVE_FP32;NATIVE_FP64;STOCHASTIC_4;UNIFORM_10;UNIFORM_11;UNIFORM_12;UNIFORM_13;UNIFORM_14;UNIFORM_15;UNIFORM_16;UNIFORM_2;UNIFORM_3;UNIFORM_4;UNIFORM_5;UNIFORM_6;UNIFORM_7;UNIFORM_8;UNIFORM_9,True,NATIVE_FP32,2048,NATIVE_FP32,2048,NATIVE_FP32,2048.0,0.0,TEST descriptive best feasible baseline; not DEV-selected and not a statistical superiority test,comparison of reported lower bounds is not a test of true-horizon superiority
toy,c31_moving_plane,,FULL_RESIDUAL_4_FP32,v1-unchanged-finite-nonstochastic,16,6395,399.6875,30,5915,2048,2048,>=2048,>=2048,2048.0,0.0,20,MIXED_4_8;MIXED_6_8;NATIVE_FP32;NATIVE_FP64;STOCHASTIC_4;UNIFORM_10;UNIFORM_11;UNIFORM_12;UNIFORM_13;UNIFORM_14;UNIFORM_15;UNIFORM_16;UNIFORM_2;UNIFORM_3;UNIFORM_4;UNIFORM_5;UNIFORM_6;UNIFORM_7;UNIFORM_8;UNIFORM_9,True,NATIVE_FP32,2048,NATIVE_FP32,2048,NATIVE_FP32,2048.0,0.0,TEST descriptive best feasible baseline; not DEV-selected and not a statistical superiority test,comparison of reported lower bounds is not a test of true-horizon superiority
toy,c31_moving_plane,,FULL_RESIDUAL_4_FP32,v1-unchanged-finite-nonstochastic,128,9755,76.2109375,30,5915,2048,2048,>=2048,>=2048,2048.0,0.0,19,MIXED_4_8;MIXED_6_8;NATIVE_FP32;STOCHASTIC_4;UNIFORM_10;UNIFORM_11;UNIFORM_12;UNIFORM_13;UNIFORM_14;UNIFORM_15;UNIFORM_16;UNIFORM_2;UNIFORM_3;UNIFORM_4;UNIFORM_5;UNIFORM_6;UNIFORM_7;UNIFORM_8;UNIFORM_9,True,UNIFORM_10,2048,UNIFORM_10,2048,UNIFORM_10,2048.0,0.0,TEST descriptive best feasible baseline; not DEV-selected and not a statistical superiority test,comparison of reported lower bounds is not a test of true-horizon superiority
toy,c31_moving_plane,,LOWRANK_4_8,v1-unchanged-finite-nonstochastic,1,6187,6187.0,20,6167,,,no qualifying grid horizon (<32),no qualifying grid horizon (<32),21.267578125,1.0,20,MIXED_4_8;MIXED_6_8;NATIVE_FP32;NATIVE_FP64;STOCHASTIC_4;UNIFORM_10;UNIFORM_11;UNIFORM_12;UNIFORM_13;UNIFORM_14;UNIFORM_15;UNIFORM_16;UNIFORM_2;UNIFORM_3;UNIFORM_4;UNIFORM_5;UNIFORM_6;UNIFORM_7;UNIFORM_8;UNIFORM_9,True,NATIVE_FP32,2048,NATIVE_FP32,2048,NATIVE_FP32,2048.0,-2026.732421875,TEST descriptive best feasible baseline; not DEV-selected and not a statistical superiority test,comparison of reported lower bounds is not a test of true-horizon superiority
toy,c31_moving_plane,,LOWRANK_4_8,v1-unchanged-finite-nonstochastic,16,6487,405.4375,20,6167,,,no qualifying grid horizon (<32),no qualifying grid horizon (<32),21.267578125,1.0,20,MIXED_4_8;MIXED_6_8;NATIVE_FP32;NATIVE_FP64;STOCHASTIC_4;UNIFORM_10;UNIFORM_11;UNIFORM_12;UNIFORM_13;UNIFORM_14;UNIFORM_15;UNIFORM_16;UNIFORM_2;UNIFORM_3;UNIFORM_4;UNIFORM_5;UNIFORM_6;UNIFORM_7;UNIFORM_8;UNIFORM_9,True,NATIVE_FP32,2048,NATIVE_FP32,2048,NATIVE_FP32,2048.0,-2026.732421875,TEST descriptive best feasible baseline; not DEV-selected and not a statistical superiority test,comparison of reported lower bounds is not a test of true-horizon superiority
toy,c31_moving_plane,,LOWRANK_4_8,v1-unchanged-finite-nonstochastic,128,8727,68.1796875,20,6167,,,no qualifying grid horizon (<32),no qualifying grid horizon (<32),21.267578125,1.0,18,MIXED_4_8;MIXED_6_8;NATIVE_FP32;UNIFORM_10;UNIFORM_11;UNIFORM_12;UNIFORM_13;UNIFORM_14;UNIFORM_15;UNIFORM_16;UNIFORM_2;UNIFORM_3;UNIFORM_4;UNIFORM_5;UNIFORM_6;UNIFORM_7;UNIFORM_8;UNIFORM_9,True,UNIFORM_10,2048,UNIFORM_10,2048,UNIFORM_10,2048.0,-2026.732421875,TEST descriptive best feasible baseline; not DEV-selected and not a statistical superiority test,comparison of reported lower bounds is not a test of true-horizon superiority
toy,c31_moving_plane,,UNTRANSPORTED_4_4,v1-unchanged-finite-nonstochastic,1,6153,6153.0,20,6133,,,no qualifying grid horizon (<32),no qualifying grid horizon (<32),9.490234375,1.0,20,MIXED_4_8;MIXED_6_8;NATIVE_FP32;NATIVE_FP64;STOCHASTIC_4;UNIFORM_10;UNIFORM_11;UNIFORM_12;UNIFORM_13;UNIFORM_14;UNIFORM_15;UNIFORM_16;UNIFORM_2;UNIFORM_3;UNIFORM_4;UNIFORM_5;UNIFORM_6;UNIFORM_7;UNIFORM_8;UNIFORM_9,True,NATIVE_FP32,2048,NATIVE_FP32,2048,NATIVE_FP32,2048.0,-2038.509765625,TEST descriptive best feasible baseline; not DEV-selected and not a statistical superiority test,comparison of reported lower bounds is not a test of true-horizon superiority
toy,c31_moving_plane,,UNTRANSPORTED_4_4,v1-unchanged-finite-nonstochastic,16,6453,403.3125,20,6133,,,no qualifying grid horizon (<32),no qualifying grid horizon (<32),9.490234375,1.0,20,MIXED_4_8;MIXED_6_8;NATIVE_FP32;NATIVE_FP64;STOCHASTIC_4;UNIFORM_10;UNIFORM_11;UNIFORM_12;UNIFORM_13;UNIFORM_14;UNIFORM_15;UNIFORM_16;UNIFORM_2;UNIFORM_3;UNIFORM_4;UNIFORM_5;UNIFORM_6;UNIFORM_7;UNIFORM_8;UNIFORM_9,True,NATIVE_FP32,2048,NATIVE_FP32,2048,NATIVE_FP32,2048.0,-2038.509765625,TEST descriptive best feasible baseline; not DEV-selected and not a statistical superiority test,comparison of reported lower bounds is not a test of true-horizon superiority
toy,c31_moving_plane,,UNTRANSPORTED_4_4,v1-unchanged-finite-nonstochastic,128,8693,67.9140625,20,6133,,,no qualifying grid horizon (<32),no qualifying grid horizon (<32),9.490234375,1.0,18,MIXED_4_8;MIXED_6_8;NATIVE_FP32;UNIFORM_10;UNIFORM_11;UNIFORM_12;UNIFORM_13;UNIFORM_14;UNIFORM_15;UNIFORM_16;UNIFORM_2;UNIFORM_3;UNIFORM_4;UNIFORM_5;UNIFORM_6;UNIFORM_7;UNIFORM_8;UNIFORM_9,True,UNIFORM_10,2048,UNIFORM_10,2048,UNIFORM_10,2048.0,-2038.509765625,TEST descriptive best feasible baseline; not DEV-selected and not a statistical superiority test,comparison of reported lower bounds is not a test of true-horizon superiority
toy,c31_moving_plane,,MIXED_4_8,v1-unchanged-finite-nonstochastic,1,5848,5848.0,15,5833,,,no qualifying grid horizon (<32),no qualifying grid horizon (<32),15.4921875,1.0,18,MIXED_4_8;NATIVE_FP32;NATIVE_FP64;UNIFORM_10;UNIFORM_11;UNIFORM_12;UNIFORM_13;UNIFORM_14;UNIFORM_15;UNIFORM_16;UNIFORM_2;UNIFORM_3;UNIFORM_4;UNIFORM_5;UNIFORM_6;UNIFORM_7;UNIFORM_8;UNIFORM_9,True,NATIVE_FP32,2048,NATIVE_FP32,2048,NATIVE_FP32,2048.0,-2032.5078125,TEST descriptive best feasible baseline; not DEV-selected and not a statistical superiority test,comparison of reported lower bounds is not a test of true-horizon superiority
toy,c31_moving_plane,,MIXED_4_8,v1-unchanged-finite-nonstochastic,16,6073,379.5625,15,5833,,,no qualifying grid horizon (<32),no qualifying grid horizon (<32),15.4921875,1.0,7,MIXED_4_8;NATIVE_FP32;UNIFORM_2;UNIFORM_3;UNIFORM_4;UNIFORM_5;UNIFORM_6,True,NATIVE_FP32,2048,NATIVE_FP32,2048,NATIVE_FP32,2048.0,-2032.5078125,TEST descriptive best feasible baseline; not DEV-selected and not a statistical superiority test,comparison of reported lower bounds is not a test of true-horizon superiority
toy,c31_moving_plane,,MIXED_4_8,v1-unchanged-finite-nonstochastic,128,7753,60.5703125,15,5833,,,no qualifying grid horizon (<32),no qualifying grid horizon (<32),15.4921875,1.0,6,MIXED_4_8;UNIFORM_2;UNIFORM_3;UNIFORM_4;UNIFORM_5;UNIFORM_6,False,UNIFORM_6,,UNIFORM_6,32,UNIFORM_6,206.60546875,-191.11328125,TEST descriptive best feasible baseline; not DEV-selected and not a statistical superiority test,comparison of reported lower bounds is not a test of true-horizon superiority
toy,c31_moving_plane,,MIXED_6_8,v1-unchanged-finite-nonstochastic,1,5849,5849.0,16,5833,64,32,64,32,410.974609375,0.998046875,19,MIXED_4_8;MIXED_6_8;NATIVE_FP32;NATIVE_FP64;UNIFORM_10;UNIFORM_11;UNIFORM_12;UNIFORM_13;UNIFORM_14;UNIFORM_15;UNIFORM_16;UNIFORM_2;UNIFORM_3;UNIFORM_4;UNIFORM_5;UNIFORM_6;UNIFORM_7;UNIFORM_8;UNIFORM_9,True,NATIVE_FP32,2048,NATIVE_FP32,2048,NATIVE_FP32,2048.0,-1637.025390625,TEST descriptive best feasible baseline; not DEV-selected and not a statistical superiority test,comparison of reported lower bounds is not a test of true-horizon superiority
toy,c31_moving_plane,,MIXED_6_8,v1-unchanged-finite-nonstochastic,16,6089,380.5625,16,5833,64,32,64,32,410.974609375,0.998046875,10,MIXED_4_8;MIXED_6_8;NATIVE_FP32;UNIFORM_2;UNIFORM_3;UNIFORM_4;UNIFORM_5;UNIFORM_6;UNIFORM_7;UNIFORM_8,True,NATIVE_FP32,2048,NATIVE_FP32,2048,NATIVE_FP32,2048.0,-1637.025390625,TEST descriptive best feasible baseline; not DEV-selected and not a statistical superiority test,comparison of reported lower bounds is not a test of true-horizon superiority
toy,c31_moving_plane,,MIXED_6_8,v1-unchanged-finite-nonstochastic,128,7881,61.5703125,16,5833,64,32,64,32,410.974609375,0.998046875,9,MIXED_4_8;MIXED_6_8;UNIFORM_2;UNIFORM_3;UNIFORM_4;UNIFORM_5;UNIFORM_6;UNIFORM_7;UNIFORM_8,False,UNIFORM_8,512,UNIFORM_8,512,UNIFORM_8,1727.638671875,-1316.6640625,TEST descriptive best feasible baseline; not DEV-selected and not a statistical superiority test,comparison of reported lower bounds is not a test of true-horizon superiority
toy,c31_moving_plane,,COEFFICIENT_INT8_FP32,v1-unchanged-finite-nonstochastic,1,1271518,1271518.0,24,1271494,512,256,512,256,1583.537109375,0.53515625,20,MIXED_4_8;MIXED_6_8;NATIVE_FP32;NATIVE_FP64;STOCHASTIC_4;UNIFORM_10;UNIFORM_11;UNIFORM_12;UNIFORM_13;UNIFORM_14;UNIFORM_15;UNIFORM_16;UNIFORM_2;UNIFORM_3;UNIFORM_4;UNIFORM_5;UNIFORM_6;UNIFORM_7;UNIFORM_8;UNIFORM_9,True,NATIVE_FP32,2048,NATIVE_FP32,2048,NATIVE_FP32,2048.0,-464.462890625,TEST descriptive best feasible baseline; not DEV-selected and not a statistical superiority test,comparison of reported lower bounds is not a test of true-horizon superiority
toy,c31_moving_plane,,COEFFICIENT_INT8_FP32,v1-unchanged-finite-nonstochastic,16,1271878,79492.375,24,1271494,512,256,512,256,1583.537109375,0.53515625,20,MIXED_4_8;MIXED_6_8;NATIVE_FP32;NATIVE_FP64;STOCHASTIC_4;UNIFORM_10;UNIFORM_11;UNIFORM_12;UNIFORM_13;UNIFORM_14;UNIFORM_15;UNIFORM_16;UNIFORM_2;UNIFORM_3;UNIFORM_4;UNIFORM_5;UNIFORM_6;UNIFORM_7;UNIFORM_8;UNIFORM_9,True,NATIVE_FP32,2048,NATIVE_FP32,2048,NATIVE_FP32,2048.0,-464.462890625,TEST descriptive best feasible baseline; not DEV-selected and not a statistical superiority test,comparison of reported lower bounds is not a test of true-horizon superiority
toy,c31_moving_plane,,COEFFICIENT_INT8_FP32,v1-unchanged-finite-nonstochastic,128,1274566,9957.546875,24,1271494,512,256,512,256,1583.537109375,0.53515625,20,MIXED_4_8;MIXED_6_8;NATIVE_FP32;NATIVE_FP64;STOCHASTIC_4;UNIFORM_10;UNIFORM_11;UNIFORM_12;UNIFORM_13;UNIFORM_14;UNIFORM_15;UNIFORM_16;UNIFORM_2;UNIFORM_3;UNIFORM_4;UNIFORM_5;UNIFORM_6;UNIFORM_7;UNIFORM_8;UNIFORM_9,True,UNIFORM_10,2048,UNIFORM_10,2048,UNIFORM_10,2048.0,-464.462890625,TEST descriptive best feasible baseline; not DEV-selected and not a statistical superiority test,comparison of reported lower bounds is not a test of true-horizon superiority
toy,c31_switching_plane,,NATIVE_FP32,v1-unchanged-finite-nonstochastic,1,5656,5656.0,24,5632,2048,2048,>=2048,>=2048,2048.0,0.0,1,NATIVE_FP32,True,NATIVE_FP32,2048,NATIVE_FP32,2048,NATIVE_FP32,2048.0,0.0,TEST descriptive best feasible baseline; not DEV-selected and not a statistical superiority test,comparison of reported lower bounds is not a test of true-horizon superiority
toy,c31_switching_plane,,NATIVE_FP32,v1-unchanged-finite-nonstochastic,16,6016,376.0,24,5632,2048,2048,>=2048,>=2048,2048.0,0.0,1,NATIVE_FP32,True,NATIVE_FP32,2048,NATIVE_FP32,2048,NATIVE_FP32,2048.0,0.0,TEST descriptive best feasible baseline; not DEV-selected and not a statistical superiority test,comparison of reported lower bounds is not a test of true-horizon superiority
toy,c31_switching_plane,,NATIVE_FP32,v1-unchanged-finite-nonstochastic,128,8704,68.0,24,5632,2048,2048,>=2048,>=2048,2048.0,0.0,18,MIXED_4_8;MIXED_6_8;NATIVE_FP32;UNIFORM_10;UNIFORM_11;UNIFORM_12;UNIFORM_13;UNIFORM_14;UNIFORM_15;UNIFORM_16;UNIFORM_2;UNIFORM_3;UNIFORM_4;UNIFORM_5;UNIFORM_6;UNIFORM_7;UNIFORM_8;UNIFORM_9,True,UNIFORM_10,2048,UNIFORM_10,2048,UNIFORM_10,2048.0,0.0,TEST descriptive best feasible baseline; not DEV-selected and not a statistical superiority test,comparison of reported lower bounds is not a test of true-horizon superiority
toy,c31_switching_plane,,NATIVE_FP64,v1-unchanged-finite-nonstochastic,1,5672,5672.0,40,5632,2048,2048,>=2048,>=2048,2048.0,0.0,2,NATIVE_FP32;NATIVE_FP64,True,NATIVE_FP32,2048,NATIVE_FP32,2048,NATIVE_FP32,2048.0,0.0,TEST descriptive best feasible baseline; not DEV-selected and not a statistical superiority test,comparison of reported lower bounds is not a test of true-horizon superiority
toy,c31_switching_plane,,NATIVE_FP64,v1-unchanged-finite-nonstochastic,16,6272,392.0,40,5632,2048,2048,>=2048,>=2048,2048.0,0.0,19,MIXED_4_8;MIXED_6_8;NATIVE_FP32;NATIVE_FP64;UNIFORM_10;UNIFORM_11;UNIFORM_12;UNIFORM_13;UNIFORM_14;UNIFORM_15;UNIFORM_16;UNIFORM_2;UNIFORM_3;UNIFORM_4;UNIFORM_5;UNIFORM_6;UNIFORM_7;UNIFORM_8;UNIFORM_9,True,NATIVE_FP32,2048,NATIVE_FP32,2048,NATIVE_FP32,2048.0,0.0,TEST descriptive best feasible baseline; not DEV-selected and not a statistical superiority test,comparison of reported lower bounds is not a test of true-horizon superiority
toy,c31_switching_plane,,NATIVE_FP64,v1-unchanged-finite-nonstochastic,128,10752,84.0,40,5632,2048,2048,>=2048,>=2048,2048.0,0.0,20,MIXED_4_8;MIXED_6_8;NATIVE_FP32;NATIVE_FP64;STOCHASTIC_4;UNIFORM_10;UNIFORM_11;UNIFORM_12;UNIFORM_13;UNIFORM_14;UNIFORM_15;UNIFORM_16;UNIFORM_2;UNIFORM_3;UNIFORM_4;UNIFORM_5;UNIFORM_6;UNIFORM_7;UNIFORM_8;UNIFORM_9,True,UNIFORM_10,2048,UNIFORM_10,2048,UNIFORM_10,2048.0,0.0,TEST descriptive best feasible baseline; not DEV-selected and not a statistical superiority test,comparison of reported lower bounds is not a test of true-horizon superiority
toy,c31_switching_plane,,UNIFORM_2,v1-unchanged-finite-nonstochastic,1,5861,5861.0,13,5848,,,no qualifying grid horizon (<32),no qualifying grid horizon (<32),0.36328125,1.0,3,NATIVE_FP32;NATIVE_FP64;UNIFORM_2,True,NATIVE_FP32,2048,NATIVE_FP32,2048,NATIVE_FP32,2048.0,-2047.63671875,TEST descriptive best feasible baseline; not DEV-selected and not a statistical superiority test,comparison of reported lower bounds is not a test of true-horizon superiority
toy,c31_switching_plane,,UNIFORM_2,v1-unchanged-finite-nonstochastic,16,6056,378.5,13,5848,,,no qualifying grid horizon (<32),no qualifying grid horizon (<32),0.36328125,1.0,2,NATIVE_FP32;UNIFORM_2,True,NATIVE_FP32,2048,NATIVE_FP32,2048,NATIVE_FP32,2048.0,-2047.63671875,TEST descriptive best feasible baseline; not DEV-selected and not a statistical superiority test,comparison of reported lower bounds is not a test of true-horizon superiority
toy,c31_switching_plane,,UNIFORM_2,v1-unchanged-finite-nonstochastic,128,7512,58.6875,13,5848,,,no qualifying grid horizon (<32),no qualifying grid horizon (<32),0.36328125,1.0,1,UNIFORM_2,False,UNIFORM_2,,UNIFORM_2,,UNIFORM_2,0.36328125,0.0,TEST descriptive best feasible baseline; not DEV-selected and not a statistical superiority test,comparison of reported lower bounds is not a test of true-horizon superiority
toy,c31_switching_plane,,UNIFORM_3,v1-unchanged-finite-nonstochastic,1,5862,5862.0,14,5848,,,no qualifying grid horizon (<32),no qualifying grid horizon (<32),2.244140625,1.0,5,NATIVE_FP32;NATIVE_FP64;UNIFORM_2;UNIFORM_3;UNIFORM_4,True,NATIVE_FP32,2048,NATIVE_FP32,2048,NATIVE_FP32,2048.0,-2045.755859375,TEST descriptive best feasible baseline; not DEV-selected and not a statistical superiority test,comparison of reported lower bounds is not a test of true-horizon superiority
toy,c31_switching_plane,,UNIFORM_3,v1-unchanged-finite-nonstochastic,16,6072,379.5,14,5848,,,no qualifying grid horizon (<32),no qualifying grid horizon (<32),2.244140625,1.0,4,NATIVE_FP32;UNIFORM_2;UNIFORM_3;UNIFORM_4,True,NATIVE_FP32,2048,NATIVE_FP32,2048,NATIVE_FP32,2048.0,-2045.755859375,TEST descriptive best feasible baseline; not DEV-selected and not a statistical superiority test,comparison of reported lower bounds is not a test of true-horizon superiority
toy,c31_switching_plane,,UNIFORM_3,v1-unchanged-finite-nonstochastic,128,7640,59.6875,14,5848,,,no qualifying grid horizon (<32),no qualifying grid horizon (<32),2.244140625,1.0,3,UNIFORM_2;UNIFORM_3;UNIFORM_4,False,UNIFORM_4,,UNIFORM_4,,UNIFORM_4,11.16015625,-8.916015625,TEST descriptive best feasible baseline; not DEV-selected and not a statistical superiority test,comparison of reported lower bounds is not a test of true-horizon superiority
toy,c31_switching_plane,,UNIFORM_4,v1-unchanged-finite-nonstochastic,1,5862,5862.0,14,5848,,,no qualifying grid horizon (<32),no qualifying grid horizon (<32),11.16015625,1.0,5,NATIVE_FP32;NATIVE_FP64;UNIFORM_2;UNIFORM_3;UNIFORM_4,True,NATIVE_FP32,2048,NATIVE_FP32,2048,NATIVE_FP32,2048.0,-2036.83984375,TEST descriptive best feasible baseline; not DEV-selected and not a statistical superiority test,comparison of reported lower bounds is not a test of true-horizon superiority
toy,c31_switching_plane,,UNIFORM_4,v1-unchanged-finite-nonstochastic,16,6072,379.5,14,5848,,,no qualifying grid horizon (<32),no qualifying grid horizon (<32),11.16015625,1.0,4,NATIVE_FP32;UNIFORM_2;UNIFORM_3;UNIFORM_4,True,NATIVE_FP32,2048,NATIVE_FP32,2048,NATIVE_FP32,2048.0,-2036.83984375,TEST descriptive best feasible baseline; not DEV-selected and not a statistical superiority test,comparison of reported lower bounds is not a test of true-horizon superiority
toy,c31_switching_plane,,UNIFORM_4,v1-unchanged-finite-nonstochastic,128,7640,59.6875,14,5848,,,no qualifying grid horizon (<32),no qualifying grid horizon (<32),11.16015625,1.0,3,UNIFORM_2;UNIFORM_3;UNIFORM_4,False,UNIFORM_4,,UNIFORM_4,,UNIFORM_4,11.16015625,0.0,TEST descriptive best feasible baseline; not DEV-selected and not a statistical superiority test,comparison of reported lower bounds is not a test of true-horizon superiority
toy,c31_switching_plane,,UNIFORM_5,v1-unchanged-finite-nonstochastic,1,5863,5863.0,15,5848,,,no qualifying grid horizon (<32),no qualifying grid horizon (<32),56.99609375,1.0,7,NATIVE_FP32;NATIVE_FP64;UNIFORM_2;UNIFORM_3;UNIFORM_4;UNIFORM_5;UNIFORM_6,True,NATIVE_FP32,2048,NATIVE_FP32,2048,NATIVE_FP32,2048.0,-1991.00390625,TEST descriptive best feasible baseline; not DEV-selected and not a statistical superiority test,comparison of reported lower bounds is not a test of true-horizon superiority
toy,c31_switching_plane,,UNIFORM_5,v1-unchanged-finite-nonstochastic,16,6088,380.5,15,5848,,,no qualifying grid horizon (<32),no qualifying grid horizon (<32),56.99609375,1.0,6,NATIVE_FP32;UNIFORM_2;UNIFORM_3;UNIFORM_4;UNIFORM_5;UNIFORM_6,True,NATIVE_FP32,2048,NATIVE_FP32,2048,NATIVE_FP32,2048.0,-1991.00390625,TEST descriptive best feasible baseline; not DEV-selected and not a statistical superiority test,comparison of reported lower bounds is not a test of true-horizon superiority
toy,c31_switching_plane,,UNIFORM_5,v1-unchanged-finite-nonstochastic,128,7768,60.6875,15,5848,,,no qualifying grid horizon (<32),no qualifying grid horizon (<32),56.99609375,1.0,5,UNIFORM_2;UNIFORM_3;UNIFORM_4;UNIFORM_5;UNIFORM_6,False,UNIFORM_6,,UNIFORM_6,32,UNIFORM_6,196.5546875,-139.55859375,TEST descriptive best feasible baseline; not DEV-selected and not a statistical superiority test,comparison of reported lower bounds is not a test of true-horizon superiority
toy,c31_switching_plane,,UNIFORM_6,v1-unchanged-finite-nonstochastic,1,5863,5863.0,15,5848,32,,32,no qualifying grid horizon (<32),196.5546875,1.0,7,NATIVE_FP32;NATIVE_FP64;UNIFORM_2;UNIFORM_3;UNIFORM_4;UNIFORM_5;UNIFORM_6,True,NATIVE_FP32,2048,NATIVE_FP32,2048,NATIVE_FP32,2048.0,-1851.4453125,TEST descriptive best feasible baseline; not DEV-selected and not a statistical superiority test,comparison of reported lower bounds is not a test of true-horizon superiority
toy,c31_switching_plane,,UNIFORM_6,v1-unchanged-finite-nonstochastic,16,6088,380.5,15,5848,32,,32,no qualifying grid horizon (<32),196.5546875,1.0,6,NATIVE_FP32;UNIFORM_2;UNIFORM_3;UNIFORM_4;UNIFORM_5;UNIFORM_6,True,NATIVE_FP32,2048,NATIVE_FP32,2048,NATIVE_FP32,2048.0,-1851.4453125,TEST descriptive best feasible baseline; not DEV-selected and not a statistical superiority test,comparison of reported lower bounds is not a test of true-horizon superiority
toy,c31_switching_plane,,UNIFORM_6,v1-unchanged-finite-nonstochastic,128,7768,60.6875,15,5848,32,,32,no qualifying grid horizon (<32),196.5546875,1.0,5,UNIFORM_2;UNIFORM_3;UNIFORM_4;UNIFORM_5;UNIFORM_6,False,UNIFORM_6,,UNIFORM_6,32,UNIFORM_6,196.5546875,0.0,TEST descriptive best feasible baseline; not DEV-selected and not a statistical superiority test,comparison of reported lower bounds is not a test of true-horizon superiority
toy,c31_switching_plane,,UNIFORM_7,v1-unchanged-finite-nonstochastic,1,5864,5864.0,16,5848,128,64,128,64,744.07421875,0.96484375,9,NATIVE_FP32;NATIVE_FP64;UNIFORM_2;UNIFORM_3;UNIFORM_4;UNIFORM_5;UNIFORM_6;UNIFORM_7;UNIFORM_8,True,NATIVE_FP32,2048,NATIVE_FP32,2048,NATIVE_FP32,2048.0,-1303.92578125,TEST descriptive best feasible baseline; not DEV-selected and not a statistical superiority test,comparison of reported lower bounds is not a test of true-horizon superiority
toy,c31_switching_plane,,UNIFORM_7,v1-unchanged-finite-nonstochastic,16,6104,381.5,16,5848,128,64,128,64,744.07421875,0.96484375,9,MIXED_4_8;NATIVE_FP32;UNIFORM_2;UNIFORM_3;UNIFORM_4;UNIFORM_5;UNIFORM_6;UNIFORM_7;UNIFORM_8,True,NATIVE_FP32,2048,NATIVE_FP32,2048,NATIVE_FP32,2048.0,-1303.92578125,TEST descriptive best feasible baseline; not DEV-selected and not a statistical superiority test,comparison of reported lower bounds is not a test of true-horizon superiority
toy,c31_switching_plane,,UNIFORM_7,v1-unchanged-finite-nonstochastic,128,7896,61.6875,16,5848,128,64,128,64,744.07421875,0.96484375,8,MIXED_4_8;UNIFORM_2;UNIFORM_3;UNIFORM_4;UNIFORM_5;UNIFORM_6;UNIFORM_7;UNIFORM_8,False,UNIFORM_8,256,UNIFORM_8,512,UNIFORM_8,1656.677734375,-912.603515625,TEST descriptive best feasible baseline; not DEV-selected and not a statistical superiority test,comparison of reported lower bounds is not a test of true-horizon superiority
toy,c31_switching_plane,,UNIFORM_8,v1-unchanged-finite-nonstochastic,1,5864,5864.0,16,5848,512,256,512,256,1656.677734375,0.4765625,9,NATIVE_FP32;NATIVE_FP64;UNIFORM_2;UNIFORM_3;UNIFORM_4;UNIFORM_5;UNIFORM_6;UNIFORM_7;UNIFORM_8,True,NATIVE_FP32,2048,NATIVE_FP32,2048,NATIVE_FP32,2048.0,-391.322265625,TEST descriptive best feasible baseline; not DEV-selected and not a statistical superiority test,comparison of reported lower bounds is not a test of true-horizon superiority
toy,c31_switching_plane,,UNIFORM_8,v1-unchanged-finite-nonstochastic,16,6104,381.5,16,5848,512,256,512,256,1656.677734375,0.4765625,9,MIXED_4_8;NATIVE_FP32;UNIFORM_2;UNIFORM_3;UNIFORM_4;UNIFORM_5;UNIFORM_6;UNIFORM_7;UNIFORM_8,True,NATIVE_FP32,2048,NATIVE_FP32,2048,NATIVE_FP32,2048.0,-391.322265625,TEST descriptive best feasible baseline; not DEV-selected and not a statistical superiority test,comparison of reported lower bounds is not a test of true-horizon superiority
toy,c31_switching_plane,,UNIFORM_8,v1-unchanged-finite-nonstochastic,128,7896,61.6875,16,5848,512,256,512,256,1656.677734375,0.4765625,8,MIXED_4_8;UNIFORM_2;UNIFORM_3;UNIFORM_4;UNIFORM_5;UNIFORM_6;UNIFORM_7;UNIFORM_8,False,UNIFORM_8,256,UNIFORM_8,512,UNIFORM_8,1656.677734375,0.0,TEST descriptive best feasible baseline; not DEV-selected and not a statistical superiority test,comparison of reported lower bounds is not a test of true-horizon superiority
toy,c31_switching_plane,,UNIFORM_9,v1-unchanged-finite-nonstochastic,1,5865,5865.0,17,5848,2048,1024,>=2048,1024,2043.44140625,0.021484375,10,NATIVE_FP32;NATIVE_FP64;UNIFORM_2;UNIFORM_3;UNIFORM_4;UNIFORM_5;UNIFORM_6;UNIFORM_7;UNIFORM_8;UNIFORM_9,True,NATIVE_FP32,2048,NATIVE_FP32,2048,NATIVE_FP32,2048.0,-4.55859375,TEST descriptive best feasible baseline; not DEV-selected and not a statistical superiority test,comparison of reported lower bounds is not a test of true-horizon superiority
toy,c31_switching_plane,,UNIFORM_9,v1-unchanged-finite-nonstochastic,16,6120,382.5,17,5848,2048,1024,>=2048,1024,2043.44140625,0.021484375,11,MIXED_4_8;MIXED_6_8;NATIVE_FP32;UNIFORM_2;UNIFORM_3;UNIFORM_4;UNIFORM_5;UNIFORM_6;UNIFORM_7;UNIFORM_8;UNIFORM_9,True,NATIVE_FP32,2048,NATIVE_FP32,2048,NATIVE_FP32,2048.0,-4.55859375,TEST descriptive best feasible baseline; not DEV-selected and not a statistical superiority test,comparison of reported lower bounds is not a test of true-horizon superiority
toy,c31_switching_plane,,UNIFORM_9,v1-unchanged-finite-nonstochastic,128,8024,62.6875,17,5848,2048,1024,>=2048,1024,2043.44140625,0.021484375,10,MIXED_4_8;MIXED_6_8;UNIFORM_2;UNIFORM_3;UNIFORM_4;UNIFORM_5;UNIFORM_6;UNIFORM_7;UNIFORM_8;UNIFORM_9,False,UNIFORM_9,1024,UNIFORM_9,2048,UNIFORM_9,2043.44140625,0.0,TEST descriptive best feasible baseline; not DEV-selected and not a statistical superiority test,comparison of reported lower bounds is not a test of true-horizon superiority
toy,c31_switching_plane,,UNIFORM_10,v1-unchanged-finite-nonstochastic,1,5866,5866.0,17,5849,2048,2048,>=2048,>=2048,2048.0,0.0,11,NATIVE_FP32;NATIVE_FP64;UNIFORM_10;UNIFORM_2;UNIFORM_3;UNIFORM_4;UNIFORM_5;UNIFORM_6;UNIFORM_7;UNIFORM_8;UNIFORM_9,True,NATIVE_FP32,2048,NATIVE_FP32,2048,NATIVE_FP32,2048.0,0.0,TEST descriptive best feasible baseline; not DEV-selected and not a statistical superiority test,comparison of reported lower bounds is not a test of true-horizon superiority
toy,c31_switching_plane,,UNIFORM_10,v1-unchanged-finite-nonstochastic,16,6121,382.5625,17,5849,2048,2048,>=2048,>=2048,2048.0,0.0,12,MIXED_4_8;MIXED_6_8;NATIVE_FP32;UNIFORM_10;UNIFORM_2;UNIFORM_3;UNIFORM_4;UNIFORM_5;UNIFORM_6;UNIFORM_7;UNIFORM_8;UNIFORM_9,True,NATIVE_FP32,2048,NATIVE_FP32,2048,NATIVE_FP32,2048.0,0.0,TEST descriptive best feasible baseline; not DEV-selected and not a statistical superiority test,comparison of reported lower bounds is not a test of true-horizon superiority
toy,c31_switching_plane,,UNIFORM_10,v1-unchanged-finite-nonstochastic,128,8025,62.6953125,17,5849,2048,2048,>=2048,>=2048,2048.0,0.0,11,MIXED_4_8;MIXED_6_8;UNIFORM_10;UNIFORM_2;UNIFORM_3;UNIFORM_4;UNIFORM_5;UNIFORM_6;UNIFORM_7;UNIFORM_8;UNIFORM_9,False,UNIFORM_10,2048,UNIFORM_10,2048,UNIFORM_10,2048.0,0.0,TEST descriptive best feasible baseline; not DEV-selected and not a statistical superiority test,comparison of reported lower bounds is not a test of true-horizon superiority
toy,c31_switching_plane,,UNIFORM_11,v1-unchanged-finite-nonstochastic,1,5867,5867.0,18,5849,2048,2048,>=2048,>=2048,2048.0,0.0,13,NATIVE_FP32;NATIVE_FP64;UNIFORM_10;UNIFORM_11;UNIFORM_12;UNIFORM_2;UNIFORM_3;UNIFORM_4;UNIFORM_5;UNIFORM_6;UNIFORM_7;UNIFORM_8;UNIFORM_9,True,NATIVE_FP32,2048,NATIVE_FP32,2048,NATIVE_FP32,2048.0,0.0,TEST descriptive best feasible baseline; not DEV-selected and not a statistical superiority test,comparison of reported lower bounds is not a test of true-horizon superiority
toy,c31_switching_plane,,UNIFORM_11,v1-unchanged-finite-nonstochastic,16,6137,383.5625,18,5849,2048,2048,>=2048,>=2048,2048.0,0.0,14,MIXED_4_8;MIXED_6_8;NATIVE_FP32;UNIFORM_10;UNIFORM_11;UNIFORM_12;UNIFORM_2;UNIFORM_3;UNIFORM_4;UNIFORM_5;UNIFORM_6;UNIFORM_7;UNIFORM_8;UNIFORM_9,True,NATIVE_FP32,2048,NATIVE_FP32,2048,NATIVE_FP32,2048.0,0.0,TEST descriptive best feasible baseline; not DEV-selected and not a statistical superiority test,comparison of reported lower bounds is not a test of true-horizon superiority
toy,c31_switching_plane,,UNIFORM_11,v1-unchanged-finite-nonstochastic,128,8153,63.6953125,18,5849,2048,2048,>=2048,>=2048,2048.0,0.0,13,MIXED_4_8;MIXED_6_8;UNIFORM_10;UNIFORM_11;UNIFORM_12;UNIFORM_2;UNIFORM_3;UNIFORM_4;UNIFORM_5;UNIFORM_6;UNIFORM_7;UNIFORM_8;UNIFORM_9,False,UNIFORM_10,2048,UNIFORM_10,2048,UNIFORM_10,2048.0,0.0,TEST descriptive best feasible baseline; not DEV-selected and not a statistical superiority test,comparison of reported lower bounds is not a test of true-horizon superiority
toy,c31_switching_plane,,UNIFORM_12,v1-unchanged-finite-nonstochastic,1,5867,5867.0,18,5849,2048,2048,>=2048,>=2048,2048.0,0.0,13,NATIVE_FP32;NATIVE_FP64;UNIFORM_10;UNIFORM_11;UNIFORM_12;UNIFORM_2;UNIFORM_3;UNIFORM_4;UNIFORM_5;UNIFORM_6;UNIFORM_7;UNIFORM_8;UNIFORM_9,True,NATIVE_FP32,2048,NATIVE_FP32,2048,NATIVE_FP32,2048.0,0.0,TEST descriptive best feasible baseline; not DEV-selected and not a statistical superiority test,comparison of reported lower bounds is not a test of true-horizon superiority
toy,c31_switching_plane,,UNIFORM_12,v1-unchanged-finite-nonstochastic,16,6137,383.5625,18,5849,2048,2048,>=2048,>=2048,2048.0,0.0,14,MIXED_4_8;MIXED_6_8;NATIVE_FP32;UNIFORM_10;UNIFORM_11;UNIFORM_12;UNIFORM_2;UNIFORM_3;UNIFORM_4;UNIFORM_5;UNIFORM_6;UNIFORM_7;UNIFORM_8;UNIFORM_9,True,NATIVE_FP32,2048,NATIVE_FP32,2048,NATIVE_FP32,2048.0,0.0,TEST descriptive best feasible baseline; not DEV-selected and not a statistical superiority test,comparison of reported lower bounds is not a test of true-horizon superiority
toy,c31_switching_plane,,UNIFORM_12,v1-unchanged-finite-nonstochastic,128,8153,63.6953125,18,5849,2048,2048,>=2048,>=2048,2048.0,0.0,13,MIXED_4_8;MIXED_6_8;UNIFORM_10;UNIFORM_11;UNIFORM_12;UNIFORM_2;UNIFORM_3;UNIFORM_4;UNIFORM_5;UNIFORM_6;UNIFORM_7;UNIFORM_8;UNIFORM_9,False,UNIFORM_10,2048,UNIFORM_10,2048,UNIFORM_10,2048.0,0.0,TEST descriptive best feasible baseline; not DEV-selected and not a statistical superiority test,comparison of reported lower bounds is not a test of true-horizon superiority
toy,c31_switching_plane,,UNIFORM_13,v1-unchanged-finite-nonstochastic,1,5868,5868.0,19,5849,2048,2048,>=2048,>=2048,2048.0,0.0,15,NATIVE_FP32;NATIVE_FP64;UNIFORM_10;UNIFORM_11;UNIFORM_12;UNIFORM_13;UNIFORM_14;UNIFORM_2;UNIFORM_3;UNIFORM_4;UNIFORM_5;UNIFORM_6;UNIFORM_7;UNIFORM_8;UNIFORM_9,True,NATIVE_FP32,2048,NATIVE_FP32,2048,NATIVE_FP32,2048.0,0.0,TEST descriptive best feasible baseline; not DEV-selected and not a statistical superiority test,comparison of reported lower bounds is not a test of true-horizon superiority
toy,c31_switching_plane,,UNIFORM_13,v1-unchanged-finite-nonstochastic,16,6153,384.5625,19,5849,2048,2048,>=2048,>=2048,2048.0,0.0,16,MIXED_4_8;MIXED_6_8;NATIVE_FP32;UNIFORM_10;UNIFORM_11;UNIFORM_12;UNIFORM_13;UNIFORM_14;UNIFORM_2;UNIFORM_3;UNIFORM_4;UNIFORM_5;UNIFORM_6;UNIFORM_7;UNIFORM_8;UNIFORM_9,True,NATIVE_FP32,2048,NATIVE_FP32,2048,NATIVE_FP32,2048.0,0.0,TEST descriptive best feasible baseline; not DEV-selected and not a statistical superiority test,comparison of reported lower bounds is not a test of true-horizon superiority
toy,c31_switching_plane,,UNIFORM_13,v1-unchanged-finite-nonstochastic,128,8281,64.6953125,19,5849,2048,2048,>=2048,>=2048,2048.0,0.0,15,MIXED_4_8;MIXED_6_8;UNIFORM_10;UNIFORM_11;UNIFORM_12;UNIFORM_13;UNIFORM_14;UNIFORM_2;UNIFORM_3;UNIFORM_4;UNIFORM_5;UNIFORM_6;UNIFORM_7;UNIFORM_8;UNIFORM_9,False,UNIFORM_10,2048,UNIFORM_10,2048,UNIFORM_10,2048.0,0.0,TEST descriptive best feasible baseline; not DEV-selected and not a statistical superiority test,comparison of reported lower bounds is not a test of true-horizon superiority
toy,c31_switching_plane,,UNIFORM_14,v1-unchanged-finite-nonstochastic,1,5868,5868.0,19,5849,2048,2048,>=2048,>=2048,2048.0,0.0,15,NATIVE_FP32;NATIVE_FP64;UNIFORM_10;UNIFORM_11;UNIFORM_12;UNIFORM_13;UNIFORM_14;UNIFORM_2;UNIFORM_3;UNIFORM_4;UNIFORM_5;UNIFORM_6;UNIFORM_7;UNIFORM_8;UNIFORM_9,True,NATIVE_FP32,2048,NATIVE_FP32,2048,NATIVE_FP32,2048.0,0.0,TEST descriptive best feasible baseline; not DEV-selected and not a statistical superiority test,comparison of reported lower bounds is not a test of true-horizon superiority
toy,c31_switching_plane,,UNIFORM_14,v1-unchanged-finite-nonstochastic,16,6153,384.5625,19,5849,2048,2048,>=2048,>=2048,2048.0,0.0,16,MIXED_4_8;MIXED_6_8;NATIVE_FP32;UNIFORM_10;UNIFORM_11;UNIFORM_12;UNIFORM_13;UNIFORM_14;UNIFORM_2;UNIFORM_3;UNIFORM_4;UNIFORM_5;UNIFORM_6;UNIFORM_7;UNIFORM_8;UNIFORM_9,True,NATIVE_FP32,2048,NATIVE_FP32,2048,NATIVE_FP32,2048.0,0.0,TEST descriptive best feasible baseline; not DEV-selected and not a statistical superiority test,comparison of reported lower bounds is not a test of true-horizon superiority
toy,c31_switching_plane,,UNIFORM_14,v1-unchanged-finite-nonstochastic,128,8281,64.6953125,19,5849,2048,2048,>=2048,>=2048,2048.0,0.0,15,MIXED_4_8;MIXED_6_8;UNIFORM_10;UNIFORM_11;UNIFORM_12;UNIFORM_13;UNIFORM_14;UNIFORM_2;UNIFORM_3;UNIFORM_4;UNIFORM_5;UNIFORM_6;UNIFORM_7;UNIFORM_8;UNIFORM_9,False,UNIFORM_10,2048,UNIFORM_10,2048,UNIFORM_10,2048.0,0.0,TEST descriptive best feasible baseline; not DEV-selected and not a statistical superiority test,comparison of reported lower bounds is not a test of true-horizon superiority
toy,c31_switching_plane,,UNIFORM_15,v1-unchanged-finite-nonstochastic,1,5869,5869.0,20,5849,2048,2048,>=2048,>=2048,2048.0,0.0,17,NATIVE_FP32;NATIVE_FP64;UNIFORM_10;UNIFORM_11;UNIFORM_12;UNIFORM_13;UNIFORM_14;UNIFORM_15;UNIFORM_16;UNIFORM_2;UNIFORM_3;UNIFORM_4;UNIFORM_5;UNIFORM_6;UNIFORM_7;UNIFORM_8;UNIFORM_9,True,NATIVE_FP32,2048,NATIVE_FP32,2048,NATIVE_FP32,2048.0,0.0,TEST descriptive best feasible baseline; not DEV-selected and not a statistical superiority test,comparison of reported lower bounds is not a test of true-horizon superiority
toy,c31_switching_plane,,UNIFORM_15,v1-unchanged-finite-nonstochastic,16,6169,385.5625,20,5849,2048,2048,>=2048,>=2048,2048.0,0.0,18,MIXED_4_8;MIXED_6_8;NATIVE_FP32;UNIFORM_10;UNIFORM_11;UNIFORM_12;UNIFORM_13;UNIFORM_14;UNIFORM_15;UNIFORM_16;UNIFORM_2;UNIFORM_3;UNIFORM_4;UNIFORM_5;UNIFORM_6;UNIFORM_7;UNIFORM_8;UNIFORM_9,True,NATIVE_FP32,2048,NATIVE_FP32,2048,NATIVE_FP32,2048.0,0.0,TEST descriptive best feasible baseline; not DEV-selected and not a statistical superiority test,comparison of reported lower bounds is not a test of true-horizon superiority
toy,c31_switching_plane,,UNIFORM_15,v1-unchanged-finite-nonstochastic,128,8409,65.6953125,20,5849,2048,2048,>=2048,>=2048,2048.0,0.0,17,MIXED_4_8;MIXED_6_8;UNIFORM_10;UNIFORM_11;UNIFORM_12;UNIFORM_13;UNIFORM_14;UNIFORM_15;UNIFORM_16;UNIFORM_2;UNIFORM_3;UNIFORM_4;UNIFORM_5;UNIFORM_6;UNIFORM_7;UNIFORM_8;UNIFORM_9,False,UNIFORM_10,2048,UNIFORM_10,2048,UNIFORM_10,2048.0,0.0,TEST descriptive best feasible baseline; not DEV-selected and not a statistical superiority test,comparison of reported lower bounds is not a test of true-horizon superiority
toy,c31_switching_plane,,UNIFORM_16,v1-unchanged-finite-nonstochastic,1,5869,5869.0,20,5849,2048,2048,>=2048,>=2048,2048.0,0.0,17,NATIVE_FP32;NATIVE_FP64;UNIFORM_10;UNIFORM_11;UNIFORM_12;UNIFORM_13;UNIFORM_14;UNIFORM_15;UNIFORM_16;UNIFORM_2;UNIFORM_3;UNIFORM_4;UNIFORM_5;UNIFORM_6;UNIFORM_7;UNIFORM_8;UNIFORM_9,True,NATIVE_FP32,2048,NATIVE_FP32,2048,NATIVE_FP32,2048.0,0.0,TEST descriptive best feasible baseline; not DEV-selected and not a statistical superiority test,comparison of reported lower bounds is not a test of true-horizon superiority
toy,c31_switching_plane,,UNIFORM_16,v1-unchanged-finite-nonstochastic,16,6169,385.5625,20,5849,2048,2048,>=2048,>=2048,2048.0,0.0,18,MIXED_4_8;MIXED_6_8;NATIVE_FP32;UNIFORM_10;UNIFORM_11;UNIFORM_12;UNIFORM_13;UNIFORM_14;UNIFORM_15;UNIFORM_16;UNIFORM_2;UNIFORM_3;UNIFORM_4;UNIFORM_5;UNIFORM_6;UNIFORM_7;UNIFORM_8;UNIFORM_9,True,NATIVE_FP32,2048,NATIVE_FP32,2048,NATIVE_FP32,2048.0,0.0,TEST descriptive best feasible baseline; not DEV-selected and not a statistical superiority test,comparison of reported lower bounds is not a test of true-horizon superiority
toy,c31_switching_plane,,UNIFORM_16,v1-unchanged-finite-nonstochastic,128,8409,65.6953125,20,5849,2048,2048,>=2048,>=2048,2048.0,0.0,17,MIXED_4_8;MIXED_6_8;UNIFORM_10;UNIFORM_11;UNIFORM_12;UNIFORM_13;UNIFORM_14;UNIFORM_15;UNIFORM_16;UNIFORM_2;UNIFORM_3;UNIFORM_4;UNIFORM_5;UNIFORM_6;UNIFORM_7;UNIFORM_8;UNIFORM_9,False,UNIFORM_10,2048,UNIFORM_10,2048,UNIFORM_10,2048.0,0.0,TEST descriptive best feasible baseline; not DEV-selected and not a statistical superiority test,comparison of reported lower bounds is not a test of true-horizon superiority
toy,c31_switching_plane,,STOCHASTIC_4,v2-stochastic-seedkey,1,5930,5930.0,30,5900,,,no qualifying grid horizon (<32),no qualifying grid horizon (<32),6.693359375,1.0,20,MIXED_4_8;MIXED_6_8;NATIVE_FP32;NATIVE_FP64;STOCHASTIC_4;UNIFORM_10;UNIFORM_11;UNIFORM_12;UNIFORM_13;UNIFORM_14;UNIFORM_15;UNIFORM_16;UNIFORM_2;UNIFORM_3;UNIFORM_4;UNIFORM_5;UNIFORM_6;UNIFORM_7;UNIFORM_8;UNIFORM_9,True,NATIVE_FP32,2048,NATIVE_FP32,2048,NATIVE_FP32,2048.0,-2041.306640625,TEST descriptive best feasible baseline; not DEV-selected and not a statistical superiority test,comparison of reported lower bounds is not a test of true-horizon superiority
toy,c31_switching_plane,,STOCHASTIC_4,v2-stochastic-seedkey,16,6380,398.75,30,5900,,,no qualifying grid horizon (<32),no qualifying grid horizon (<32),6.693359375,1.0,20,MIXED_4_8;MIXED_6_8;NATIVE_FP32;NATIVE_FP64;STOCHASTIC_4;UNIFORM_10;UNIFORM_11;UNIFORM_12;UNIFORM_13;UNIFORM_14;UNIFORM_15;UNIFORM_16;UNIFORM_2;UNIFORM_3;UNIFORM_4;UNIFORM_5;UNIFORM_6;UNIFORM_7;UNIFORM_8;UNIFORM_9,True,NATIVE_FP32,2048,NATIVE_FP32,2048,NATIVE_FP32,2048.0,-2041.306640625,TEST descriptive best feasible baseline; not DEV-selected and not a statistical superiority test,comparison of reported lower bounds is not a test of true-horizon superiority
toy,c31_switching_plane,,STOCHASTIC_4,v2-stochastic-seedkey,128,9740,76.09375,30,5900,,,no qualifying grid horizon (<32),no qualifying grid horizon (<32),6.693359375,1.0,19,MIXED_4_8;MIXED_6_8;NATIVE_FP32;STOCHASTIC_4;UNIFORM_10;UNIFORM_11;UNIFORM_12;UNIFORM_13;UNIFORM_14;UNIFORM_15;UNIFORM_16;UNIFORM_2;UNIFORM_3;UNIFORM_4;UNIFORM_5;UNIFORM_6;UNIFORM_7;UNIFORM_8;UNIFORM_9,True,UNIFORM_10,2048,UNIFORM_10,2048,UNIFORM_10,2048.0,-2041.306640625,TEST descriptive best feasible baseline; not DEV-selected and not a statistical superiority test,comparison of reported lower bounds is not a test of true-horizon superiority
toy,c31_switching_plane,,FULL_RESIDUAL_4_4,v1-unchanged-finite-nonstochastic,1,6173,6173.0,20,6153,2048,2048,>=2048,>=2048,2048.0,0.0,20,MIXED_4_8;MIXED_6_8;NATIVE_FP32;NATIVE_FP64;STOCHASTIC_4;UNIFORM_10;UNIFORM_11;UNIFORM_12;UNIFORM_13;UNIFORM_14;UNIFORM_15;UNIFORM_16;UNIFORM_2;UNIFORM_3;UNIFORM_4;UNIFORM_5;UNIFORM_6;UNIFORM_7;UNIFORM_8;UNIFORM_9,True,NATIVE_FP32,2048,NATIVE_FP32,2048,NATIVE_FP32,2048.0,0.0,TEST descriptive best feasible baseline; not DEV-selected and not a statistical superiority test,comparison of reported lower bounds is not a test of true-horizon superiority
toy,c31_switching_plane,,FULL_RESIDUAL_4_4,v1-unchanged-finite-nonstochastic,16,6473,404.5625,20,6153,2048,2048,>=2048,>=2048,2048.0,0.0,20,MIXED_4_8;MIXED_6_8;NATIVE_FP32;NATIVE_FP64;STOCHASTIC_4;UNIFORM_10;UNIFORM_11;UNIFORM_12;UNIFORM_13;UNIFORM_14;UNIFORM_15;UNIFORM_16;UNIFORM_2;UNIFORM_3;UNIFORM_4;UNIFORM_5;UNIFORM_6;UNIFORM_7;UNIFORM_8;UNIFORM_9,True,NATIVE_FP32,2048,NATIVE_FP32,2048,NATIVE_FP32,2048.0,0.0,TEST descriptive best feasible baseline; not DEV-selected and not a statistical superiority test,comparison of reported lower bounds is not a test of true-horizon superiority
toy,c31_switching_plane,,FULL_RESIDUAL_4_4,v1-unchanged-finite-nonstochastic,128,8713,68.0703125,20,6153,2048,2048,>=2048,>=2048,2048.0,0.0,18,MIXED_4_8;MIXED_6_8;NATIVE_FP32;UNIFORM_10;UNIFORM_11;UNIFORM_12;UNIFORM_13;UNIFORM_14;UNIFORM_15;UNIFORM_16;UNIFORM_2;UNIFORM_3;UNIFORM_4;UNIFORM_5;UNIFORM_6;UNIFORM_7;UNIFORM_8;UNIFORM_9,True,UNIFORM_10,2048,UNIFORM_10,2048,UNIFORM_10,2048.0,0.0,TEST descriptive best feasible baseline; not DEV-selected and not a statistical superiority test,comparison of reported lower bounds is not a test of true-horizon superiority
toy,c31_switching_plane,,FULL_RESIDUAL_4_FP32,v1-unchanged-finite-nonstochastic,1,5967,5967.0,30,5937,2048,2048,>=2048,>=2048,2048.0,0.0,20,MIXED_4_8;MIXED_6_8;NATIVE_FP32;NATIVE_FP64;STOCHASTIC_4;UNIFORM_10;UNIFORM_11;UNIFORM_12;UNIFORM_13;UNIFORM_14;UNIFORM_15;UNIFORM_16;UNIFORM_2;UNIFORM_3;UNIFORM_4;UNIFORM_5;UNIFORM_6;UNIFORM_7;UNIFORM_8;UNIFORM_9,True,NATIVE_FP32,2048,NATIVE_FP32,2048,NATIVE_FP32,2048.0,0.0,TEST descriptive best feasible baseline; not DEV-selected and not a statistical superiority test,comparison of reported lower bounds is not a test of true-horizon superiority
toy,c31_switching_plane,,FULL_RESIDUAL_4_FP32,v1-unchanged-finite-nonstochastic,16,6417,401.0625,30,5937,2048,2048,>=2048,>=2048,2048.0,0.0,20,MIXED_4_8;MIXED_6_8;NATIVE_FP32;NATIVE_FP64;STOCHASTIC_4;UNIFORM_10;UNIFORM_11;UNIFORM_12;UNIFORM_13;UNIFORM_14;UNIFORM_15;UNIFORM_16;UNIFORM_2;UNIFORM_3;UNIFORM_4;UNIFORM_5;UNIFORM_6;UNIFORM_7;UNIFORM_8;UNIFORM_9,True,NATIVE_FP32,2048,NATIVE_FP32,2048,NATIVE_FP32,2048.0,0.0,TEST descriptive best feasible baseline; not DEV-selected and not a statistical superiority test,comparison of reported lower bounds is not a test of true-horizon superiority
toy,c31_switching_plane,,FULL_RESIDUAL_4_FP32,v1-unchanged-finite-nonstochastic,128,9777,76.3828125,30,5937,2048,2048,>=2048,>=2048,2048.0,0.0,19,MIXED_4_8;MIXED_6_8;NATIVE_FP32;STOCHASTIC_4;UNIFORM_10;UNIFORM_11;UNIFORM_12;UNIFORM_13;UNIFORM_14;UNIFORM_15;UNIFORM_16;UNIFORM_2;UNIFORM_3;UNIFORM_4;UNIFORM_5;UNIFORM_6;UNIFORM_7;UNIFORM_8;UNIFORM_9,True,UNIFORM_10,2048,UNIFORM_10,2048,UNIFORM_10,2048.0,0.0,TEST descriptive best feasible baseline; not DEV-selected and not a statistical superiority test,comparison of reported lower bounds is not a test of true-horizon superiority
toy,c31_switching_plane,,LOWRANK_4_8,v1-unchanged-finite-nonstochastic,1,6209,6209.0,20,6189,32,32,32,32,43.76953125,1.0,20,MIXED_4_8;MIXED_6_8;NATIVE_FP32;NATIVE_FP64;STOCHASTIC_4;UNIFORM_10;UNIFORM_11;UNIFORM_12;UNIFORM_13;UNIFORM_14;UNIFORM_15;UNIFORM_16;UNIFORM_2;UNIFORM_3;UNIFORM_4;UNIFORM_5;UNIFORM_6;UNIFORM_7;UNIFORM_8;UNIFORM_9,True,NATIVE_FP32,2048,NATIVE_FP32,2048,NATIVE_FP32,2048.0,-2004.23046875,TEST descriptive best feasible baseline; not DEV-selected and not a statistical superiority test,comparison of reported lower bounds is not a test of true-horizon superiority
toy,c31_switching_plane,,LOWRANK_4_8,v1-unchanged-finite-nonstochastic,16,6509,406.8125,20,6189,32,32,32,32,43.76953125,1.0,20,MIXED_4_8;MIXED_6_8;NATIVE_FP32;NATIVE_FP64;STOCHASTIC_4;UNIFORM_10;UNIFORM_11;UNIFORM_12;UNIFORM_13;UNIFORM_14;UNIFORM_15;UNIFORM_16;UNIFORM_2;UNIFORM_3;UNIFORM_4;UNIFORM_5;UNIFORM_6;UNIFORM_7;UNIFORM_8;UNIFORM_9,True,NATIVE_FP32,2048,NATIVE_FP32,2048,NATIVE_FP32,2048.0,-2004.23046875,TEST descriptive best feasible baseline; not DEV-selected and not a statistical superiority test,comparison of reported lower bounds is not a test of true-horizon superiority
toy,c31_switching_plane,,LOWRANK_4_8,v1-unchanged-finite-nonstochastic,128,8749,68.3515625,20,6189,32,32,32,32,43.76953125,1.0,18,MIXED_4_8;MIXED_6_8;NATIVE_FP32;UNIFORM_10;UNIFORM_11;UNIFORM_12;UNIFORM_13;UNIFORM_14;UNIFORM_15;UNIFORM_16;UNIFORM_2;UNIFORM_3;UNIFORM_4;UNIFORM_5;UNIFORM_6;UNIFORM_7;UNIFORM_8;UNIFORM_9,True,UNIFORM_10,2048,UNIFORM_10,2048,UNIFORM_10,2048.0,-2004.23046875,TEST descriptive best feasible baseline; not DEV-selected and not a statistical superiority test,comparison of reported lower bounds is not a test of true-horizon superiority
toy,c31_switching_plane,,UNTRANSPORTED_4_4,v1-unchanged-finite-nonstochastic,1,6175,6175.0,20,6155,,,no qualifying grid horizon (<32),no qualifying grid horizon (<32),9.78125,1.0,20,MIXED_4_8;MIXED_6_8;NATIVE_FP32;NATIVE_FP64;STOCHASTIC_4;UNIFORM_10;UNIFORM_11;UNIFORM_12;UNIFORM_13;UNIFORM_14;UNIFORM_15;UNIFORM_16;UNIFORM_2;UNIFORM_3;UNIFORM_4;UNIFORM_5;UNIFORM_6;UNIFORM_7;UNIFORM_8;UNIFORM_9,True,NATIVE_FP32,2048,NATIVE_FP32,2048,NATIVE_FP32,2048.0,-2038.21875,TEST descriptive best feasible baseline; not DEV-selected and not a statistical superiority test,comparison of reported lower bounds is not a test of true-horizon superiority
toy,c31_switching_plane,,UNTRANSPORTED_4_4,v1-unchanged-finite-nonstochastic,16,6475,404.6875,20,6155,,,no qualifying grid horizon (<32),no qualifying grid horizon (<32),9.78125,1.0,20,MIXED_4_8;MIXED_6_8;NATIVE_FP32;NATIVE_FP64;STOCHASTIC_4;UNIFORM_10;UNIFORM_11;UNIFORM_12;UNIFORM_13;UNIFORM_14;UNIFORM_15;UNIFORM_16;UNIFORM_2;UNIFORM_3;UNIFORM_4;UNIFORM_5;UNIFORM_6;UNIFORM_7;UNIFORM_8;UNIFORM_9,True,NATIVE_FP32,2048,NATIVE_FP32,2048,NATIVE_FP32,2048.0,-2038.21875,TEST descriptive best feasible baseline; not DEV-selected and not a statistical superiority test,comparison of reported lower bounds is not a test of true-horizon superiority
toy,c31_switching_plane,,UNTRANSPORTED_4_4,v1-unchanged-finite-nonstochastic,128,8715,68.0859375,20,6155,,,no qualifying grid horizon (<32),no qualifying grid horizon (<32),9.78125,1.0,18,MIXED_4_8;MIXED_6_8;NATIVE_FP32;UNIFORM_10;UNIFORM_11;UNIFORM_12;UNIFORM_13;UNIFORM_14;UNIFORM_15;UNIFORM_16;UNIFORM_2;UNIFORM_3;UNIFORM_4;UNIFORM_5;UNIFORM_6;UNIFORM_7;UNIFORM_8;UNIFORM_9,True,UNIFORM_10,2048,UNIFORM_10,2048,UNIFORM_10,2048.0,-2038.21875,TEST descriptive best feasible baseline; not DEV-selected and not a statistical superiority test,comparison of reported lower bounds is not a test of true-horizon superiority
toy,c31_switching_plane,,MIXED_4_8,v1-unchanged-finite-nonstochastic,1,5870,5870.0,15,5855,,,no qualifying grid horizon (<32),no qualifying grid horizon (<32),21.34765625,1.0,18,MIXED_4_8;NATIVE_FP32;NATIVE_FP64;UNIFORM_10;UNIFORM_11;UNIFORM_12;UNIFORM_13;UNIFORM_14;UNIFORM_15;UNIFORM_16;UNIFORM_2;UNIFORM_3;UNIFORM_4;UNIFORM_5;UNIFORM_6;UNIFORM_7;UNIFORM_8;UNIFORM_9,True,NATIVE_FP32,2048,NATIVE_FP32,2048,NATIVE_FP32,2048.0,-2026.65234375,TEST descriptive best feasible baseline; not DEV-selected and not a statistical superiority test,comparison of reported lower bounds is not a test of true-horizon superiority
toy,c31_switching_plane,,MIXED_4_8,v1-unchanged-finite-nonstochastic,16,6095,380.9375,15,5855,,,no qualifying grid horizon (<32),no qualifying grid horizon (<32),21.34765625,1.0,7,MIXED_4_8;NATIVE_FP32;UNIFORM_2;UNIFORM_3;UNIFORM_4;UNIFORM_5;UNIFORM_6,True,NATIVE_FP32,2048,NATIVE_FP32,2048,NATIVE_FP32,2048.0,-2026.65234375,TEST descriptive best feasible baseline; not DEV-selected and not a statistical superiority test,comparison of reported lower bounds is not a test of true-horizon superiority
toy,c31_switching_plane,,MIXED_4_8,v1-unchanged-finite-nonstochastic,128,7775,60.7421875,15,5855,,,no qualifying grid horizon (<32),no qualifying grid horizon (<32),21.34765625,1.0,6,MIXED_4_8;UNIFORM_2;UNIFORM_3;UNIFORM_4;UNIFORM_5;UNIFORM_6,False,UNIFORM_6,,UNIFORM_6,32,UNIFORM_6,196.5546875,-175.20703125,TEST descriptive best feasible baseline; not DEV-selected and not a statistical superiority test,comparison of reported lower bounds is not a test of true-horizon superiority
toy,c31_switching_plane,,MIXED_6_8,v1-unchanged-finite-nonstochastic,1,5871,5871.0,16,5855,64,32,64,32,370.10546875,0.998046875,19,MIXED_4_8;MIXED_6_8;NATIVE_FP32;NATIVE_FP64;UNIFORM_10;UNIFORM_11;UNIFORM_12;UNIFORM_13;UNIFORM_14;UNIFORM_15;UNIFORM_16;UNIFORM_2;UNIFORM_3;UNIFORM_4;UNIFORM_5;UNIFORM_6;UNIFORM_7;UNIFORM_8;UNIFORM_9,True,NATIVE_FP32,2048,NATIVE_FP32,2048,NATIVE_FP32,2048.0,-1677.89453125,TEST descriptive best feasible baseline; not DEV-selected and not a statistical superiority test,comparison of reported lower bounds is not a test of true-horizon superiority
toy,c31_switching_plane,,MIXED_6_8,v1-unchanged-finite-nonstochastic,16,6111,381.9375,16,5855,64,32,64,32,370.10546875,0.998046875,10,MIXED_4_8;MIXED_6_8;NATIVE_FP32;UNIFORM_2;UNIFORM_3;UNIFORM_4;UNIFORM_5;UNIFORM_6;UNIFORM_7;UNIFORM_8,True,NATIVE_FP32,2048,NATIVE_FP32,2048,NATIVE_FP32,2048.0,-1677.89453125,TEST descriptive best feasible baseline; not DEV-selected and not a statistical superiority test,comparison of reported lower bounds is not a test of true-horizon superiority
toy,c31_switching_plane,,MIXED_6_8,v1-unchanged-finite-nonstochastic,128,7903,61.7421875,16,5855,64,32,64,32,370.10546875,0.998046875,9,MIXED_4_8;MIXED_6_8;UNIFORM_2;UNIFORM_3;UNIFORM_4;UNIFORM_5;UNIFORM_6;UNIFORM_7;UNIFORM_8,False,UNIFORM_8,256,UNIFORM_8,512,UNIFORM_8,1656.677734375,-1286.572265625,TEST descriptive best feasible baseline; not DEV-selected and not a statistical superiority test,comparison of reported lower bounds is not a test of true-horizon superiority
toy,c31_switching_plane,,COEFFICIENT_INT8_FP32,v1-unchanged-finite-nonstochastic,1,1271540,1271540.0,24,1271516,256,128,256,128,1269.15625,0.724609375,20,MIXED_4_8;MIXED_6_8;NATIVE_FP32;NATIVE_FP64;STOCHASTIC_4;UNIFORM_10;UNIFORM_11;UNIFORM_12;UNIFORM_13;UNIFORM_14;UNIFORM_15;UNIFORM_16;UNIFORM_2;UNIFORM_3;UNIFORM_4;UNIFORM_5;UNIFORM_6;UNIFORM_7;UNIFORM_8;UNIFORM_9,True,NATIVE_FP32,2048,NATIVE_FP32,2048,NATIVE_FP32,2048.0,-778.84375,TEST descriptive best feasible baseline; not DEV-selected and not a statistical superiority test,comparison of reported lower bounds is not a test of true-horizon superiority
toy,c31_switching_plane,,COEFFICIENT_INT8_FP32,v1-unchanged-finite-nonstochastic,16,1271900,79493.75,24,1271516,256,128,256,128,1269.15625,0.724609375,20,MIXED_4_8;MIXED_6_8;NATIVE_FP32;NATIVE_FP64;STOCHASTIC_4;UNIFORM_10;UNIFORM_11;UNIFORM_12;UNIFORM_13;UNIFORM_14;UNIFORM_15;UNIFORM_16;UNIFORM_2;UNIFORM_3;UNIFORM_4;UNIFORM_5;UNIFORM_6;UNIFORM_7;UNIFORM_8;UNIFORM_9,True,NATIVE_FP32,2048,NATIVE_FP32,2048,NATIVE_FP32,2048.0,-778.84375,TEST descriptive best feasible baseline; not DEV-selected and not a statistical superiority test,comparison of reported lower bounds is not a test of true-horizon superiority
toy,c31_switching_plane,,COEFFICIENT_INT8_FP32,v1-unchanged-finite-nonstochastic,128,1274588,9957.71875,24,1271516,256,128,256,128,1269.15625,0.724609375,20,MIXED_4_8;MIXED_6_8;NATIVE_FP32;NATIVE_FP64;STOCHASTIC_4;UNIFORM_10;UNIFORM_11;UNIFORM_12;UNIFORM_13;UNIFORM_14;UNIFORM_15;UNIFORM_16;UNIFORM_2;UNIFORM_3;UNIFORM_4;UNIFORM_5;UNIFORM_6;UNIFORM_7;UNIFORM_8;UNIFORM_9,True,UNIFORM_10,2048,UNIFORM_10,2048,UNIFORM_10,2048.0,-778.84375,TEST descriptive best feasible baseline; not DEV-selected and not a statistical superiority test,comparison of reported lower bounds is not a test of true-horizon superiority
learned,learned_s3,0,FULL_RESIDUAL_4_4,frozen-learned-primary,1,33110,33110.0,3176,29934,128,64,128,64,282.251953125,1.0,10,MIXED_4_8;MIXED_6_8;STOCHASTIC_4;UNIFORM_2;UNIFORM_3;UNIFORM_4;UNIFORM_5;UNIFORM_6;UNIFORM_7;UNIFORM_8,False,UNIFORM_8,64,UNIFORM_8,128,UNIFORM_8,283.435546875,-1.18359375,TEST descriptive best feasible baseline; not DEV-selected and not a statistical superiority test,comparison of reported lower bounds is not a test of true-horizon superiority
learned,learned_s3,0,FULL_RESIDUAL_4_4,frozen-learned-primary,16,80750,5046.875,3176,29934,128,64,128,64,282.251953125,1.0,10,MIXED_4_8;MIXED_6_8;STOCHASTIC_4;UNIFORM_2;UNIFORM_3;UNIFORM_4;UNIFORM_5;UNIFORM_6;UNIFORM_7;UNIFORM_8,False,UNIFORM_8,64,UNIFORM_8,128,UNIFORM_8,283.435546875,-1.18359375,TEST descriptive best feasible baseline; not DEV-selected and not a statistical superiority test,comparison of reported lower bounds is not a test of true-horizon superiority
learned,learned_s3,0,FULL_RESIDUAL_4_4,frozen-learned-primary,128,436462,3409.859375,3176,29934,128,64,128,64,282.251953125,1.0,10,MIXED_4_8;MIXED_6_8;STOCHASTIC_4;UNIFORM_2;UNIFORM_3;UNIFORM_4;UNIFORM_5;UNIFORM_6;UNIFORM_7;UNIFORM_8,False,UNIFORM_8,64,UNIFORM_8,128,UNIFORM_8,283.435546875,-1.18359375,TEST descriptive best feasible baseline; not DEV-selected and not a statistical superiority test,comparison of reported lower bounds is not a test of true-horizon superiority
learned,learned_s3,0,FULL_RESIDUAL_4_8,frozen-learned-primary,1,34646,34646.0,4712,29934,128,64,128,64,282.884765625,1.0,14,MIXED_4_8;MIXED_6_8;STOCHASTIC_4;UNIFORM_10;UNIFORM_11;UNIFORM_12;UNIFORM_2;UNIFORM_3;UNIFORM_4;UNIFORM_5;UNIFORM_6;UNIFORM_7;UNIFORM_8;UNIFORM_9,False,UNIFORM_9,64,UNIFORM_9,128,UNIFORM_9,284.83203125,-1.947265625,TEST descriptive best feasible baseline; not DEV-selected and not a statistical superiority test,comparison of reported lower bounds is not a test of true-horizon superiority
learned,learned_s3,0,FULL_RESIDUAL_4_8,frozen-learned-primary,16,105326,6582.875,4712,29934,128,64,128,64,282.884765625,1.0,14,MIXED_4_8;MIXED_6_8;STOCHASTIC_4;UNIFORM_10;UNIFORM_11;UNIFORM_12;UNIFORM_2;UNIFORM_3;UNIFORM_4;UNIFORM_5;UNIFORM_6;UNIFORM_7;UNIFORM_8;UNIFORM_9,False,UNIFORM_9,64,UNIFORM_9,128,UNIFORM_9,284.83203125,-1.947265625,TEST descriptive best feasible baseline; not DEV-selected and not a statistical superiority test,comparison of reported lower bounds is not a test of true-horizon superiority
learned,learned_s3,0,FULL_RESIDUAL_4_8,frozen-learned-primary,128,633070,4945.859375,4712,29934,128,64,128,64,282.884765625,1.0,14,MIXED_4_8;MIXED_6_8;STOCHASTIC_4;UNIFORM_10;UNIFORM_11;UNIFORM_12;UNIFORM_2;UNIFORM_3;UNIFORM_4;UNIFORM_5;UNIFORM_6;UNIFORM_7;UNIFORM_8;UNIFORM_9,False,UNIFORM_9,64,UNIFORM_9,128,UNIFORM_9,284.83203125,-1.947265625,TEST descriptive best feasible baseline; not DEV-selected and not a statistical superiority test,comparison of reported lower bounds is not a test of true-horizon superiority
learned,learned_s3,0,FULL_RESIDUAL_4_FP32,frozen-learned-primary,1,43598,43598.0,13880,29718,128,64,128,64,283.099609375,1.0,19,MIXED_4_8;MIXED_6_8;NATIVE_FP32;STOCHASTIC_4;UNIFORM_10;UNIFORM_11;UNIFORM_12;UNIFORM_13;UNIFORM_14;UNIFORM_15;UNIFORM_16;UNIFORM_2;UNIFORM_3;UNIFORM_4;UNIFORM_5;UNIFORM_6;UNIFORM_7;UNIFORM_8;UNIFORM_9,True,UNIFORM_9,64,UNIFORM_9,128,UNIFORM_9,284.83203125,-1.732421875,TEST descriptive best feasible baseline; not DEV-selected and not a statistical superiority test,comparison of reported lower bounds is not a test of true-horizon superiority
learned,learned_s3,0,FULL_RESIDUAL_4_FP32,frozen-learned-primary,16,251798,15737.375,13880,29718,128,64,128,64,283.099609375,1.0,19,MIXED_4_8;MIXED_6_8;NATIVE_FP32;STOCHASTIC_4;UNIFORM_10;UNIFORM_11;UNIFORM_12;UNIFORM_13;UNIFORM_14;UNIFORM_15;UNIFORM_16;UNIFORM_2;UNIFORM_3;UNIFORM_4;UNIFORM_5;UNIFORM_6;UNIFORM_7;UNIFORM_8;UNIFORM_9,True,UNIFORM_9,64,UNIFORM_9,128,UNIFORM_9,284.83203125,-1.732421875,TEST descriptive best feasible baseline; not DEV-selected and not a statistical superiority test,comparison of reported lower bounds is not a test of true-horizon superiority
learned,learned_s3,0,FULL_RESIDUAL_4_FP32,frozen-learned-primary,128,1806358,14112.171875,13880,29718,128,64,128,64,283.099609375,1.0,19,MIXED_4_8;MIXED_6_8;NATIVE_FP32;STOCHASTIC_4;UNIFORM_10;UNIFORM_11;UNIFORM_12;UNIFORM_13;UNIFORM_14;UNIFORM_15;UNIFORM_16;UNIFORM_2;UNIFORM_3;UNIFORM_4;UNIFORM_5;UNIFORM_6;UNIFORM_7;UNIFORM_8;UNIFORM_9,True,UNIFORM_9,64,UNIFORM_9,128,UNIFORM_9,284.83203125,-1.732421875,TEST descriptive best feasible baseline; not DEV-selected and not a statistical superiority test,comparison of reported lower bounds is not a test of true-horizon superiority
learned,learned_s3,0,LOWRANK_4_8_R1,frozen-learned-primary,1,32539,32539.0,1832,30707,64,64,64,64,202.091796875,1.0,8,MIXED_4_8;STOCHASTIC_4;UNIFORM_2;UNIFORM_3;UNIFORM_4;UNIFORM_5;UNIFORM_6;UNIFORM_7,False,UNIFORM_7,64,UNIFORM_7,128,UNIFORM_7,282.333984375,-80.2421875,TEST descriptive best feasible baseline; not DEV-selected and not a statistical superiority test,comparison of reported lower bounds is not a test of true-horizon superiority
learned,learned_s3,0,LOWRANK_4_8_R1,frozen-learned-primary,16,60019,3751.1875,1832,30707,64,64,64,64,202.091796875,1.0,4,STOCHASTIC_4;UNIFORM_2;UNIFORM_3;UNIFORM_4,False,UNIFORM_4,32,UNIFORM_4,64,UNIFORM_4,147.93359375,54.158203125,TEST descriptive best feasible baseline; not DEV-selected and not a statistical superiority test,comparison of reported lower bounds is not a test of true-horizon superiority
learned,learned_s3,0,LOWRANK_4_8_R1,frozen-learned-primary,128,265203,2071.8984375,1832,30707,64,64,64,64,202.091796875,1.0,4,STOCHASTIC_4;UNIFORM_2;UNIFORM_3;UNIFORM_4,False,UNIFORM_4,32,UNIFORM_4,64,UNIFORM_4,147.93359375,54.158203125,TEST descriptive best feasible baseline; not DEV-selected and not a statistical superiority test,comparison of reported lower bounds is not a test of true-horizon superiority
learned,learned_s3,0,LOWRANK_4_8_R2,frozen-learned-primary,1,33499,33499.0,2024,31475,128,64,128,64,282.890625,1.0,11,MIXED_4_8;MIXED_6_8;STOCHASTIC_4;UNIFORM_2;UNIFORM_3;UNIFORM_4;UNIFORM_5;UNIFORM_6;UNIFORM_7;UNIFORM_8;UNIFORM_9,False,UNIFORM_9,64,UNIFORM_9,128,UNIFORM_9,284.83203125,-1.94140625,TEST descriptive best feasible baseline; not DEV-selected and not a statistical superiority test,comparison of reported lower bounds is not a test of true-horizon superiority
learned,learned_s3,0,LOWRANK_4_8_R2,frozen-learned-primary,16,63859,3991.1875,2024,31475,128,64,128,64,282.890625,1.0,6,MIXED_4_8;STOCHASTIC_4;UNIFORM_2;UNIFORM_3;UNIFORM_4;UNIFORM_5,False,UNIFORM_5,64,MIXED_4_8,128,UNIFORM_5,235.82421875,47.06640625,TEST descriptive best feasible baseline; not DEV-selected and not a statistical superiority test,comparison of reported lower bounds is not a test of true-horizon superiority
learned,learned_s3,0,LOWRANK_4_8_R2,frozen-learned-primary,128,290547,2269.8984375,2024,31475,128,64,128,64,282.890625,1.0,6,MIXED_4_8;STOCHASTIC_4;UNIFORM_2;UNIFORM_3;UNIFORM_4;UNIFORM_5,False,UNIFORM_5,64,MIXED_4_8,128,UNIFORM_5,235.82421875,47.06640625,TEST descriptive best feasible baseline; not DEV-selected and not a statistical superiority test,comparison of reported lower bounds is not a test of true-horizon superiority
learned,learned_s3,0,LOWRANK_4_8_R4,frozen-learned-primary,1,35419,35419.0,2408,33011,128,64,128,64,241.79296875,1.0,16,MIXED_4_8;MIXED_6_8;STOCHASTIC_4;UNIFORM_10;UNIFORM_11;UNIFORM_12;UNIFORM_13;UNIFORM_14;UNIFORM_2;UNIFORM_3;UNIFORM_4;UNIFORM_5;UNIFORM_6;UNIFORM_7;UNIFORM_8;UNIFORM_9,False,UNIFORM_9,64,UNIFORM_9,128,UNIFORM_9,284.83203125,-43.0390625,TEST descriptive best feasible baseline; not DEV-selected and not a statistical superiority test,comparison of reported lower bounds is not a test of true-horizon superiority
learned,learned_s3,0,LOWRANK_4_8_R4,frozen-learned-primary,16,71539,4471.1875,2408,33011,128,64,128,64,241.79296875,1.0,7,MIXED_4_8;STOCHASTIC_4;UNIFORM_2;UNIFORM_3;UNIFORM_4;UNIFORM_5;UNIFORM_6,False,UNIFORM_6,64,UNIFORM_6,128,UNIFORM_6,273.939453125,-32.146484375,TEST descriptive best feasible baseline; not DEV-selected and not a statistical superiority test,comparison of reported lower bounds is not a test of true-horizon superiority
learned,learned_s3,0,LOWRANK_4_8_R4,frozen-learned-primary,128,341235,2665.8984375,2408,33011,128,64,128,64,241.79296875,1.0,7,MIXED_4_8;STOCHASTIC_4;UNIFORM_2;UNIFORM_3;UNIFORM_4;UNIFORM_5;UNIFORM_6,False,UNIFORM_6,64,UNIFORM_6,128,UNIFORM_6,273.939453125,-32.146484375,TEST descriptive best feasible baseline; not DEV-selected and not a statistical superiority test,comparison of reported lower bounds is not a test of true-horizon superiority
learned,learned_s3,0,MIXED_4_8,frozen-learned-primary,1,32007,32007.0,1976,30031,128,64,128,64,231.296875,1.0,7,MIXED_4_8;STOCHASTIC_4;UNIFORM_2;UNIFORM_3;UNIFORM_4;UNIFORM_5;UNIFORM_6,False,UNIFORM_6,64,UNIFORM_6,128,UNIFORM_6,273.939453125,-42.642578125,TEST descriptive best feasible baseline; not DEV-selected and not a statistical superiority test,comparison of reported lower bounds is not a test of true-horizon superiority
learned,learned_s3,0,MIXED_4_8,frozen-learned-primary,16,61647,3852.9375,1976,30031,128,64,128,64,231.296875,1.0,6,MIXED_4_8;STOCHASTIC_4;UNIFORM_2;UNIFORM_3;UNIFORM_4;UNIFORM_5,False,UNIFORM_5,64,MIXED_4_8,128,UNIFORM_5,235.82421875,-4.52734375,TEST descriptive best feasible baseline; not DEV-selected and not a statistical superiority test,comparison of reported lower bounds is not a test of true-horizon superiority
learned,learned_s3,0,MIXED_4_8,frozen-learned-primary,128,282959,2210.6171875,1976,30031,128,64,128,64,231.296875,1.0,6,MIXED_4_8;STOCHASTIC_4;UNIFORM_2;UNIFORM_3;UNIFORM_4;UNIFORM_5,False,UNIFORM_5,64,MIXED_4_8,128,UNIFORM_5,235.82421875,-4.52734375,TEST descriptive best feasible baseline; not DEV-selected and not a statistical superiority test,comparison of reported lower bounds is not a test of true-horizon superiority
learned,learned_s3,0,MIXED_6_8,frozen-learned-primary,1,32775,32775.0,2744,30031,128,64,128,64,276.1171875,1.0,10,MIXED_4_8;MIXED_6_8;STOCHASTIC_4;UNIFORM_2;UNIFORM_3;UNIFORM_4;UNIFORM_5;UNIFORM_6;UNIFORM_7;UNIFORM_8,False,UNIFORM_8,64,UNIFORM_8,128,UNIFORM_8,283.435546875,-7.318359375,TEST descriptive best feasible baseline; not DEV-selected and not a statistical superiority test,comparison of reported lower bounds is not a test of true-horizon superiority
learned,learned_s3,0,MIXED_6_8,frozen-learned-primary,16,73935,4620.9375,2744,30031,128,64,128,64,276.1171875,1.0,9,MIXED_4_8;MIXED_6_8;STOCHASTIC_4;UNIFORM_2;UNIFORM_3;UNIFORM_4;UNIFORM_5;UNIFORM_6;UNIFORM_7,False,UNIFORM_7,64,UNIFORM_7,128,UNIFORM_7,282.333984375,-6.216796875,TEST descriptive best feasible baseline; not DEV-selected and not a statistical superiority test,comparison of reported lower bounds is not a test of true-horizon superiority
learned,learned_s3,0,MIXED_6_8,frozen-learned-primary,128,381263,2978.6171875,2744,30031,128,64,128,64,276.1171875,1.0,9,MIXED_4_8;MIXED_6_8;STOCHASTIC_4;UNIFORM_2;UNIFORM_3;UNIFORM_4;UNIFORM_5;UNIFORM_6;UNIFORM_7,False,UNIFORM_7,64,UNIFORM_7,128,UNIFORM_7,282.333984375,-6.216796875,TEST descriptive best feasible baseline; not DEV-selected and not a statistical superiority test,comparison of reported lower bounds is not a test of true-horizon superiority
learned,learned_s3,0,NATIVE_FP32,frozen-learned-primary,1,41706,41706.0,12296,29410,128,64,128,64,283.099609375,1.0,19,MIXED_4_8;MIXED_6_8;NATIVE_FP32;STOCHASTIC_4;UNIFORM_10;UNIFORM_11;UNIFORM_12;UNIFORM_13;UNIFORM_14;UNIFORM_15;UNIFORM_16;UNIFORM_2;UNIFORM_3;UNIFORM_4;UNIFORM_5;UNIFORM_6;UNIFORM_7;UNIFORM_8;UNIFORM_9,True,UNIFORM_9,64,UNIFORM_9,128,UNIFORM_9,284.83203125,-1.732421875,TEST descriptive best feasible baseline; not DEV-selected and not a statistical superiority test,comparison of reported lower bounds is not a test of true-horizon superiority
learned,learned_s3,0,NATIVE_FP32,frozen-learned-primary,16,226146,14134.125,12296,29410,128,64,128,64,283.099609375,1.0,19,MIXED_4_8;MIXED_6_8;NATIVE_FP32;STOCHASTIC_4;UNIFORM_10;UNIFORM_11;UNIFORM_12;UNIFORM_13;UNIFORM_14;UNIFORM_15;UNIFORM_16;UNIFORM_2;UNIFORM_3;UNIFORM_4;UNIFORM_5;UNIFORM_6;UNIFORM_7;UNIFORM_8;UNIFORM_9,True,UNIFORM_9,64,UNIFORM_9,128,UNIFORM_9,284.83203125,-1.732421875,TEST descriptive best feasible baseline; not DEV-selected and not a statistical superiority test,comparison of reported lower bounds is not a test of true-horizon superiority
learned,learned_s3,0,NATIVE_FP32,frozen-learned-primary,128,1603298,12525.765625,12296,29410,128,64,128,64,283.099609375,1.0,19,MIXED_4_8;MIXED_6_8;NATIVE_FP32;STOCHASTIC_4;UNIFORM_10;UNIFORM_11;UNIFORM_12;UNIFORM_13;UNIFORM_14;UNIFORM_15;UNIFORM_16;UNIFORM_2;UNIFORM_3;UNIFORM_4;UNIFORM_5;UNIFORM_6;UNIFORM_7;UNIFORM_8;UNIFORM_9,True,UNIFORM_9,64,UNIFORM_9,128,UNIFORM_9,284.83203125,-1.732421875,TEST descriptive best feasible baseline; not DEV-selected and not a statistical superiority test,comparison of reported lower bounds is not a test of true-horizon superiority
learned,learned_s3,0,STOCHASTIC_4,frozen-learned-primary,1,31286,31286.0,1608,29678,32,32,32,32,80.123046875,1.0,4,STOCHASTIC_4;UNIFORM_2;UNIFORM_3;UNIFORM_4,False,UNIFORM_4,32,UNIFORM_4,64,UNIFORM_4,147.93359375,-67.810546875,TEST descriptive best feasible baseline; not DEV-selected and not a statistical superiority test,comparison of reported lower bounds is not a test of true-horizon superiority
learned,learned_s3,0,STOCHASTIC_4,frozen-learned-primary,16,55406,3462.875,1608,29678,32,32,32,32,80.123046875,1.0,4,STOCHASTIC_4;UNIFORM_2;UNIFORM_3;UNIFORM_4,False,UNIFORM_4,32,UNIFORM_4,64,UNIFORM_4,147.93359375,-67.810546875,TEST descriptive best feasible baseline; not DEV-selected and not a statistical superiority test,comparison of reported lower bounds is not a test of true-horizon superiority
learned,learned_s3,0,STOCHASTIC_4,frozen-learned-primary,128,235502,1839.859375,1608,29678,32,32,32,32,80.123046875,1.0,4,STOCHASTIC_4;UNIFORM_2;UNIFORM_3;UNIFORM_4,False,UNIFORM_4,32,UNIFORM_4,64,UNIFORM_4,147.93359375,-67.810546875,TEST descriptive best feasible baseline; not DEV-selected and not a statistical superiority test,comparison of reported lower bounds is not a test of true-horizon superiority
learned,learned_s3,0,UNIFORM_10,frozen-learned-primary,1,33523,33523.0,3896,29627,128,64,128,64,283.822265625,1.0,12,MIXED_4_8;MIXED_6_8;STOCHASTIC_4;UNIFORM_10;UNIFORM_2;UNIFORM_3;UNIFORM_4;UNIFORM_5;UNIFORM_6;UNIFORM_7;UNIFORM_8;UNIFORM_9,False,UNIFORM_9,64,UNIFORM_9,128,UNIFORM_9,284.83203125,-1.009765625,TEST descriptive best feasible baseline; not DEV-selected and not a statistical superiority test,comparison of reported lower bounds is not a test of true-horizon superiority
learned,learned_s3,0,UNIFORM_10,frozen-learned-primary,16,91963,5747.6875,3896,29627,128,64,128,64,283.822265625,1.0,12,MIXED_4_8;MIXED_6_8;STOCHASTIC_4;UNIFORM_10;UNIFORM_2;UNIFORM_3;UNIFORM_4;UNIFORM_5;UNIFORM_6;UNIFORM_7;UNIFORM_8;UNIFORM_9,False,UNIFORM_9,64,UNIFORM_9,128,UNIFORM_9,284.83203125,-1.009765625,TEST descriptive best feasible baseline; not DEV-selected and not a statistical superiority test,comparison of reported lower bounds is not a test of true-horizon superiority
learned,learned_s3,0,UNIFORM_10,frozen-learned-primary,128,528315,4127.4609375,3896,29627,128,64,128,64,283.822265625,1.0,12,MIXED_4_8;MIXED_6_8;STOCHASTIC_4;UNIFORM_10;UNIFORM_2;UNIFORM_3;UNIFORM_4;UNIFORM_5;UNIFORM_6;UNIFORM_7;UNIFORM_8;UNIFORM_9,False,UNIFORM_9,64,UNIFORM_9,128,UNIFORM_9,284.83203125,-1.009765625,TEST descriptive best feasible baseline; not DEV-selected and not a statistical superiority test,comparison of reported lower bounds is not a test of true-horizon superiority
learned,learned_s3,0,UNIFORM_11,frozen-learned-primary,1,33907,33907.0,4280,29627,128,64,128,64,282.34765625,1.0,13,MIXED_4_8;MIXED_6_8;STOCHASTIC_4;UNIFORM_10;UNIFORM_11;UNIFORM_2;UNIFORM_3;UNIFORM_4;UNIFORM_5;UNIFORM_6;UNIFORM_7;UNIFORM_8;UNIFORM_9,False,UNIFORM_9,64,UNIFORM_9,128,UNIFORM_9,284.83203125,-2.484375,TEST descriptive best feasible baseline; not DEV-selected and not a statistical superiority test,comparison of reported lower bounds is not a test of true-horizon superiority
learned,learned_s3,0,UNIFORM_11,frozen-learned-primary,16,98107,6131.6875,4280,29627,128,64,128,64,282.34765625,1.0,13,MIXED_4_8;MIXED_6_8;STOCHASTIC_4;UNIFORM_10;UNIFORM_11;UNIFORM_2;UNIFORM_3;UNIFORM_4;UNIFORM_5;UNIFORM_6;UNIFORM_7;UNIFORM_8;UNIFORM_9,False,UNIFORM_9,64,UNIFORM_9,128,UNIFORM_9,284.83203125,-2.484375,TEST descriptive best feasible baseline; not DEV-selected and not a statistical superiority test,comparison of reported lower bounds is not a test of true-horizon superiority
learned,learned_s3,0,UNIFORM_11,frozen-learned-primary,128,577467,4511.4609375,4280,29627,128,64,128,64,282.34765625,1.0,13,MIXED_4_8;MIXED_6_8;STOCHASTIC_4;UNIFORM_10;UNIFORM_11;UNIFORM_2;UNIFORM_3;UNIFORM_4;UNIFORM_5;UNIFORM_6;UNIFORM_7;UNIFORM_8;UNIFORM_9,False,UNIFORM_9,64,UNIFORM_9,128,UNIFORM_9,284.83203125,-2.484375,TEST descriptive best feasible baseline; not DEV-selected and not a statistical superiority test,comparison of reported lower bounds is not a test of true-horizon superiority
learned,learned_s3,0,UNIFORM_12,frozen-learned-primary,1,34291,34291.0,4664,29627,128,64,128,64,282.982421875,1.0,14,MIXED_4_8;MIXED_6_8;STOCHASTIC_4;UNIFORM_10;UNIFORM_11;UNIFORM_12;UNIFORM_2;UNIFORM_3;UNIFORM_4;UNIFORM_5;UNIFORM_6;UNIFORM_7;UNIFORM_8;UNIFORM_9,False,UNIFORM_9,64,UNIFORM_9,128,UNIFORM_9,284.83203125,-1.849609375,TEST descriptive best feasible baseline; not DEV-selected and not a statistical superiority test,comparison of reported lower bounds is not a test of true-horizon superiority
learned,learned_s3,0,UNIFORM_12,frozen-learned-primary,16,104251,6515.6875,4664,29627,128,64,128,64,282.982421875,1.0,14,MIXED_4_8;MIXED_6_8;STOCHASTIC_4;UNIFORM_10;UNIFORM_11;UNIFORM_12;UNIFORM_2;UNIFORM_3;UNIFORM_4;UNIFORM_5;UNIFORM_6;UNIFORM_7;UNIFORM_8;UNIFORM_9,False,UNIFORM_9,64,UNIFORM_9,128,UNIFORM_9,284.83203125,-1.849609375,TEST descriptive best feasible baseline; not DEV-selected and not a statistical superiority test,comparison of reported lower bounds is not a test of true-horizon superiority
learned,learned_s3,0,UNIFORM_12,frozen-learned-primary,128,626619,4895.4609375,4664,29627,128,64,128,64,282.982421875,1.0,14,MIXED_4_8;MIXED_6_8;STOCHASTIC_4;UNIFORM_10;UNIFORM_11;UNIFORM_12;UNIFORM_2;UNIFORM_3;UNIFORM_4;UNIFORM_5;UNIFORM_6;UNIFORM_7;UNIFORM_8;UNIFORM_9,False,UNIFORM_9,64,UNIFORM_9,128,UNIFORM_9,284.83203125,-1.849609375,TEST descriptive best feasible baseline; not DEV-selected and not a statistical superiority test,comparison of reported lower bounds is not a test of true-horizon superiority
learned,learned_s3,0,UNIFORM_13,frozen-learned-primary,1,34675,34675.0,5048,29627,128,64,128,64,283.041015625,1.0,15,MIXED_4_8;MIXED_6_8;STOCHASTIC_4;UNIFORM_10;UNIFORM_11;UNIFORM_12;UNIFORM_13;UNIFORM_2;UNIFORM_3;UNIFORM_4;UNIFORM_5;UNIFORM_6;UNIFORM_7;UNIFORM_8;UNIFORM_9,False,UNIFORM_9,64,UNIFORM_9,128,UNIFORM_9,284.83203125,-1.791015625,TEST descriptive best feasible baseline; not DEV-selected and not a statistical superiority test,comparison of reported lower bounds is not a test of true-horizon superiority
learned,learned_s3,0,UNIFORM_13,frozen-learned-primary,16,110395,6899.6875,5048,29627,128,64,128,64,283.041015625,1.0,15,MIXED_4_8;MIXED_6_8;STOCHASTIC_4;UNIFORM_10;UNIFORM_11;UNIFORM_12;UNIFORM_13;UNIFORM_2;UNIFORM_3;UNIFORM_4;UNIFORM_5;UNIFORM_6;UNIFORM_7;UNIFORM_8;UNIFORM_9,False,UNIFORM_9,64,UNIFORM_9,128,UNIFORM_9,284.83203125,-1.791015625,TEST descriptive best feasible baseline; not DEV-selected and not a statistical superiority test,comparison of reported lower bounds is not a test of true-horizon superiority
learned,learned_s3,0,UNIFORM_13,frozen-learned-primary,128,675771,5279.4609375,5048,29627,128,64,128,64,283.041015625,1.0,15,MIXED_4_8;MIXED_6_8;STOCHASTIC_4;UNIFORM_10;UNIFORM_11;UNIFORM_12;UNIFORM_13;UNIFORM_2;UNIFORM_3;UNIFORM_4;UNIFORM_5;UNIFORM_6;UNIFORM_7;UNIFORM_8;UNIFORM_9,False,UNIFORM_9,64,UNIFORM_9,128,UNIFORM_9,284.83203125,-1.791015625,TEST descriptive best feasible baseline; not DEV-selected and not a statistical superiority test,comparison of reported lower bounds is not a test of true-horizon superiority
learned,learned_s3,0,UNIFORM_14,frozen-learned-primary,1,35059,35059.0,5432,29627,128,64,128,64,283.125,1.0,16,MIXED_4_8;MIXED_6_8;STOCHASTIC_4;UNIFORM_10;UNIFORM_11;UNIFORM_12;UNIFORM_13;UNIFORM_14;UNIFORM_2;UNIFORM_3;UNIFORM_4;UNIFORM_5;UNIFORM_6;UNIFORM_7;UNIFORM_8;UNIFORM_9,False,UNIFORM_9,64,UNIFORM_9,128,UNIFORM_9,284.83203125,-1.70703125,TEST descriptive best feasible baseline; not DEV-selected and not a statistical superiority test,comparison of reported lower bounds is not a test of true-horizon superiority
learned,learned_s3,0,UNIFORM_14,frozen-learned-primary,16,116539,7283.6875,5432,29627,128,64,128,64,283.125,1.0,16,MIXED_4_8;MIXED_6_8;STOCHASTIC_4;UNIFORM_10;UNIFORM_11;UNIFORM_12;UNIFORM_13;UNIFORM_14;UNIFORM_2;UNIFORM_3;UNIFORM_4;UNIFORM_5;UNIFORM_6;UNIFORM_7;UNIFORM_8;UNIFORM_9,False,UNIFORM_9,64,UNIFORM_9,128,UNIFORM_9,284.83203125,-1.70703125,TEST descriptive best feasible baseline; not DEV-selected and not a statistical superiority test,comparison of reported lower bounds is not a test of true-horizon superiority
learned,learned_s3,0,UNIFORM_14,frozen-learned-primary,128,724923,5663.4609375,5432,29627,128,64,128,64,283.125,1.0,16,MIXED_4_8;MIXED_6_8;STOCHASTIC_4;UNIFORM_10;UNIFORM_11;UNIFORM_12;UNIFORM_13;UNIFORM_14;UNIFORM_2;UNIFORM_3;UNIFORM_4;UNIFORM_5;UNIFORM_6;UNIFORM_7;UNIFORM_8;UNIFORM_9,False,UNIFORM_9,64,UNIFORM_9,128,UNIFORM_9,284.83203125,-1.70703125,TEST descriptive best feasible baseline; not DEV-selected and not a statistical superiority test,comparison of reported lower bounds is not a test of true-horizon superiority
learned,learned_s3,0,UNIFORM_15,frozen-learned-primary,1,35443,35443.0,5816,29627,128,64,128,64,282.8125,1.0,17,MIXED_4_8;MIXED_6_8;STOCHASTIC_4;UNIFORM_10;UNIFORM_11;UNIFORM_12;UNIFORM_13;UNIFORM_14;UNIFORM_15;UNIFORM_2;UNIFORM_3;UNIFORM_4;UNIFORM_5;UNIFORM_6;UNIFORM_7;UNIFORM_8;UNIFORM_9,False,UNIFORM_9,64,UNIFORM_9,128,UNIFORM_9,284.83203125,-2.01953125,TEST descriptive best feasible baseline; not DEV-selected and not a statistical superiority test,comparison of reported lower bounds is not a test of true-horizon superiority
learned,learned_s3,0,UNIFORM_15,frozen-learned-primary,16,122683,7667.6875,5816,29627,128,64,128,64,282.8125,1.0,17,MIXED_4_8;MIXED_6_8;STOCHASTIC_4;UNIFORM_10;UNIFORM_11;UNIFORM_12;UNIFORM_13;UNIFORM_14;UNIFORM_15;UNIFORM_2;UNIFORM_3;UNIFORM_4;UNIFORM_5;UNIFORM_6;UNIFORM_7;UNIFORM_8;UNIFORM_9,False,UNIFORM_9,64,UNIFORM_9,128,UNIFORM_9,284.83203125,-2.01953125,TEST descriptive best feasible baseline; not DEV-selected and not a statistical superiority test,comparison of reported lower bounds is not a test of true-horizon superiority
learned,learned_s3,0,UNIFORM_15,frozen-learned-primary,128,774075,6047.4609375,5816,29627,128,64,128,64,282.8125,1.0,17,MIXED_4_8;MIXED_6_8;STOCHASTIC_4;UNIFORM_10;UNIFORM_11;UNIFORM_12;UNIFORM_13;UNIFORM_14;UNIFORM_15;UNIFORM_2;UNIFORM_3;UNIFORM_4;UNIFORM_5;UNIFORM_6;UNIFORM_7;UNIFORM_8;UNIFORM_9,False,UNIFORM_9,64,UNIFORM_9,128,UNIFORM_9,284.83203125,-2.01953125,TEST descriptive best feasible baseline; not DEV-selected and not a statistical superiority test,comparison of reported lower bounds is not a test of true-horizon superiority
learned,learned_s3,0,UNIFORM_16,frozen-learned-primary,1,35827,35827.0,6200,29627,128,64,128,64,283.099609375,1.0,18,MIXED_4_8;MIXED_6_8;STOCHASTIC_4;UNIFORM_10;UNIFORM_11;UNIFORM_12;UNIFORM_13;UNIFORM_14;UNIFORM_15;UNIFORM_16;UNIFORM_2;UNIFORM_3;UNIFORM_4;UNIFORM_5;UNIFORM_6;UNIFORM_7;UNIFORM_8;UNIFORM_9,False,UNIFORM_9,64,UNIFORM_9,128,UNIFORM_9,284.83203125,-1.732421875,TEST descriptive best feasible baseline; not DEV-selected and not a statistical superiority test,comparison of reported lower bounds is not a test of true-horizon superiority
learned,learned_s3,0,UNIFORM_16,frozen-learned-primary,16,128827,8051.6875,6200,29627,128,64,128,64,283.099609375,1.0,18,MIXED_4_8;MIXED_6_8;STOCHASTIC_4;UNIFORM_10;UNIFORM_11;UNIFORM_12;UNIFORM_13;UNIFORM_14;UNIFORM_15;UNIFORM_16;UNIFORM_2;UNIFORM_3;UNIFORM_4;UNIFORM_5;UNIFORM_6;UNIFORM_7;UNIFORM_8;UNIFORM_9,False,UNIFORM_9,64,UNIFORM_9,128,UNIFORM_9,284.83203125,-1.732421875,TEST descriptive best feasible baseline; not DEV-selected and not a statistical superiority test,comparison of reported lower bounds is not a test of true-horizon superiority
learned,learned_s3,0,UNIFORM_16,frozen-learned-primary,128,823227,6431.4609375,6200,29627,128,64,128,64,283.099609375,1.0,18,MIXED_4_8;MIXED_6_8;STOCHASTIC_4;UNIFORM_10;UNIFORM_11;UNIFORM_12;UNIFORM_13;UNIFORM_14;UNIFORM_15;UNIFORM_16;UNIFORM_2;UNIFORM_3;UNIFORM_4;UNIFORM_5;UNIFORM_6;UNIFORM_7;UNIFORM_8;UNIFORM_9,False,UNIFORM_9,64,UNIFORM_9,128,UNIFORM_9,284.83203125,-1.732421875,TEST descriptive best feasible baseline; not DEV-selected and not a statistical superiority test,comparison of reported lower bounds is not a test of true-horizon superiority
learned,learned_s3,0,UNIFORM_2,frozen-learned-primary,1,30450,30450.0,824,29626,,,no qualifying grid horizon (<32),no qualifying grid horizon (<32),7.962890625,1.0,1,UNIFORM_2,False,UNIFORM_2,,UNIFORM_2,,UNIFORM_2,7.962890625,0.0,TEST descriptive best feasible baseline; not DEV-selected and not a statistical superiority test,comparison of reported lower bounds is not a test of true-horizon superiority
learned,learned_s3,0,UNIFORM_2,frozen-learned-primary,16,42810,2675.625,824,29626,,,no qualifying grid horizon (<32),no qualifying grid horizon (<32),7.962890625,1.0,1,UNIFORM_2,False,UNIFORM_2,,UNIFORM_2,,UNIFORM_2,7.962890625,0.0,TEST descriptive best feasible baseline; not DEV-selected and not a statistical superiority test,comparison of reported lower bounds is not a test of true-horizon superiority
learned,learned_s3,0,UNIFORM_2,frozen-learned-primary,128,135098,1055.453125,824,29626,,,no qualifying grid horizon (<32),no qualifying grid horizon (<32),7.962890625,1.0,1,UNIFORM_2,False,UNIFORM_2,,UNIFORM_2,,UNIFORM_2,7.962890625,0.0,TEST descriptive best feasible baseline; not DEV-selected and not a statistical superiority test,comparison of reported lower bounds is not a test of true-horizon superiority
learned,learned_s3,0,UNIFORM_3,frozen-learned-primary,1,30834,30834.0,1208,29626,,,no qualifying grid horizon (<32),no qualifying grid horizon (<32),50.783203125,1.0,2,UNIFORM_2;UNIFORM_3,False,UNIFORM_3,,UNIFORM_3,,UNIFORM_3,50.783203125,0.0,TEST descriptive best feasible baseline; not DEV-selected and not a statistical superiority test,comparison of reported lower bounds is not a test of true-horizon superiority
learned,learned_s3,0,UNIFORM_3,frozen-learned-primary,16,48954,3059.625,1208,29626,,,no qualifying grid horizon (<32),no qualifying grid horizon (<32),50.783203125,1.0,2,UNIFORM_2;UNIFORM_3,False,UNIFORM_3,,UNIFORM_3,,UNIFORM_3,50.783203125,0.0,TEST descriptive best feasible baseline; not DEV-selected and not a statistical superiority test,comparison of reported lower bounds is not a test of true-horizon superiority
learned,learned_s3,0,UNIFORM_3,frozen-learned-primary,128,184250,1439.453125,1208,29626,,,no qualifying grid horizon (<32),no qualifying grid horizon (<32),50.783203125,1.0,2,UNIFORM_2;UNIFORM_3,False,UNIFORM_3,,UNIFORM_3,,UNIFORM_3,50.783203125,0.0,TEST descriptive best feasible baseline; not DEV-selected and not a statistical superiority test,comparison of reported lower bounds is not a test of true-horizon superiority
learned,learned_s3,0,UNIFORM_4,frozen-learned-primary,1,31218,31218.0,1592,29626,64,32,64,32,147.93359375,1.0,3,UNIFORM_2;UNIFORM_3;UNIFORM_4,False,UNIFORM_4,32,UNIFORM_4,64,UNIFORM_4,147.93359375,0.0,TEST descriptive best feasible baseline; not DEV-selected and not a statistical superiority test,comparison of reported lower bounds is not a test of true-horizon superiority
learned,learned_s3,0,UNIFORM_4,frozen-learned-primary,16,55098,3443.625,1592,29626,64,32,64,32,147.93359375,1.0,3,UNIFORM_2;UNIFORM_3;UNIFORM_4,False,UNIFORM_4,32,UNIFORM_4,64,UNIFORM_4,147.93359375,0.0,TEST descriptive best feasible baseline; not DEV-selected and not a statistical superiority test,comparison of reported lower bounds is not a test of true-horizon superiority
learned,learned_s3,0,UNIFORM_4,frozen-learned-primary,128,233402,1823.453125,1592,29626,64,32,64,32,147.93359375,1.0,3,UNIFORM_2;UNIFORM_3;UNIFORM_4,False,UNIFORM_4,32,UNIFORM_4,64,UNIFORM_4,147.93359375,0.0,TEST descriptive best feasible baseline; not DEV-selected and not a statistical superiority test,comparison of reported lower bounds is not a test of true-horizon superiority
learned,learned_s3,0,UNIFORM_5,frozen-learned-primary,1,31602,31602.0,1976,29626,64,64,64,64,235.82421875,1.0,5,STOCHASTIC_4;UNIFORM_2;UNIFORM_3;UNIFORM_4;UNIFORM_5,False,UNIFORM_5,64,UNIFORM_5,64,UNIFORM_5,235.82421875,0.0,TEST descriptive best feasible baseline; not DEV-selected and not a statistical superiority test,comparison of reported lower bounds is not a test of true-horizon superiority
learned,learned_s3,0,UNIFORM_5,frozen-learned-primary,16,61242,3827.625,1976,29626,64,64,64,64,235.82421875,1.0,5,STOCHASTIC_4;UNIFORM_2;UNIFORM_3;UNIFORM_4;UNIFORM_5,False,UNIFORM_5,64,UNIFORM_5,64,UNIFORM_5,235.82421875,0.0,TEST descriptive best feasible baseline; not DEV-selected and not a statistical superiority test,comparison of reported lower bounds is not a test of true-horizon superiority
learned,learned_s3,0,UNIFORM_5,frozen-learned-primary,128,282554,2207.453125,1976,29626,64,64,64,64,235.82421875,1.0,5,STOCHASTIC_4;UNIFORM_2;UNIFORM_3;UNIFORM_4;UNIFORM_5,False,UNIFORM_5,64,UNIFORM_5,64,UNIFORM_5,235.82421875,0.0,TEST descriptive best feasible baseline; not DEV-selected and not a statistical superiority test,comparison of reported lower bounds is not a test of true-horizon superiority
learned,learned_s3,0,UNIFORM_6,frozen-learned-primary,1,31986,31986.0,2360,29626,128,64,128,64,273.939453125,1.0,6,STOCHASTIC_4;UNIFORM_2;UNIFORM_3;UNIFORM_4;UNIFORM_5;UNIFORM_6,False,UNIFORM_6,64,UNIFORM_6,128,UNIFORM_6,273.939453125,0.0,TEST descriptive best feasible baseline; not DEV-selected and not a statistical superiority test,comparison of reported lower bounds is not a test of true-horizon superiority
learned,learned_s3,0,UNIFORM_6,frozen-learned-primary,16,67386,4211.625,2360,29626,128,64,128,64,273.939453125,1.0,7,MIXED_4_8;STOCHASTIC_4;UNIFORM_2;UNIFORM_3;UNIFORM_4;UNIFORM_5;UNIFORM_6,False,UNIFORM_6,64,UNIFORM_6,128,UNIFORM_6,273.939453125,0.0,TEST descriptive best feasible baseline; not DEV-selected and not a statistical superiority test,comparison of reported lower bounds is not a test of true-horizon superiority
learned,learned_s3,0,UNIFORM_6,frozen-learned-primary,128,331706,2591.453125,2360,29626,128,64,128,64,273.939453125,1.0,7,MIXED_4_8;STOCHASTIC_4;UNIFORM_2;UNIFORM_3;UNIFORM_4;UNIFORM_5;UNIFORM_6,False,UNIFORM_6,64,UNIFORM_6,128,UNIFORM_6,273.939453125,0.0,TEST descriptive best feasible baseline; not DEV-selected and not a statistical superiority test,comparison of reported lower bounds is not a test of true-horizon superiority
learned,learned_s3,0,UNIFORM_7,frozen-learned-primary,1,32370,32370.0,2744,29626,128,64,128,64,282.333984375,1.0,8,MIXED_4_8;STOCHASTIC_4;UNIFORM_2;UNIFORM_3;UNIFORM_4;UNIFORM_5;UNIFORM_6;UNIFORM_7,False,UNIFORM_7,64,UNIFORM_7,128,UNIFORM_7,282.333984375,0.0,TEST descriptive best feasible baseline; not DEV-selected and not a statistical superiority test,comparison of reported lower bounds is not a test of true-horizon superiority
learned,learned_s3,0,UNIFORM_7,frozen-learned-primary,16,73530,4595.625,2744,29626,128,64,128,64,282.333984375,1.0,8,MIXED_4_8;STOCHASTIC_4;UNIFORM_2;UNIFORM_3;UNIFORM_4;UNIFORM_5;UNIFORM_6;UNIFORM_7,False,UNIFORM_7,64,UNIFORM_7,128,UNIFORM_7,282.333984375,0.0,TEST descriptive best feasible baseline; not DEV-selected and not a statistical superiority test,comparison of reported lower bounds is not a test of true-horizon superiority
learned,learned_s3,0,UNIFORM_7,frozen-learned-primary,128,380858,2975.453125,2744,29626,128,64,128,64,282.333984375,1.0,8,MIXED_4_8;STOCHASTIC_4;UNIFORM_2;UNIFORM_3;UNIFORM_4;UNIFORM_5;UNIFORM_6;UNIFORM_7,False,UNIFORM_7,64,UNIFORM_7,128,UNIFORM_7,282.333984375,0.0,TEST descriptive best feasible baseline; not DEV-selected and not a statistical superiority test,comparison of reported lower bounds is not a test of true-horizon superiority
learned,learned_s3,0,UNIFORM_8,frozen-learned-primary,1,32754,32754.0,3128,29626,128,64,128,64,283.435546875,1.0,9,MIXED_4_8;STOCHASTIC_4;UNIFORM_2;UNIFORM_3;UNIFORM_4;UNIFORM_5;UNIFORM_6;UNIFORM_7;UNIFORM_8,False,UNIFORM_8,64,UNIFORM_8,128,UNIFORM_8,283.435546875,0.0,TEST descriptive best feasible baseline; not DEV-selected and not a statistical superiority test,comparison of reported lower bounds is not a test of true-horizon superiority
learned,learned_s3,0,UNIFORM_8,frozen-learned-primary,16,79674,4979.625,3128,29626,128,64,128,64,283.435546875,1.0,10,MIXED_4_8;MIXED_6_8;STOCHASTIC_4;UNIFORM_2;UNIFORM_3;UNIFORM_4;UNIFORM_5;UNIFORM_6;UNIFORM_7;UNIFORM_8,False,UNIFORM_8,64,UNIFORM_8,128,UNIFORM_8,283.435546875,0.0,TEST descriptive best feasible baseline; not DEV-selected and not a statistical superiority test,comparison of reported lower bounds is not a test of true-horizon superiority
learned,learned_s3,0,UNIFORM_8,frozen-learned-primary,128,430010,3359.453125,3128,29626,128,64,128,64,283.435546875,1.0,10,MIXED_4_8;MIXED_6_8;STOCHASTIC_4;UNIFORM_2;UNIFORM_3;UNIFORM_4;UNIFORM_5;UNIFORM_6;UNIFORM_7;UNIFORM_8,False,UNIFORM_8,64,UNIFORM_8,128,UNIFORM_8,283.435546875,0.0,TEST descriptive best feasible baseline; not DEV-selected and not a statistical superiority test,comparison of reported lower bounds is not a test of true-horizon superiority
learned,learned_s3,0,UNIFORM_9,frozen-learned-primary,1,33138,33138.0,3512,29626,128,64,128,64,284.83203125,1.0,11,MIXED_4_8;MIXED_6_8;STOCHASTIC_4;UNIFORM_2;UNIFORM_3;UNIFORM_4;UNIFORM_5;UNIFORM_6;UNIFORM_7;UNIFORM_8;UNIFORM_9,False,UNIFORM_9,64,UNIFORM_9,128,UNIFORM_9,284.83203125,0.0,TEST descriptive best feasible baseline; not DEV-selected and not a statistical superiority test,comparison of reported lower bounds is not a test of true-horizon superiority
learned,learned_s3,0,UNIFORM_9,frozen-learned-primary,16,85818,5363.625,3512,29626,128,64,128,64,284.83203125,1.0,11,MIXED_4_8;MIXED_6_8;STOCHASTIC_4;UNIFORM_2;UNIFORM_3;UNIFORM_4;UNIFORM_5;UNIFORM_6;UNIFORM_7;UNIFORM_8;UNIFORM_9,False,UNIFORM_9,64,UNIFORM_9,128,UNIFORM_9,284.83203125,0.0,TEST descriptive best feasible baseline; not DEV-selected and not a statistical superiority test,comparison of reported lower bounds is not a test of true-horizon superiority
learned,learned_s3,0,UNIFORM_9,frozen-learned-primary,128,479162,3743.453125,3512,29626,128,64,128,64,284.83203125,1.0,11,MIXED_4_8;MIXED_6_8;STOCHASTIC_4;UNIFORM_2;UNIFORM_3;UNIFORM_4;UNIFORM_5;UNIFORM_6;UNIFORM_7;UNIFORM_8;UNIFORM_9,False,UNIFORM_9,64,UNIFORM_9,128,UNIFORM_9,284.83203125,0.0,TEST descriptive best feasible baseline; not DEV-selected and not a statistical superiority test,comparison of reported lower bounds is not a test of true-horizon superiority
learned,learned_s3,0,UNTRANSPORTED_4_4,frozen-learned-primary,1,33112,33112.0,3176,29936,32,32,32,32,84.509765625,1.0,10,MIXED_4_8;MIXED_6_8;STOCHASTIC_4;UNIFORM_2;UNIFORM_3;UNIFORM_4;UNIFORM_5;UNIFORM_6;UNIFORM_7;UNIFORM_8,False,UNIFORM_8,64,UNIFORM_8,128,UNIFORM_8,283.435546875,-198.92578125,TEST descriptive best feasible baseline; not DEV-selected and not a statistical superiority test,comparison of reported lower bounds is not a test of true-horizon superiority
learned,learned_s3,0,UNTRANSPORTED_4_4,frozen-learned-primary,16,80752,5047.0,3176,29936,32,32,32,32,84.509765625,1.0,10,MIXED_4_8;MIXED_6_8;STOCHASTIC_4;UNIFORM_2;UNIFORM_3;UNIFORM_4;UNIFORM_5;UNIFORM_6;UNIFORM_7;UNIFORM_8,False,UNIFORM_8,64,UNIFORM_8,128,UNIFORM_8,283.435546875,-198.92578125,TEST descriptive best feasible baseline; not DEV-selected and not a statistical superiority test,comparison of reported lower bounds is not a test of true-horizon superiority
learned,learned_s3,0,UNTRANSPORTED_4_4,frozen-learned-primary,128,436464,3409.875,3176,29936,32,32,32,32,84.509765625,1.0,10,MIXED_4_8;MIXED_6_8;STOCHASTIC_4;UNIFORM_2;UNIFORM_3;UNIFORM_4;UNIFORM_5;UNIFORM_6;UNIFORM_7;UNIFORM_8,False,UNIFORM_8,64,UNIFORM_8,128,UNIFORM_8,283.435546875,-198.92578125,TEST descriptive best feasible baseline; not DEV-selected and not a statistical superiority test,comparison of reported lower bounds is not a test of true-horizon superiority
learned,learned_s3,1,FULL_RESIDUAL_4_4,frozen-learned-primary,1,33110,33110.0,3176,29934,64,64,64,64,270.021484375,1.0,10,MIXED_4_8;MIXED_6_8;STOCHASTIC_4;UNIFORM_2;UNIFORM_3;UNIFORM_4;UNIFORM_5;UNIFORM_6;UNIFORM_7;UNIFORM_8,False,MIXED_6_8,64,MIXED_6_8,64,MIXED_6_8,271.06640625,-1.044921875,TEST descriptive best feasible baseline; not DEV-selected and not a statistical superiority test,comparison of reported lower bounds is not a test of true-horizon superiority
learned,learned_s3,1,FULL_RESIDUAL_4_4,frozen-learned-primary,16,80750,5046.875,3176,29934,64,64,64,64,270.021484375,1.0,10,MIXED_4_8;MIXED_6_8;STOCHASTIC_4;UNIFORM_2;UNIFORM_3;UNIFORM_4;UNIFORM_5;UNIFORM_6;UNIFORM_7;UNIFORM_8,False,MIXED_6_8,64,MIXED_6_8,64,MIXED_6_8,271.06640625,-1.044921875,TEST descriptive best feasible baseline; not DEV-selected and not a statistical superiority test,comparison of reported lower bounds is not a test of true-horizon superiority
learned,learned_s3,1,FULL_RESIDUAL_4_4,frozen-learned-primary,128,436462,3409.859375,3176,29934,64,64,64,64,270.021484375,1.0,10,MIXED_4_8;MIXED_6_8;STOCHASTIC_4;UNIFORM_2;UNIFORM_3;UNIFORM_4;UNIFORM_5;UNIFORM_6;UNIFORM_7;UNIFORM_8,False,MIXED_6_8,64,MIXED_6_8,64,MIXED_6_8,271.06640625,-1.044921875,TEST descriptive best feasible baseline; not DEV-selected and not a statistical superiority test,comparison of reported lower bounds is not a test of true-horizon superiority
learned,learned_s3,1,FULL_RESIDUAL_4_8,frozen-learned-primary,1,34646,34646.0,4712,29934,64,64,64,64,271.46875,1.0,14,MIXED_4_8;MIXED_6_8;STOCHASTIC_4;UNIFORM_10;UNIFORM_11;UNIFORM_12;UNIFORM_2;UNIFORM_3;UNIFORM_4;UNIFORM_5;UNIFORM_6;UNIFORM_7;UNIFORM_8;UNIFORM_9,False,UNIFORM_9,64,UNIFORM_9,64,UNIFORM_9,272.65625,-1.1875,TEST descriptive best feasible baseline; not DEV-selected and not a statistical superiority test,comparison of reported lower bounds is not a test of true-horizon superiority
learned,learned_s3,1,FULL_RESIDUAL_4_8,frozen-learned-primary,16,105326,6582.875,4712,29934,64,64,64,64,271.46875,1.0,14,MIXED_4_8;MIXED_6_8;STOCHASTIC_4;UNIFORM_10;UNIFORM_11;UNIFORM_12;UNIFORM_2;UNIFORM_3;UNIFORM_4;UNIFORM_5;UNIFORM_6;UNIFORM_7;UNIFORM_8;UNIFORM_9,False,UNIFORM_9,64,UNIFORM_9,64,UNIFORM_9,272.65625,-1.1875,TEST descriptive best feasible baseline; not DEV-selected and not a statistical superiority test,comparison of reported lower bounds is not a test of true-horizon superiority
learned,learned_s3,1,FULL_RESIDUAL_4_8,frozen-learned-primary,128,633070,4945.859375,4712,29934,64,64,64,64,271.46875,1.0,14,MIXED_4_8;MIXED_6_8;STOCHASTIC_4;UNIFORM_10;UNIFORM_11;UNIFORM_12;UNIFORM_2;UNIFORM_3;UNIFORM_4;UNIFORM_5;UNIFORM_6;UNIFORM_7;UNIFORM_8;UNIFORM_9,False,UNIFORM_9,64,UNIFORM_9,64,UNIFORM_9,272.65625,-1.1875,TEST descriptive best feasible baseline; not DEV-selected and not a statistical superiority test,comparison of reported lower bounds is not a test of true-horizon superiority
learned,learned_s3,1,FULL_RESIDUAL_4_FP32,frozen-learned-primary,1,43598,43598.0,13880,29718,64,64,64,64,271.23828125,1.0,19,MIXED_4_8;MIXED_6_8;NATIVE_FP32;STOCHASTIC_4;UNIFORM_10;UNIFORM_11;UNIFORM_12;UNIFORM_13;UNIFORM_14;UNIFORM_15;UNIFORM_16;UNIFORM_2;UNIFORM_3;UNIFORM_4;UNIFORM_5;UNIFORM_6;UNIFORM_7;UNIFORM_8;UNIFORM_9,True,UNIFORM_9,64,UNIFORM_9,64,UNIFORM_9,272.65625,-1.41796875,TEST descriptive best feasible baseline; not DEV-selected and not a statistical superiority test,comparison of reported lower bounds is not a test of true-horizon superiority
learned,learned_s3,1,FULL_RESIDUAL_4_FP32,frozen-learned-primary,16,251798,15737.375,13880,29718,64,64,64,64,271.23828125,1.0,19,MIXED_4_8;MIXED_6_8;NATIVE_FP32;STOCHASTIC_4;UNIFORM_10;UNIFORM_11;UNIFORM_12;UNIFORM_13;UNIFORM_14;UNIFORM_15;UNIFORM_16;UNIFORM_2;UNIFORM_3;UNIFORM_4;UNIFORM_5;UNIFORM_6;UNIFORM_7;UNIFORM_8;UNIFORM_9,True,UNIFORM_9,64,UNIFORM_9,64,UNIFORM_9,272.65625,-1.41796875,TEST descriptive best feasible baseline; not DEV-selected and not a statistical superiority test,comparison of reported lower bounds is not a test of true-horizon superiority
learned,learned_s3,1,FULL_RESIDUAL_4_FP32,frozen-learned-primary,128,1806358,14112.171875,13880,29718,64,64,64,64,271.23828125,1.0,19,MIXED_4_8;MIXED_6_8;NATIVE_FP32;STOCHASTIC_4;UNIFORM_10;UNIFORM_11;UNIFORM_12;UNIFORM_13;UNIFORM_14;UNIFORM_15;UNIFORM_16;UNIFORM_2;UNIFORM_3;UNIFORM_4;UNIFORM_5;UNIFORM_6;UNIFORM_7;UNIFORM_8;UNIFORM_9,True,UNIFORM_9,64,UNIFORM_9,64,UNIFORM_9,272.65625,-1.41796875,TEST descriptive best feasible baseline; not DEV-selected and not a statistical superiority test,comparison of reported lower bounds is not a test of true-horizon superiority
learned,learned_s3,1,LOWRANK_4_8_R1,frozen-learned-primary,1,32539,32539.0,1832,30707,64,32,64,32,176.75,1.0,8,MIXED_4_8;STOCHASTIC_4;UNIFORM_2;UNIFORM_3;UNIFORM_4;UNIFORM_5;UNIFORM_6;UNIFORM_7,False,UNIFORM_7,64,UNIFORM_7,64,UNIFORM_7,268.951171875,-92.201171875,TEST descriptive best feasible baseline; not DEV-selected and not a statistical superiority test,comparison of reported lower bounds is not a test of true-horizon superiority
learned,learned_s3,1,LOWRANK_4_8_R1,frozen-learned-primary,16,60019,3751.1875,1832,30707,64,32,64,32,176.75,1.0,4,STOCHASTIC_4;UNIFORM_2;UNIFORM_3;UNIFORM_4,False,UNIFORM_4,32,UNIFORM_4,32,UNIFORM_4,124.3203125,52.4296875,TEST descriptive best feasible baseline; not DEV-selected and not a statistical superiority test,comparison of reported lower bounds is not a test of true-horizon superiority
learned,learned_s3,1,LOWRANK_4_8_R1,frozen-learned-primary,128,265203,2071.8984375,1832,30707,64,32,64,32,176.75,1.0,4,STOCHASTIC_4;UNIFORM_2;UNIFORM_3;UNIFORM_4,False,UNIFORM_4,32,UNIFORM_4,32,UNIFORM_4,124.3203125,52.4296875,TEST descriptive best feasible baseline; not DEV-selected and not a statistical superiority test,comparison of reported lower bounds is not a test of true-horizon superiority
learned,learned_s3,1,LOWRANK_4_8_R2,frozen-learned-primary,1,33499,33499.0,2024,31475,64,64,64,64,218.3984375,1.0,11,MIXED_4_8;MIXED_6_8;STOCHASTIC_4;UNIFORM_2;UNIFORM_3;UNIFORM_4;UNIFORM_5;UNIFORM_6;UNIFORM_7;UNIFORM_8;UNIFORM_9,False,UNIFORM_9,64,UNIFORM_9,64,UNIFORM_9,272.65625,-54.2578125,TEST descriptive best feasible baseline; not DEV-selected and not a statistical superiority test,comparison of reported lower bounds is not a test of true-horizon superiority
learned,learned_s3,1,LOWRANK_4_8_R2,frozen-learned-primary,16,63859,3991.1875,2024,31475,64,64,64,64,218.3984375,1.0,6,MIXED_4_8;STOCHASTIC_4;UNIFORM_2;UNIFORM_3;UNIFORM_4;UNIFORM_5,False,UNIFORM_5,64,UNIFORM_5,64,UNIFORM_5,211.859375,6.5390625,TEST descriptive best feasible baseline; not DEV-selected and not a statistical superiority test,comparison of reported lower bounds is not a test of true-horizon superiority
learned,learned_s3,1,LOWRANK_4_8_R2,frozen-learned-primary,128,290547,2269.8984375,2024,31475,64,64,64,64,218.3984375,1.0,6,MIXED_4_8;STOCHASTIC_4;UNIFORM_2;UNIFORM_3;UNIFORM_4;UNIFORM_5,False,UNIFORM_5,64,UNIFORM_5,64,UNIFORM_5,211.859375,6.5390625,TEST descriptive best feasible baseline; not DEV-selected and not a statistical superiority test,comparison of reported lower bounds is not a test of true-horizon superiority
learned,learned_s3,1,LOWRANK_4_8_R4,frozen-learned-primary,1,35419,35419.0,2408,33011,64,64,64,64,235.818359375,1.0,16,MIXED_4_8;MIXED_6_8;STOCHASTIC_4;UNIFORM_10;UNIFORM_11;UNIFORM_12;UNIFORM_13;UNIFORM_14;UNIFORM_2;UNIFORM_3;UNIFORM_4;UNIFORM_5;UNIFORM_6;UNIFORM_7;UNIFORM_8;UNIFORM_9,False,UNIFORM_9,64,UNIFORM_9,64,UNIFORM_9,272.65625,-36.837890625,TEST descriptive best feasible baseline; not DEV-selected and not a statistical superiority test,comparison of reported lower bounds is not a test of true-horizon superiority
learned,learned_s3,1,LOWRANK_4_8_R4,frozen-learned-primary,16,71539,4471.1875,2408,33011,64,64,64,64,235.818359375,1.0,7,MIXED_4_8;STOCHASTIC_4;UNIFORM_2;UNIFORM_3;UNIFORM_4;UNIFORM_5;UNIFORM_6,False,UNIFORM_6,64,UNIFORM_6,64,UNIFORM_6,258.01953125,-22.201171875,TEST descriptive best feasible baseline; not DEV-selected and not a statistical superiority test,comparison of reported lower bounds is not a test of true-horizon superiority
learned,learned_s3,1,LOWRANK_4_8_R4,frozen-learned-primary,128,341235,2665.8984375,2408,33011,64,64,64,64,235.818359375,1.0,7,MIXED_4_8;STOCHASTIC_4;UNIFORM_2;UNIFORM_3;UNIFORM_4;UNIFORM_5;UNIFORM_6,False,UNIFORM_6,64,UNIFORM_6,64,UNIFORM_6,258.01953125,-22.201171875,TEST descriptive best feasible baseline; not DEV-selected and not a statistical superiority test,comparison of reported lower bounds is not a test of true-horizon superiority
learned,learned_s3,1,MIXED_4_8,frozen-learned-primary,1,32007,32007.0,1976,30031,64,64,64,64,196.529296875,1.0,7,MIXED_4_8;STOCHASTIC_4;UNIFORM_2;UNIFORM_3;UNIFORM_4;UNIFORM_5;UNIFORM_6,False,UNIFORM_6,64,UNIFORM_6,64,UNIFORM_6,258.01953125,-61.490234375,TEST descriptive best feasible baseline; not DEV-selected and not a statistical superiority test,comparison of reported lower bounds is not a test of true-horizon superiority
learned,learned_s3,1,MIXED_4_8,frozen-learned-primary,16,61647,3852.9375,1976,30031,64,64,64,64,196.529296875,1.0,6,MIXED_4_8;STOCHASTIC_4;UNIFORM_2;UNIFORM_3;UNIFORM_4;UNIFORM_5,False,UNIFORM_5,64,UNIFORM_5,64,UNIFORM_5,211.859375,-15.330078125,TEST descriptive best feasible baseline; not DEV-selected and not a statistical superiority test,comparison of reported lower bounds is not a test of true-horizon superiority
learned,learned_s3,1,MIXED_4_8,frozen-learned-primary,128,282959,2210.6171875,1976,30031,64,64,64,64,196.529296875,1.0,6,MIXED_4_8;STOCHASTIC_4;UNIFORM_2;UNIFORM_3;UNIFORM_4;UNIFORM_5,False,UNIFORM_5,64,UNIFORM_5,64,UNIFORM_5,211.859375,-15.330078125,TEST descriptive best feasible baseline; not DEV-selected and not a statistical superiority test,comparison of reported lower bounds is not a test of true-horizon superiority
learned,learned_s3,1,MIXED_6_8,frozen-learned-primary,1,32775,32775.0,2744,30031,64,64,64,64,271.06640625,1.0,10,MIXED_4_8;MIXED_6_8;STOCHASTIC_4;UNIFORM_2;UNIFORM_3;UNIFORM_4;UNIFORM_5;UNIFORM_6;UNIFORM_7;UNIFORM_8,False,MIXED_6_8,64,MIXED_6_8,64,MIXED_6_8,271.06640625,0.0,TEST descriptive best feasible baseline; not DEV-selected and not a statistical superiority test,comparison of reported lower bounds is not a test of true-horizon superiority
learned,learned_s3,1,MIXED_6_8,frozen-learned-primary,16,73935,4620.9375,2744,30031,64,64,64,64,271.06640625,1.0,9,MIXED_4_8;MIXED_6_8;STOCHASTIC_4;UNIFORM_2;UNIFORM_3;UNIFORM_4;UNIFORM_5;UNIFORM_6;UNIFORM_7,False,MIXED_6_8,64,MIXED_6_8,64,MIXED_6_8,271.06640625,0.0,TEST descriptive best feasible baseline; not DEV-selected and not a statistical superiority test,comparison of reported lower bounds is not a test of true-horizon superiority
learned,learned_s3,1,MIXED_6_8,frozen-learned-primary,128,381263,2978.6171875,2744,30031,64,64,64,64,271.06640625,1.0,9,MIXED_4_8;MIXED_6_8;STOCHASTIC_4;UNIFORM_2;UNIFORM_3;UNIFORM_4;UNIFORM_5;UNIFORM_6;UNIFORM_7,False,MIXED_6_8,64,MIXED_6_8,64,MIXED_6_8,271.06640625,0.0,TEST descriptive best feasible baseline; not DEV-selected and not a statistical superiority test,comparison of reported lower bounds is not a test of true-horizon superiority
learned,learned_s3,1,NATIVE_FP32,frozen-learned-primary,1,41706,41706.0,12296,29410,64,64,64,64,271.23828125,1.0,19,MIXED_4_8;MIXED_6_8;NATIVE_FP32;STOCHASTIC_4;UNIFORM_10;UNIFORM_11;UNIFORM_12;UNIFORM_13;UNIFORM_14;UNIFORM_15;UNIFORM_16;UNIFORM_2;UNIFORM_3;UNIFORM_4;UNIFORM_5;UNIFORM_6;UNIFORM_7;UNIFORM_8;UNIFORM_9,True,UNIFORM_9,64,UNIFORM_9,64,UNIFORM_9,272.65625,-1.41796875,TEST descriptive best feasible baseline; not DEV-selected and not a statistical superiority test,comparison of reported lower bounds is not a test of true-horizon superiority
learned,learned_s3,1,NATIVE_FP32,frozen-learned-primary,16,226146,14134.125,12296,29410,64,64,64,64,271.23828125,1.0,19,MIXED_4_8;MIXED_6_8;NATIVE_FP32;STOCHASTIC_4;UNIFORM_10;UNIFORM_11;UNIFORM_12;UNIFORM_13;UNIFORM_14;UNIFORM_15;UNIFORM_16;UNIFORM_2;UNIFORM_3;UNIFORM_4;UNIFORM_5;UNIFORM_6;UNIFORM_7;UNIFORM_8;UNIFORM_9,True,UNIFORM_9,64,UNIFORM_9,64,UNIFORM_9,272.65625,-1.41796875,TEST descriptive best feasible baseline; not DEV-selected and not a statistical superiority test,comparison of reported lower bounds is not a test of true-horizon superiority
learned,learned_s3,1,NATIVE_FP32,frozen-learned-primary,128,1603298,12525.765625,12296,29410,64,64,64,64,271.23828125,1.0,19,MIXED_4_8;MIXED_6_8;NATIVE_FP32;STOCHASTIC_4;UNIFORM_10;UNIFORM_11;UNIFORM_12;UNIFORM_13;UNIFORM_14;UNIFORM_15;UNIFORM_16;UNIFORM_2;UNIFORM_3;UNIFORM_4;UNIFORM_5;UNIFORM_6;UNIFORM_7;UNIFORM_8;UNIFORM_9,True,UNIFORM_9,64,UNIFORM_9,64,UNIFORM_9,272.65625,-1.41796875,TEST descriptive best feasible baseline; not DEV-selected and not a statistical superiority test,comparison of reported lower bounds is not a test of true-horizon superiority
learned,learned_s3,1,STOCHASTIC_4,frozen-learned-primary,1,31286,31286.0,1608,29678,,,no qualifying grid horizon (<32),no qualifying grid horizon (<32),70.623046875,1.0,4,STOCHASTIC_4;UNIFORM_2;UNIFORM_3;UNIFORM_4,False,UNIFORM_4,32,UNIFORM_4,32,UNIFORM_4,124.3203125,-53.697265625,TEST descriptive best feasible baseline; not DEV-selected and not a statistical superiority test,comparison of reported lower bounds is not a test of true-horizon superiority
learned,learned_s3,1,STOCHASTIC_4,frozen-learned-primary,16,55406,3462.875,1608,29678,,,no qualifying grid horizon (<32),no qualifying grid horizon (<32),70.623046875,1.0,4,STOCHASTIC_4;UNIFORM_2;UNIFORM_3;UNIFORM_4,False,UNIFORM_4,32,UNIFORM_4,32,UNIFORM_4,124.3203125,-53.697265625,TEST descriptive best feasible baseline; not DEV-selected and not a statistical superiority test,comparison of reported lower bounds is not a test of true-horizon superiority
learned,learned_s3,1,STOCHASTIC_4,frozen-learned-primary,128,235502,1839.859375,1608,29678,,,no qualifying grid horizon (<32),no qualifying grid horizon (<32),70.623046875,1.0,4,STOCHASTIC_4;UNIFORM_2;UNIFORM_3;UNIFORM_4,False,UNIFORM_4,32,UNIFORM_4,32,UNIFORM_4,124.3203125,-53.697265625,TEST descriptive best feasible baseline; not DEV-selected and not a statistical superiority test,comparison of reported lower bounds is not a test of true-horizon superiority
learned,learned_s3,1,UNIFORM_10,frozen-learned-primary,1,33523,33523.0,3896,29627,64,64,64,64,271.46875,1.0,12,MIXED_4_8;MIXED_6_8;STOCHASTIC_4;UNIFORM_10;UNIFORM_2;UNIFORM_3;UNIFORM_4;UNIFORM_5;UNIFORM_6;UNIFORM_7;UNIFORM_8;UNIFORM_9,False,UNIFORM_9,64,UNIFORM_9,64,UNIFORM_9,272.65625,-1.1875,TEST descriptive best feasible baseline; not DEV-selected and not a statistical superiority test,comparison of reported lower bounds is not a test of true-horizon superiority
learned,learned_s3,1,UNIFORM_10,frozen-learned-primary,16,91963,5747.6875,3896,29627,64,64,64,64,271.46875,1.0,12,MIXED_4_8;MIXED_6_8;STOCHASTIC_4;UNIFORM_10;UNIFORM_2;UNIFORM_3;UNIFORM_4;UNIFORM_5;UNIFORM_6;UNIFORM_7;UNIFORM_8;UNIFORM_9,False,UNIFORM_9,64,UNIFORM_9,64,UNIFORM_9,272.65625,-1.1875,TEST descriptive best feasible baseline; not DEV-selected and not a statistical superiority test,comparison of reported lower bounds is not a test of true-horizon superiority
learned,learned_s3,1,UNIFORM_10,frozen-learned-primary,128,528315,4127.4609375,3896,29627,64,64,64,64,271.46875,1.0,12,MIXED_4_8;MIXED_6_8;STOCHASTIC_4;UNIFORM_10;UNIFORM_2;UNIFORM_3;UNIFORM_4;UNIFORM_5;UNIFORM_6;UNIFORM_7;UNIFORM_8;UNIFORM_9,False,UNIFORM_9,64,UNIFORM_9,64,UNIFORM_9,272.65625,-1.1875,TEST descriptive best feasible baseline; not DEV-selected and not a statistical superiority test,comparison of reported lower bounds is not a test of true-horizon superiority
learned,learned_s3,1,UNIFORM_11,frozen-learned-primary,1,33907,33907.0,4280,29627,64,64,64,64,272.056640625,1.0,13,MIXED_4_8;MIXED_6_8;STOCHASTIC_4;UNIFORM_10;UNIFORM_11;UNIFORM_2;UNIFORM_3;UNIFORM_4;UNIFORM_5;UNIFORM_6;UNIFORM_7;UNIFORM_8;UNIFORM_9,False,UNIFORM_9,64,UNIFORM_9,64,UNIFORM_9,272.65625,-0.599609375,TEST descriptive best feasible baseline; not DEV-selected and not a statistical superiority test,comparison of reported lower bounds is not a test of true-horizon superiority
learned,learned_s3,1,UNIFORM_11,frozen-learned-primary,16,98107,6131.6875,4280,29627,64,64,64,64,272.056640625,1.0,13,MIXED_4_8;MIXED_6_8;STOCHASTIC_4;UNIFORM_10;UNIFORM_11;UNIFORM_2;UNIFORM_3;UNIFORM_4;UNIFORM_5;UNIFORM_6;UNIFORM_7;UNIFORM_8;UNIFORM_9,False,UNIFORM_9,64,UNIFORM_9,64,UNIFORM_9,272.65625,-0.599609375,TEST descriptive best feasible baseline; not DEV-selected and not a statistical superiority test,comparison of reported lower bounds is not a test of true-horizon superiority
learned,learned_s3,1,UNIFORM_11,frozen-learned-primary,128,577467,4511.4609375,4280,29627,64,64,64,64,272.056640625,1.0,13,MIXED_4_8;MIXED_6_8;STOCHASTIC_4;UNIFORM_10;UNIFORM_11;UNIFORM_2;UNIFORM_3;UNIFORM_4;UNIFORM_5;UNIFORM_6;UNIFORM_7;UNIFORM_8;UNIFORM_9,False,UNIFORM_9,64,UNIFORM_9,64,UNIFORM_9,272.65625,-0.599609375,TEST descriptive best feasible baseline; not DEV-selected and not a statistical superiority test,comparison of reported lower bounds is not a test of true-horizon superiority
learned,learned_s3,1,UNIFORM_12,frozen-learned-primary,1,34291,34291.0,4664,29627,64,64,64,64,271.244140625,1.0,14,MIXED_4_8;MIXED_6_8;STOCHASTIC_4;UNIFORM_10;UNIFORM_11;UNIFORM_12;UNIFORM_2;UNIFORM_3;UNIFORM_4;UNIFORM_5;UNIFORM_6;UNIFORM_7;UNIFORM_8;UNIFORM_9,False,UNIFORM_9,64,UNIFORM_9,64,UNIFORM_9,272.65625,-1.412109375,TEST descriptive best feasible baseline; not DEV-selected and not a statistical superiority test,comparison of reported lower bounds is not a test of true-horizon superiority
learned,learned_s3,1,UNIFORM_12,frozen-learned-primary,16,104251,6515.6875,4664,29627,64,64,64,64,271.244140625,1.0,14,MIXED_4_8;MIXED_6_8;STOCHASTIC_4;UNIFORM_10;UNIFORM_11;UNIFORM_12;UNIFORM_2;UNIFORM_3;UNIFORM_4;UNIFORM_5;UNIFORM_6;UNIFORM_7;UNIFORM_8;UNIFORM_9,False,UNIFORM_9,64,UNIFORM_9,64,UNIFORM_9,272.65625,-1.412109375,TEST descriptive best feasible baseline; not DEV-selected and not a statistical superiority test,comparison of reported lower bounds is not a test of true-horizon superiority
learned,learned_s3,1,UNIFORM_12,frozen-learned-primary,128,626619,4895.4609375,4664,29627,64,64,64,64,271.244140625,1.0,14,MIXED_4_8;MIXED_6_8;STOCHASTIC_4;UNIFORM_10;UNIFORM_11;UNIFORM_12;UNIFORM_2;UNIFORM_3;UNIFORM_4;UNIFORM_5;UNIFORM_6;UNIFORM_7;UNIFORM_8;UNIFORM_9,False,UNIFORM_9,64,UNIFORM_9,64,UNIFORM_9,272.65625,-1.412109375,TEST descriptive best feasible baseline; not DEV-selected and not a statistical superiority test,comparison of reported lower bounds is not a test of true-horizon superiority
learned,learned_s3,1,UNIFORM_13,frozen-learned-primary,1,34675,34675.0,5048,29627,64,64,64,64,271.42578125,1.0,15,MIXED_4_8;MIXED_6_8;STOCHASTIC_4;UNIFORM_10;UNIFORM_11;UNIFORM_12;UNIFORM_13;UNIFORM_2;UNIFORM_3;UNIFORM_4;UNIFORM_5;UNIFORM_6;UNIFORM_7;UNIFORM_8;UNIFORM_9,False,UNIFORM_9,64,UNIFORM_9,64,UNIFORM_9,272.65625,-1.23046875,TEST descriptive best feasible baseline; not DEV-selected and not a statistical superiority test,comparison of reported lower bounds is not a test of true-horizon superiority
learned,learned_s3,1,UNIFORM_13,frozen-learned-primary,16,110395,6899.6875,5048,29627,64,64,64,64,271.42578125,1.0,15,MIXED_4_8;MIXED_6_8;STOCHASTIC_4;UNIFORM_10;UNIFORM_11;UNIFORM_12;UNIFORM_13;UNIFORM_2;UNIFORM_3;UNIFORM_4;UNIFORM_5;UNIFORM_6;UNIFORM_7;UNIFORM_8;UNIFORM_9,False,UNIFORM_9,64,UNIFORM_9,64,UNIFORM_9,272.65625,-1.23046875,TEST descriptive best feasible baseline; not DEV-selected and not a statistical superiority test,comparison of reported lower bounds is not a test of true-horizon superiority
learned,learned_s3,1,UNIFORM_13,frozen-learned-primary,128,675771,5279.4609375,5048,29627,64,64,64,64,271.42578125,1.0,15,MIXED_4_8;MIXED_6_8;STOCHASTIC_4;UNIFORM_10;UNIFORM_11;UNIFORM_12;UNIFORM_13;UNIFORM_2;UNIFORM_3;UNIFORM_4;UNIFORM_5;UNIFORM_6;UNIFORM_7;UNIFORM_8;UNIFORM_9,False,UNIFORM_9,64,UNIFORM_9,64,UNIFORM_9,272.65625,-1.23046875,TEST descriptive best feasible baseline; not DEV-selected and not a statistical superiority test,comparison of reported lower bounds is not a test of true-horizon superiority
learned,learned_s3,1,UNIFORM_14,frozen-learned-primary,1,35059,35059.0,5432,29627,64,64,64,64,271.38671875,1.0,16,MIXED_4_8;MIXED_6_8;STOCHASTIC_4;UNIFORM_10;UNIFORM_11;UNIFORM_12;UNIFORM_13;UNIFORM_14;UNIFORM_2;UNIFORM_3;UNIFORM_4;UNIFORM_5;UNIFORM_6;UNIFORM_7;UNIFORM_8;UNIFORM_9,False,UNIFORM_9,64,UNIFORM_9,64,UNIFORM_9,272.65625,-1.26953125,TEST descriptive best feasible baseline; not DEV-selected and not a statistical superiority test,comparison of reported lower bounds is not a test of true-horizon superiority
learned,learned_s3,1,UNIFORM_14,frozen-learned-primary,16,116539,7283.6875,5432,29627,64,64,64,64,271.38671875,1.0,16,MIXED_4_8;MIXED_6_8;STOCHASTIC_4;UNIFORM_10;UNIFORM_11;UNIFORM_12;UNIFORM_13;UNIFORM_14;UNIFORM_2;UNIFORM_3;UNIFORM_4;UNIFORM_5;UNIFORM_6;UNIFORM_7;UNIFORM_8;UNIFORM_9,False,UNIFORM_9,64,UNIFORM_9,64,UNIFORM_9,272.65625,-1.26953125,TEST descriptive best feasible baseline; not DEV-selected and not a statistical superiority test,comparison of reported lower bounds is not a test of true-horizon superiority
learned,learned_s3,1,UNIFORM_14,frozen-learned-primary,128,724923,5663.4609375,5432,29627,64,64,64,64,271.38671875,1.0,16,MIXED_4_8;MIXED_6_8;STOCHASTIC_4;UNIFORM_10;UNIFORM_11;UNIFORM_12;UNIFORM_13;UNIFORM_14;UNIFORM_2;UNIFORM_3;UNIFORM_4;UNIFORM_5;UNIFORM_6;UNIFORM_7;UNIFORM_8;UNIFORM_9,False,UNIFORM_9,64,UNIFORM_9,64,UNIFORM_9,272.65625,-1.26953125,TEST descriptive best feasible baseline; not DEV-selected and not a statistical superiority test,comparison of reported lower bounds is not a test of true-horizon superiority
learned,learned_s3,1,UNIFORM_15,frozen-learned-primary,1,35443,35443.0,5816,29627,64,64,64,64,271.19140625,1.0,17,MIXED_4_8;MIXED_6_8;STOCHASTIC_4;UNIFORM_10;UNIFORM_11;UNIFORM_12;UNIFORM_13;UNIFORM_14;UNIFORM_15;UNIFORM_2;UNIFORM_3;UNIFORM_4;UNIFORM_5;UNIFORM_6;UNIFORM_7;UNIFORM_8;UNIFORM_9,False,UNIFORM_9,64,UNIFORM_9,64,UNIFORM_9,272.65625,-1.46484375,TEST descriptive best feasible baseline; not DEV-selected and not a statistical superiority test,comparison of reported lower bounds is not a test of true-horizon superiority
learned,learned_s3,1,UNIFORM_15,frozen-learned-primary,16,122683,7667.6875,5816,29627,64,64,64,64,271.19140625,1.0,17,MIXED_4_8;MIXED_6_8;STOCHASTIC_4;UNIFORM_10;UNIFORM_11;UNIFORM_12;UNIFORM_13;UNIFORM_14;UNIFORM_15;UNIFORM_2;UNIFORM_3;UNIFORM_4;UNIFORM_5;UNIFORM_6;UNIFORM_7;UNIFORM_8;UNIFORM_9,False,UNIFORM_9,64,UNIFORM_9,64,UNIFORM_9,272.65625,-1.46484375,TEST descriptive best feasible baseline; not DEV-selected and not a statistical superiority test,comparison of reported lower bounds is not a test of true-horizon superiority
learned,learned_s3,1,UNIFORM_15,frozen-learned-primary,128,774075,6047.4609375,5816,29627,64,64,64,64,271.19140625,1.0,17,MIXED_4_8;MIXED_6_8;STOCHASTIC_4;UNIFORM_10;UNIFORM_11;UNIFORM_12;UNIFORM_13;UNIFORM_14;UNIFORM_15;UNIFORM_2;UNIFORM_3;UNIFORM_4;UNIFORM_5;UNIFORM_6;UNIFORM_7;UNIFORM_8;UNIFORM_9,False,UNIFORM_9,64,UNIFORM_9,64,UNIFORM_9,272.65625,-1.46484375,TEST descriptive best feasible baseline; not DEV-selected and not a statistical superiority test,comparison of reported lower bounds is not a test of true-horizon superiority
learned,learned_s3,1,UNIFORM_16,frozen-learned-primary,1,35827,35827.0,6200,29627,64,64,64,64,271.3828125,1.0,18,MIXED_4_8;MIXED_6_8;STOCHASTIC_4;UNIFORM_10;UNIFORM_11;UNIFORM_12;UNIFORM_13;UNIFORM_14;UNIFORM_15;UNIFORM_16;UNIFORM_2;UNIFORM_3;UNIFORM_4;UNIFORM_5;UNIFORM_6;UNIFORM_7;UNIFORM_8;UNIFORM_9,False,UNIFORM_9,64,UNIFORM_9,64,UNIFORM_9,272.65625,-1.2734375,TEST descriptive best feasible baseline; not DEV-selected and not a statistical superiority test,comparison of reported lower bounds is not a test of true-horizon superiority
learned,learned_s3,1,UNIFORM_16,frozen-learned-primary,16,128827,8051.6875,6200,29627,64,64,64,64,271.3828125,1.0,18,MIXED_4_8;MIXED_6_8;STOCHASTIC_4;UNIFORM_10;UNIFORM_11;UNIFORM_12;UNIFORM_13;UNIFORM_14;UNIFORM_15;UNIFORM_16;UNIFORM_2;UNIFORM_3;UNIFORM_4;UNIFORM_5;UNIFORM_6;UNIFORM_7;UNIFORM_8;UNIFORM_9,False,UNIFORM_9,64,UNIFORM_9,64,UNIFORM_9,272.65625,-1.2734375,TEST descriptive best feasible baseline; not DEV-selected and not a statistical superiority test,comparison of reported lower bounds is not a test of true-horizon superiority
learned,learned_s3,1,UNIFORM_16,frozen-learned-primary,128,823227,6431.4609375,6200,29627,64,64,64,64,271.3828125,1.0,18,MIXED_4_8;MIXED_6_8;STOCHASTIC_4;UNIFORM_10;UNIFORM_11;UNIFORM_12;UNIFORM_13;UNIFORM_14;UNIFORM_15;UNIFORM_16;UNIFORM_2;UNIFORM_3;UNIFORM_4;UNIFORM_5;UNIFORM_6;UNIFORM_7;UNIFORM_8;UNIFORM_9,False,UNIFORM_9,64,UNIFORM_9,64,UNIFORM_9,272.65625,-1.2734375,TEST descriptive best feasible baseline; not DEV-selected and not a statistical superiority test,comparison of reported lower bounds is not a test of true-horizon superiority
learned,learned_s3,1,UNIFORM_2,frozen-learned-primary,1,30450,30450.0,824,29626,,,no qualifying grid horizon (<32),no qualifying grid horizon (<32),5.2734375,1.0,1,UNIFORM_2,False,UNIFORM_2,,UNIFORM_2,,UNIFORM_2,5.2734375,0.0,TEST descriptive best feasible baseline; not DEV-selected and not a statistical superiority test,comparison of reported lower bounds is not a test of true-horizon superiority
learned,learned_s3,1,UNIFORM_2,frozen-learned-primary,16,42810,2675.625,824,29626,,,no qualifying grid horizon (<32),no qualifying grid horizon (<32),5.2734375,1.0,1,UNIFORM_2,False,UNIFORM_2,,UNIFORM_2,,UNIFORM_2,5.2734375,0.0,TEST descriptive best feasible baseline; not DEV-selected and not a statistical superiority test,comparison of reported lower bounds is not a test of true-horizon superiority
learned,learned_s3,1,UNIFORM_2,frozen-learned-primary,128,135098,1055.453125,824,29626,,,no qualifying grid horizon (<32),no qualifying grid horizon (<32),5.2734375,1.0,1,UNIFORM_2,False,UNIFORM_2,,UNIFORM_2,,UNIFORM_2,5.2734375,0.0,TEST descriptive best feasible baseline; not DEV-selected and not a statistical superiority test,comparison of reported lower bounds is not a test of true-horizon superiority
learned,learned_s3,1,UNIFORM_3,frozen-learned-primary,1,30834,30834.0,1208,29626,,,no qualifying grid horizon (<32),no qualifying grid horizon (<32),45.15625,1.0,2,UNIFORM_2;UNIFORM_3,False,UNIFORM_3,,UNIFORM_3,,UNIFORM_3,45.15625,0.0,TEST descriptive best feasible baseline; not DEV-selected and not a statistical superiority test,comparison of reported lower bounds is not a test of true-horizon superiority
learned,learned_s3,1,UNIFORM_3,frozen-learned-primary,16,48954,3059.625,1208,29626,,,no qualifying grid horizon (<32),no qualifying grid horizon (<32),45.15625,1.0,2,UNIFORM_2;UNIFORM_3,False,UNIFORM_3,,UNIFORM_3,,UNIFORM_3,45.15625,0.0,TEST descriptive best feasible baseline; not DEV-selected and not a statistical superiority test,comparison of reported lower bounds is not a test of true-horizon superiority
learned,learned_s3,1,UNIFORM_3,frozen-learned-primary,128,184250,1439.453125,1208,29626,,,no qualifying grid horizon (<32),no qualifying grid horizon (<32),45.15625,1.0,2,UNIFORM_2;UNIFORM_3,False,UNIFORM_3,,UNIFORM_3,,UNIFORM_3,45.15625,0.0,TEST descriptive best feasible baseline; not DEV-selected and not a statistical superiority test,comparison of reported lower bounds is not a test of true-horizon superiority
learned,learned_s3,1,UNIFORM_4,frozen-learned-primary,1,31218,31218.0,1592,29626,32,32,32,32,124.3203125,1.0,3,UNIFORM_2;UNIFORM_3;UNIFORM_4,False,UNIFORM_4,32,UNIFORM_4,32,UNIFORM_4,124.3203125,0.0,TEST descriptive best feasible baseline; not DEV-selected and not a statistical superiority test,comparison of reported lower bounds is not a test of true-horizon superiority
learned,learned_s3,1,UNIFORM_4,frozen-learned-primary,16,55098,3443.625,1592,29626,32,32,32,32,124.3203125,1.0,3,UNIFORM_2;UNIFORM_3;UNIFORM_4,False,UNIFORM_4,32,UNIFORM_4,32,UNIFORM_4,124.3203125,0.0,TEST descriptive best feasible baseline; not DEV-selected and not a statistical superiority test,comparison of reported lower bounds is not a test of true-horizon superiority
learned,learned_s3,1,UNIFORM_4,frozen-learned-primary,128,233402,1823.453125,1592,29626,32,32,32,32,124.3203125,1.0,3,UNIFORM_2;UNIFORM_3;UNIFORM_4,False,UNIFORM_4,32,UNIFORM_4,32,UNIFORM_4,124.3203125,0.0,TEST descriptive best feasible baseline; not DEV-selected and not a statistical superiority test,comparison of reported lower bounds is not a test of true-horizon superiority
learned,learned_s3,1,UNIFORM_5,frozen-learned-primary,1,31602,31602.0,1976,29626,64,64,64,64,211.859375,1.0,5,STOCHASTIC_4;UNIFORM_2;UNIFORM_3;UNIFORM_4;UNIFORM_5,False,UNIFORM_5,64,UNIFORM_5,64,UNIFORM_5,211.859375,0.0,TEST descriptive best feasible baseline; not DEV-selected and not a statistical superiority test,comparison of reported lower bounds is not a test of true-horizon superiority
learned,learned_s3,1,UNIFORM_5,frozen-learned-primary,16,61242,3827.625,1976,29626,64,64,64,64,211.859375,1.0,5,STOCHASTIC_4;UNIFORM_2;UNIFORM_3;UNIFORM_4;UNIFORM_5,False,UNIFORM_5,64,UNIFORM_5,64,UNIFORM_5,211.859375,0.0,TEST descriptive best feasible baseline; not DEV-selected and not a statistical superiority test,comparison of reported lower bounds is not a test of true-horizon superiority
learned,learned_s3,1,UNIFORM_5,frozen-learned-primary,128,282554,2207.453125,1976,29626,64,64,64,64,211.859375,1.0,5,STOCHASTIC_4;UNIFORM_2;UNIFORM_3;UNIFORM_4;UNIFORM_5,False,UNIFORM_5,64,UNIFORM_5,64,UNIFORM_5,211.859375,0.0,TEST descriptive best feasible baseline; not DEV-selected and not a statistical superiority test,comparison of reported lower bounds is not a test of true-horizon superiority
learned,learned_s3,1,UNIFORM_6,frozen-learned-primary,1,31986,31986.0,2360,29626,64,64,64,64,258.01953125,1.0,6,STOCHASTIC_4;UNIFORM_2;UNIFORM_3;UNIFORM_4;UNIFORM_5;UNIFORM_6,False,UNIFORM_6,64,UNIFORM_6,64,UNIFORM_6,258.01953125,0.0,TEST descriptive best feasible baseline; not DEV-selected and not a statistical superiority test,comparison of reported lower bounds is not a test of true-horizon superiority
learned,learned_s3,1,UNIFORM_6,frozen-learned-primary,16,67386,4211.625,2360,29626,64,64,64,64,258.01953125,1.0,7,MIXED_4_8;STOCHASTIC_4;UNIFORM_2;UNIFORM_3;UNIFORM_4;UNIFORM_5;UNIFORM_6,False,UNIFORM_6,64,UNIFORM_6,64,UNIFORM_6,258.01953125,0.0,TEST descriptive best feasible baseline; not DEV-selected and not a statistical superiority test,comparison of reported lower bounds is not a test of true-horizon superiority
learned,learned_s3,1,UNIFORM_6,frozen-learned-primary,128,331706,2591.453125,2360,29626,64,64,64,64,258.01953125,1.0,7,MIXED_4_8;STOCHASTIC_4;UNIFORM_2;UNIFORM_3;UNIFORM_4;UNIFORM_5;UNIFORM_6,False,UNIFORM_6,64,UNIFORM_6,64,UNIFORM_6,258.01953125,0.0,TEST descriptive best feasible baseline; not DEV-selected and not a statistical superiority test,comparison of reported lower bounds is not a test of true-horizon superiority
learned,learned_s3,1,UNIFORM_7,frozen-learned-primary,1,32370,32370.0,2744,29626,64,64,64,64,268.951171875,1.0,8,MIXED_4_8;STOCHASTIC_4;UNIFORM_2;UNIFORM_3;UNIFORM_4;UNIFORM_5;UNIFORM_6;UNIFORM_7,False,UNIFORM_7,64,UNIFORM_7,64,UNIFORM_7,268.951171875,0.0,TEST descriptive best feasible baseline; not DEV-selected and not a statistical superiority test,comparison of reported lower bounds is not a test of true-horizon superiority
learned,learned_s3,1,UNIFORM_7,frozen-learned-primary,16,73530,4595.625,2744,29626,64,64,64,64,268.951171875,1.0,8,MIXED_4_8;STOCHASTIC_4;UNIFORM_2;UNIFORM_3;UNIFORM_4;UNIFORM_5;UNIFORM_6;UNIFORM_7,False,UNIFORM_7,64,UNIFORM_7,64,UNIFORM_7,268.951171875,0.0,TEST descriptive best feasible baseline; not DEV-selected and not a statistical superiority test,comparison of reported lower bounds is not a test of true-horizon superiority
learned,learned_s3,1,UNIFORM_7,frozen-learned-primary,128,380858,2975.453125,2744,29626,64,64,64,64,268.951171875,1.0,8,MIXED_4_8;STOCHASTIC_4;UNIFORM_2;UNIFORM_3;UNIFORM_4;UNIFORM_5;UNIFORM_6;UNIFORM_7,False,UNIFORM_7,64,UNIFORM_7,64,UNIFORM_7,268.951171875,0.0,TEST descriptive best feasible baseline; not DEV-selected and not a statistical superiority test,comparison of reported lower bounds is not a test of true-horizon superiority
learned,learned_s3,1,UNIFORM_8,frozen-learned-primary,1,32754,32754.0,3128,29626,64,64,64,64,270.3125,1.0,9,MIXED_4_8;STOCHASTIC_4;UNIFORM_2;UNIFORM_3;UNIFORM_4;UNIFORM_5;UNIFORM_6;UNIFORM_7;UNIFORM_8,False,UNIFORM_8,64,UNIFORM_8,64,UNIFORM_8,270.3125,0.0,TEST descriptive best feasible baseline; not DEV-selected and not a statistical superiority test,comparison of reported lower bounds is not a test of true-horizon superiority
learned,learned_s3,1,UNIFORM_8,frozen-learned-primary,16,79674,4979.625,3128,29626,64,64,64,64,270.3125,1.0,10,MIXED_4_8;MIXED_6_8;STOCHASTIC_4;UNIFORM_2;UNIFORM_3;UNIFORM_4;UNIFORM_5;UNIFORM_6;UNIFORM_7;UNIFORM_8,False,MIXED_6_8,64,MIXED_6_8,64,MIXED_6_8,271.06640625,-0.75390625,TEST descriptive best feasible baseline; not DEV-selected and not a statistical superiority test,comparison of reported lower bounds is not a test of true-horizon superiority
learned,learned_s3,1,UNIFORM_8,frozen-learned-primary,128,430010,3359.453125,3128,29626,64,64,64,64,270.3125,1.0,10,MIXED_4_8;MIXED_6_8;STOCHASTIC_4;UNIFORM_2;UNIFORM_3;UNIFORM_4;UNIFORM_5;UNIFORM_6;UNIFORM_7;UNIFORM_8,False,MIXED_6_8,64,MIXED_6_8,64,MIXED_6_8,271.06640625,-0.75390625,TEST descriptive best feasible baseline; not DEV-selected and not a statistical superiority test,comparison of reported lower bounds is not a test of true-horizon superiority
learned,learned_s3,1,UNIFORM_9,frozen-learned-primary,1,33138,33138.0,3512,29626,64,64,64,64,272.65625,1.0,11,MIXED_4_8;MIXED_6_8;STOCHASTIC_4;UNIFORM_2;UNIFORM_3;UNIFORM_4;UNIFORM_5;UNIFORM_6;UNIFORM_7;UNIFORM_8;UNIFORM_9,False,UNIFORM_9,64,UNIFORM_9,64,UNIFORM_9,272.65625,0.0,TEST descriptive best feasible baseline; not DEV-selected and not a statistical superiority test,comparison of reported lower bounds is not a test of true-horizon superiority
learned,learned_s3,1,UNIFORM_9,frozen-learned-primary,16,85818,5363.625,3512,29626,64,64,64,64,272.65625,1.0,11,MIXED_4_8;MIXED_6_8;STOCHASTIC_4;UNIFORM_2;UNIFORM_3;UNIFORM_4;UNIFORM_5;UNIFORM_6;UNIFORM_7;UNIFORM_8;UNIFORM_9,False,UNIFORM_9,64,UNIFORM_9,64,UNIFORM_9,272.65625,0.0,TEST descriptive best feasible baseline; not DEV-selected and not a statistical superiority test,comparison of reported lower bounds is not a test of true-horizon superiority
learned,learned_s3,1,UNIFORM_9,frozen-learned-primary,128,479162,3743.453125,3512,29626,64,64,64,64,272.65625,1.0,11,MIXED_4_8;MIXED_6_8;STOCHASTIC_4;UNIFORM_2;UNIFORM_3;UNIFORM_4;UNIFORM_5;UNIFORM_6;UNIFORM_7;UNIFORM_8;UNIFORM_9,False,UNIFORM_9,64,UNIFORM_9,64,UNIFORM_9,272.65625,0.0,TEST descriptive best feasible baseline; not DEV-selected and not a statistical superiority test,comparison of reported lower bounds is not a test of true-horizon superiority
learned,learned_s3,1,UNTRANSPORTED_4_4,frozen-learned-primary,1,33112,33112.0,3176,29936,,,no qualifying grid horizon (<32),no qualifying grid horizon (<32),63.3828125,1.0,10,MIXED_4_8;MIXED_6_8;STOCHASTIC_4;UNIFORM_2;UNIFORM_3;UNIFORM_4;UNIFORM_5;UNIFORM_6;UNIFORM_7;UNIFORM_8,False,MIXED_6_8,64,MIXED_6_8,64,MIXED_6_8,271.06640625,-207.68359375,TEST descriptive best feasible baseline; not DEV-selected and not a statistical superiority test,comparison of reported lower bounds is not a test of true-horizon superiority
learned,learned_s3,1,UNTRANSPORTED_4_4,frozen-learned-primary,16,80752,5047.0,3176,29936,,,no qualifying grid horizon (<32),no qualifying grid horizon (<32),63.3828125,1.0,10,MIXED_4_8;MIXED_6_8;STOCHASTIC_4;UNIFORM_2;UNIFORM_3;UNIFORM_4;UNIFORM_5;UNIFORM_6;UNIFORM_7;UNIFORM_8,False,MIXED_6_8,64,MIXED_6_8,64,MIXED_6_8,271.06640625,-207.68359375,TEST descriptive best feasible baseline; not DEV-selected and not a statistical superiority test,comparison of reported lower bounds is not a test of true-horizon superiority
learned,learned_s3,1,UNTRANSPORTED_4_4,frozen-learned-primary,128,436464,3409.875,3176,29936,,,no qualifying grid horizon (<32),no qualifying grid horizon (<32),63.3828125,1.0,10,MIXED_4_8;MIXED_6_8;STOCHASTIC_4;UNIFORM_2;UNIFORM_3;UNIFORM_4;UNIFORM_5;UNIFORM_6;UNIFORM_7;UNIFORM_8,False,MIXED_6_8,64,MIXED_6_8,64,MIXED_6_8,271.06640625,-207.68359375,TEST descriptive best feasible baseline; not DEV-selected and not a statistical superiority test,comparison of reported lower bounds is not a test of true-horizon superiority
learned,learned_s3,2,FULL_RESIDUAL_4_4,frozen-learned-primary,1,33110,33110.0,3176,29934,128,64,128,64,238.890625,1.0,10,MIXED_4_8;MIXED_6_8;STOCHASTIC_4;UNIFORM_2;UNIFORM_3;UNIFORM_4;UNIFORM_5;UNIFORM_6;UNIFORM_7;UNIFORM_8,False,UNIFORM_8,64,UNIFORM_8,128,UNIFORM_8,239.6171875,-0.7265625,TEST descriptive best feasible baseline; not DEV-selected and not a statistical superiority test,comparison of reported lower bounds is not a test of true-horizon superiority
learned,learned_s3,2,FULL_RESIDUAL_4_4,frozen-learned-primary,16,80750,5046.875,3176,29934,128,64,128,64,238.890625,1.0,10,MIXED_4_8;MIXED_6_8;STOCHASTIC_4;UNIFORM_2;UNIFORM_3;UNIFORM_4;UNIFORM_5;UNIFORM_6;UNIFORM_7;UNIFORM_8,False,UNIFORM_8,64,UNIFORM_8,128,UNIFORM_8,239.6171875,-0.7265625,TEST descriptive best feasible baseline; not DEV-selected and not a statistical superiority test,comparison of reported lower bounds is not a test of true-horizon superiority
learned,learned_s3,2,FULL_RESIDUAL_4_4,frozen-learned-primary,128,436462,3409.859375,3176,29934,128,64,128,64,238.890625,1.0,10,MIXED_4_8;MIXED_6_8;STOCHASTIC_4;UNIFORM_2;UNIFORM_3;UNIFORM_4;UNIFORM_5;UNIFORM_6;UNIFORM_7;UNIFORM_8,False,UNIFORM_8,64,UNIFORM_8,128,UNIFORM_8,239.6171875,-0.7265625,TEST descriptive best feasible baseline; not DEV-selected and not a statistical superiority test,comparison of reported lower bounds is not a test of true-horizon superiority
learned,learned_s3,2,FULL_RESIDUAL_4_8,frozen-learned-primary,1,34646,34646.0,4712,29934,128,64,128,64,240.158203125,1.0,14,MIXED_4_8;MIXED_6_8;STOCHASTIC_4;UNIFORM_10;UNIFORM_11;UNIFORM_12;UNIFORM_2;UNIFORM_3;UNIFORM_4;UNIFORM_5;UNIFORM_6;UNIFORM_7;UNIFORM_8;UNIFORM_9,False,UNIFORM_9,64,UNIFORM_9,128,UNIFORM_9,239.994140625,0.1640625,TEST descriptive best feasible baseline; not DEV-selected and not a statistical superiority test,comparison of reported lower bounds is not a test of true-horizon superiority
learned,learned_s3,2,FULL_RESIDUAL_4_8,frozen-learned-primary,16,105326,6582.875,4712,29934,128,64,128,64,240.158203125,1.0,14,MIXED_4_8;MIXED_6_8;STOCHASTIC_4;UNIFORM_10;UNIFORM_11;UNIFORM_12;UNIFORM_2;UNIFORM_3;UNIFORM_4;UNIFORM_5;UNIFORM_6;UNIFORM_7;UNIFORM_8;UNIFORM_9,False,UNIFORM_9,64,UNIFORM_9,128,UNIFORM_9,239.994140625,0.1640625,TEST descriptive best feasible baseline; not DEV-selected and not a statistical superiority test,comparison of reported lower bounds is not a test of true-horizon superiority
learned,learned_s3,2,FULL_RESIDUAL_4_8,frozen-learned-primary,128,633070,4945.859375,4712,29934,128,64,128,64,240.158203125,1.0,14,MIXED_4_8;MIXED_6_8;STOCHASTIC_4;UNIFORM_10;UNIFORM_11;UNIFORM_12;UNIFORM_2;UNIFORM_3;UNIFORM_4;UNIFORM_5;UNIFORM_6;UNIFORM_7;UNIFORM_8;UNIFORM_9,False,UNIFORM_9,64,UNIFORM_9,128,UNIFORM_9,239.994140625,0.1640625,TEST descriptive best feasible baseline; not DEV-selected and not a statistical superiority test,comparison of reported lower bounds is not a test of true-horizon superiority
learned,learned_s3,2,FULL_RESIDUAL_4_FP32,frozen-learned-primary,1,43598,43598.0,13880,29718,128,64,128,64,239.865234375,1.0,19,MIXED_4_8;MIXED_6_8;NATIVE_FP32;STOCHASTIC_4;UNIFORM_10;UNIFORM_11;UNIFORM_12;UNIFORM_13;UNIFORM_14;UNIFORM_15;UNIFORM_16;UNIFORM_2;UNIFORM_3;UNIFORM_4;UNIFORM_5;UNIFORM_6;UNIFORM_7;UNIFORM_8;UNIFORM_9,True,UNIFORM_14,64,UNIFORM_14,128,UNIFORM_14,240.02734375,-0.162109375,TEST descriptive best feasible baseline; not DEV-selected and not a statistical superiority test,comparison of reported lower bounds is not a test of true-horizon superiority
learned,learned_s3,2,FULL_RESIDUAL_4_FP32,frozen-learned-primary,16,251798,15737.375,13880,29718,128,64,128,64,239.865234375,1.0,19,MIXED_4_8;MIXED_6_8;NATIVE_FP32;STOCHASTIC_4;UNIFORM_10;UNIFORM_11;UNIFORM_12;UNIFORM_13;UNIFORM_14;UNIFORM_15;UNIFORM_16;UNIFORM_2;UNIFORM_3;UNIFORM_4;UNIFORM_5;UNIFORM_6;UNIFORM_7;UNIFORM_8;UNIFORM_9,True,UNIFORM_14,64,UNIFORM_14,128,UNIFORM_14,240.02734375,-0.162109375,TEST descriptive best feasible baseline; not DEV-selected and not a statistical superiority test,comparison of reported lower bounds is not a test of true-horizon superiority
learned,learned_s3,2,FULL_RESIDUAL_4_FP32,frozen-learned-primary,128,1806358,14112.171875,13880,29718,128,64,128,64,239.865234375,1.0,19,MIXED_4_8;MIXED_6_8;NATIVE_FP32;STOCHASTIC_4;UNIFORM_10;UNIFORM_11;UNIFORM_12;UNIFORM_13;UNIFORM_14;UNIFORM_15;UNIFORM_16;UNIFORM_2;UNIFORM_3;UNIFORM_4;UNIFORM_5;UNIFORM_6;UNIFORM_7;UNIFORM_8;UNIFORM_9,True,UNIFORM_14,64,UNIFORM_14,128,UNIFORM_14,240.02734375,-0.162109375,TEST descriptive best feasible baseline; not DEV-selected and not a statistical superiority test,comparison of reported lower bounds is not a test of true-horizon superiority
learned,learned_s3,2,LOWRANK_4_8_R1,frozen-learned-primary,1,32539,32539.0,1832,30707,64,64,64,64,208.70703125,1.0,8,MIXED_4_8;STOCHASTIC_4;UNIFORM_2;UNIFORM_3;UNIFORM_4;UNIFORM_5;UNIFORM_6;UNIFORM_7,False,UNIFORM_7,64,UNIFORM_7,128,UNIFORM_7,236.35546875,-27.6484375,TEST descriptive best feasible baseline; not DEV-selected and not a statistical superiority test,comparison of reported lower bounds is not a test of true-horizon superiority
learned,learned_s3,2,LOWRANK_4_8_R1,frozen-learned-primary,16,60019,3751.1875,1832,30707,64,64,64,64,208.70703125,1.0,4,STOCHASTIC_4;UNIFORM_2;UNIFORM_3;UNIFORM_4,False,UNIFORM_4,64,UNIFORM_4,64,UNIFORM_4,185.5078125,23.19921875,TEST descriptive best feasible baseline; not DEV-selected and not a statistical superiority test,comparison of reported lower bounds is not a test of true-horizon superiority
learned,learned_s3,2,LOWRANK_4_8_R1,frozen-learned-primary,128,265203,2071.8984375,1832,30707,64,64,64,64,208.70703125,1.0,4,STOCHASTIC_4;UNIFORM_2;UNIFORM_3;UNIFORM_4,False,UNIFORM_4,64,UNIFORM_4,64,UNIFORM_4,185.5078125,23.19921875,TEST descriptive best feasible baseline; not DEV-selected and not a statistical superiority test,comparison of reported lower bounds is not a test of true-horizon superiority
learned,learned_s3,2,LOWRANK_4_8_R2,frozen-learned-primary,1,33499,33499.0,2024,31475,128,64,128,64,236.765625,1.0,11,MIXED_4_8;MIXED_6_8;STOCHASTIC_4;UNIFORM_2;UNIFORM_3;UNIFORM_4;UNIFORM_5;UNIFORM_6;UNIFORM_7;UNIFORM_8;UNIFORM_9,False,UNIFORM_9,64,UNIFORM_9,128,UNIFORM_9,239.994140625,-3.228515625,TEST descriptive best feasible baseline; not DEV-selected and not a statistical superiority test,comparison of reported lower bounds is not a test of true-horizon superiority
learned,learned_s3,2,LOWRANK_4_8_R2,frozen-learned-primary,16,63859,3991.1875,2024,31475,128,64,128,64,236.765625,1.0,6,MIXED_4_8;STOCHASTIC_4;UNIFORM_2;UNIFORM_3;UNIFORM_4;UNIFORM_5,False,UNIFORM_5,64,UNIFORM_5,128,UNIFORM_5,226.484375,10.28125,TEST descriptive best feasible baseline; not DEV-selected and not a statistical superiority test,comparison of reported lower bounds is not a test of true-horizon superiority
learned,learned_s3,2,LOWRANK_4_8_R2,frozen-learned-primary,128,290547,2269.8984375,2024,31475,128,64,128,64,236.765625,1.0,6,MIXED_4_8;STOCHASTIC_4;UNIFORM_2;UNIFORM_3;UNIFORM_4;UNIFORM_5,False,UNIFORM_5,64,UNIFORM_5,128,UNIFORM_5,226.484375,10.28125,TEST descriptive best feasible baseline; not DEV-selected and not a statistical superiority test,comparison of reported lower bounds is not a test of true-horizon superiority
learned,learned_s3,2,LOWRANK_4_8_R4,frozen-learned-primary,1,35419,35419.0,2408,33011,128,64,128,64,240.888671875,1.0,16,MIXED_4_8;MIXED_6_8;STOCHASTIC_4;UNIFORM_10;UNIFORM_11;UNIFORM_12;UNIFORM_13;UNIFORM_14;UNIFORM_2;UNIFORM_3;UNIFORM_4;UNIFORM_5;UNIFORM_6;UNIFORM_7;UNIFORM_8;UNIFORM_9,False,UNIFORM_14,64,UNIFORM_14,128,UNIFORM_14,240.02734375,0.861328125,TEST descriptive best feasible baseline; not DEV-selected and not a statistical superiority test,comparison of reported lower bounds is not a test of true-horizon superiority
learned,learned_s3,2,LOWRANK_4_8_R4,frozen-learned-primary,16,71539,4471.1875,2408,33011,128,64,128,64,240.888671875,1.0,7,MIXED_4_8;STOCHASTIC_4;UNIFORM_2;UNIFORM_3;UNIFORM_4;UNIFORM_5;UNIFORM_6,False,UNIFORM_6,64,UNIFORM_6,128,UNIFORM_6,235.453125,5.435546875,TEST descriptive best feasible baseline; not DEV-selected and not a statistical superiority test,comparison of reported lower bounds is not a test of true-horizon superiority
learned,learned_s3,2,LOWRANK_4_8_R4,frozen-learned-primary,128,341235,2665.8984375,2408,33011,128,64,128,64,240.888671875,1.0,7,MIXED_4_8;STOCHASTIC_4;UNIFORM_2;UNIFORM_3;UNIFORM_4;UNIFORM_5;UNIFORM_6,False,UNIFORM_6,64,UNIFORM_6,128,UNIFORM_6,235.453125,5.435546875,TEST descriptive best feasible baseline; not DEV-selected and not a statistical superiority test,comparison of reported lower bounds is not a test of true-horizon superiority
learned,learned_s3,2,MIXED_4_8,frozen-learned-primary,1,32007,32007.0,1976,30031,128,64,128,64,217.765625,1.0,7,MIXED_4_8;STOCHASTIC_4;UNIFORM_2;UNIFORM_3;UNIFORM_4;UNIFORM_5;UNIFORM_6,False,UNIFORM_6,64,UNIFORM_6,128,UNIFORM_6,235.453125,-17.6875,TEST descriptive best feasible baseline; not DEV-selected and not a statistical superiority test,comparison of reported lower bounds is not a test of true-horizon superiority
learned,learned_s3,2,MIXED_4_8,frozen-learned-primary,16,61647,3852.9375,1976,30031,128,64,128,64,217.765625,1.0,6,MIXED_4_8;STOCHASTIC_4;UNIFORM_2;UNIFORM_3;UNIFORM_4;UNIFORM_5,False,UNIFORM_5,64,UNIFORM_5,128,UNIFORM_5,226.484375,-8.71875,TEST descriptive best feasible baseline; not DEV-selected and not a statistical superiority test,comparison of reported lower bounds is not a test of true-horizon superiority
learned,learned_s3,2,MIXED_4_8,frozen-learned-primary,128,282959,2210.6171875,1976,30031,128,64,128,64,217.765625,1.0,6,MIXED_4_8;STOCHASTIC_4;UNIFORM_2;UNIFORM_3;UNIFORM_4;UNIFORM_5,False,UNIFORM_5,64,UNIFORM_5,128,UNIFORM_5,226.484375,-8.71875,TEST descriptive best feasible baseline; not DEV-selected and not a statistical superiority test,comparison of reported lower bounds is not a test of true-horizon superiority
learned,learned_s3,2,MIXED_6_8,frozen-learned-primary,1,32775,32775.0,2744,30031,128,64,128,64,239.3515625,1.0,10,MIXED_4_8;MIXED_6_8;STOCHASTIC_4;UNIFORM_2;UNIFORM_3;UNIFORM_4;UNIFORM_5;UNIFORM_6;UNIFORM_7;UNIFORM_8,False,UNIFORM_8,64,UNIFORM_8,128,UNIFORM_8,239.6171875,-0.265625,TEST descriptive best feasible baseline; not DEV-selected and not a statistical superiority test,comparison of reported lower bounds is not a test of true-horizon superiority
learned,learned_s3,2,MIXED_6_8,frozen-learned-primary,16,73935,4620.9375,2744,30031,128,64,128,64,239.3515625,1.0,9,MIXED_4_8;MIXED_6_8;STOCHASTIC_4;UNIFORM_2;UNIFORM_3;UNIFORM_4;UNIFORM_5;UNIFORM_6;UNIFORM_7,False,MIXED_6_8,64,MIXED_6_8,128,MIXED_6_8,239.3515625,0.0,TEST descriptive best feasible baseline; not DEV-selected and not a statistical superiority test,comparison of reported lower bounds is not a test of true-horizon superiority
learned,learned_s3,2,MIXED_6_8,frozen-learned-primary,128,381263,2978.6171875,2744,30031,128,64,128,64,239.3515625,1.0,9,MIXED_4_8;MIXED_6_8;STOCHASTIC_4;UNIFORM_2;UNIFORM_3;UNIFORM_4;UNIFORM_5;UNIFORM_6;UNIFORM_7,False,MIXED_6_8,64,MIXED_6_8,128,MIXED_6_8,239.3515625,0.0,TEST descriptive best feasible baseline; not DEV-selected and not a statistical superiority test,comparison of reported lower bounds is not a test of true-horizon superiority
learned,learned_s3,2,NATIVE_FP32,frozen-learned-primary,1,41706,41706.0,12296,29410,128,64,128,64,239.865234375,1.0,19,MIXED_4_8;MIXED_6_8;NATIVE_FP32;STOCHASTIC_4;UNIFORM_10;UNIFORM_11;UNIFORM_12;UNIFORM_13;UNIFORM_14;UNIFORM_15;UNIFORM_16;UNIFORM_2;UNIFORM_3;UNIFORM_4;UNIFORM_5;UNIFORM_6;UNIFORM_7;UNIFORM_8;UNIFORM_9,True,UNIFORM_14,64,UNIFORM_14,128,UNIFORM_14,240.02734375,-0.162109375,TEST descriptive best feasible baseline; not DEV-selected and not a statistical superiority test,comparison of reported lower bounds is not a test of true-horizon superiority
learned,learned_s3,2,NATIVE_FP32,frozen-learned-primary,16,226146,14134.125,12296,29410,128,64,128,64,239.865234375,1.0,19,MIXED_4_8;MIXED_6_8;NATIVE_FP32;STOCHASTIC_4;UNIFORM_10;UNIFORM_11;UNIFORM_12;UNIFORM_13;UNIFORM_14;UNIFORM_15;UNIFORM_16;UNIFORM_2;UNIFORM_3;UNIFORM_4;UNIFORM_5;UNIFORM_6;UNIFORM_7;UNIFORM_8;UNIFORM_9,True,UNIFORM_14,64,UNIFORM_14,128,UNIFORM_14,240.02734375,-0.162109375,TEST descriptive best feasible baseline; not DEV-selected and not a statistical superiority test,comparison of reported lower bounds is not a test of true-horizon superiority
learned,learned_s3,2,NATIVE_FP32,frozen-learned-primary,128,1603298,12525.765625,12296,29410,128,64,128,64,239.865234375,1.0,19,MIXED_4_8;MIXED_6_8;NATIVE_FP32;STOCHASTIC_4;UNIFORM_10;UNIFORM_11;UNIFORM_12;UNIFORM_13;UNIFORM_14;UNIFORM_15;UNIFORM_16;UNIFORM_2;UNIFORM_3;UNIFORM_4;UNIFORM_5;UNIFORM_6;UNIFORM_7;UNIFORM_8;UNIFORM_9,True,UNIFORM_14,64,UNIFORM_14,128,UNIFORM_14,240.02734375,-0.162109375,TEST descriptive best feasible baseline; not DEV-selected and not a statistical superiority test,comparison of reported lower bounds is not a test of true-horizon superiority
learned,learned_s3,2,STOCHASTIC_4,frozen-learned-primary,1,31286,31286.0,1608,29678,64,32,64,32,104.244140625,1.0,4,STOCHASTIC_4;UNIFORM_2;UNIFORM_3;UNIFORM_4,False,UNIFORM_4,64,UNIFORM_4,64,UNIFORM_4,185.5078125,-81.263671875,TEST descriptive best feasible baseline; not DEV-selected and not a statistical superiority test,comparison of reported lower bounds is not a test of true-horizon superiority
learned,learned_s3,2,STOCHASTIC_4,frozen-learned-primary,16,55406,3462.875,1608,29678,64,32,64,32,104.244140625,1.0,4,STOCHASTIC_4;UNIFORM_2;UNIFORM_3;UNIFORM_4,False,UNIFORM_4,64,UNIFORM_4,64,UNIFORM_4,185.5078125,-81.263671875,TEST descriptive best feasible baseline; not DEV-selected and not a statistical superiority test,comparison of reported lower bounds is not a test of true-horizon superiority
learned,learned_s3,2,STOCHASTIC_4,frozen-learned-primary,128,235502,1839.859375,1608,29678,64,32,64,32,104.244140625,1.0,4,STOCHASTIC_4;UNIFORM_2;UNIFORM_3;UNIFORM_4,False,UNIFORM_4,64,UNIFORM_4,64,UNIFORM_4,185.5078125,-81.263671875,TEST descriptive best feasible baseline; not DEV-selected and not a statistical superiority test,comparison of reported lower bounds is not a test of true-horizon superiority
learned,learned_s3,2,UNIFORM_10,frozen-learned-primary,1,33523,33523.0,3896,29627,128,64,128,64,239.646484375,1.0,12,MIXED_4_8;MIXED_6_8;STOCHASTIC_4;UNIFORM_10;UNIFORM_2;UNIFORM_3;UNIFORM_4;UNIFORM_5;UNIFORM_6;UNIFORM_7;UNIFORM_8;UNIFORM_9,False,UNIFORM_9,64,UNIFORM_9,128,UNIFORM_9,239.994140625,-0.34765625,TEST descriptive best feasible baseline; not DEV-selected and not a statistical superiority test,comparison of reported lower bounds is not a test of true-horizon superiority
learned,learned_s3,2,UNIFORM_10,frozen-learned-primary,16,91963,5747.6875,3896,29627,128,64,128,64,239.646484375,1.0,12,MIXED_4_8;MIXED_6_8;STOCHASTIC_4;UNIFORM_10;UNIFORM_2;UNIFORM_3;UNIFORM_4;UNIFORM_5;UNIFORM_6;UNIFORM_7;UNIFORM_8;UNIFORM_9,False,UNIFORM_9,64,UNIFORM_9,128,UNIFORM_9,239.994140625,-0.34765625,TEST descriptive best feasible baseline; not DEV-selected and not a statistical superiority test,comparison of reported lower bounds is not a test of true-horizon superiority
learned,learned_s3,2,UNIFORM_10,frozen-learned-primary,128,528315,4127.4609375,3896,29627,128,64,128,64,239.646484375,1.0,12,MIXED_4_8;MIXED_6_8;STOCHASTIC_4;UNIFORM_10;UNIFORM_2;UNIFORM_3;UNIFORM_4;UNIFORM_5;UNIFORM_6;UNIFORM_7;UNIFORM_8;UNIFORM_9,False,UNIFORM_9,64,UNIFORM_9,128,UNIFORM_9,239.994140625,-0.34765625,TEST descriptive best feasible baseline; not DEV-selected and not a statistical superiority test,comparison of reported lower bounds is not a test of true-horizon superiority
learned,learned_s3,2,UNIFORM_11,frozen-learned-primary,1,33907,33907.0,4280,29627,128,64,128,64,239.728515625,1.0,13,MIXED_4_8;MIXED_6_8;STOCHASTIC_4;UNIFORM_10;UNIFORM_11;UNIFORM_2;UNIFORM_3;UNIFORM_4;UNIFORM_5;UNIFORM_6;UNIFORM_7;UNIFORM_8;UNIFORM_9,False,UNIFORM_9,64,UNIFORM_9,128,UNIFORM_9,239.994140625,-0.265625,TEST descriptive best feasible baseline; not DEV-selected and not a statistical superiority test,comparison of reported lower bounds is not a test of true-horizon superiority
learned,learned_s3,2,UNIFORM_11,frozen-learned-primary,16,98107,6131.6875,4280,29627,128,64,128,64,239.728515625,1.0,13,MIXED_4_8;MIXED_6_8;STOCHASTIC_4;UNIFORM_10;UNIFORM_11;UNIFORM_2;UNIFORM_3;UNIFORM_4;UNIFORM_5;UNIFORM_6;UNIFORM_7;UNIFORM_8;UNIFORM_9,False,UNIFORM_9,64,UNIFORM_9,128,UNIFORM_9,239.994140625,-0.265625,TEST descriptive best feasible baseline; not DEV-selected and not a statistical superiority test,comparison of reported lower bounds is not a test of true-horizon superiority
learned,learned_s3,2,UNIFORM_11,frozen-learned-primary,128,577467,4511.4609375,4280,29627,128,64,128,64,239.728515625,1.0,13,MIXED_4_8;MIXED_6_8;STOCHASTIC_4;UNIFORM_10;UNIFORM_11;UNIFORM_2;UNIFORM_3;UNIFORM_4;UNIFORM_5;UNIFORM_6;UNIFORM_7;UNIFORM_8;UNIFORM_9,False,UNIFORM_9,64,UNIFORM_9,128,UNIFORM_9,239.994140625,-0.265625,TEST descriptive best feasible baseline; not DEV-selected and not a statistical superiority test,comparison of reported lower bounds is not a test of true-horizon superiority
learned,learned_s3,2,UNIFORM_12,frozen-learned-primary,1,34291,34291.0,4664,29627,128,64,128,64,239.83203125,1.0,14,MIXED_4_8;MIXED_6_8;STOCHASTIC_4;UNIFORM_10;UNIFORM_11;UNIFORM_12;UNIFORM_2;UNIFORM_3;UNIFORM_4;UNIFORM_5;UNIFORM_6;UNIFORM_7;UNIFORM_8;UNIFORM_9,False,UNIFORM_9,64,UNIFORM_9,128,UNIFORM_9,239.994140625,-0.162109375,TEST descriptive best feasible baseline; not DEV-selected and not a statistical superiority test,comparison of reported lower bounds is not a test of true-horizon superiority
learned,learned_s3,2,UNIFORM_12,frozen-learned-primary,16,104251,6515.6875,4664,29627,128,64,128,64,239.83203125,1.0,14,MIXED_4_8;MIXED_6_8;STOCHASTIC_4;UNIFORM_10;UNIFORM_11;UNIFORM_12;UNIFORM_2;UNIFORM_3;UNIFORM_4;UNIFORM_5;UNIFORM_6;UNIFORM_7;UNIFORM_8;UNIFORM_9,False,UNIFORM_9,64,UNIFORM_9,128,UNIFORM_9,239.994140625,-0.162109375,TEST descriptive best feasible baseline; not DEV-selected and not a statistical superiority test,comparison of reported lower bounds is not a test of true-horizon superiority
learned,learned_s3,2,UNIFORM_12,frozen-learned-primary,128,626619,4895.4609375,4664,29627,128,64,128,64,239.83203125,1.0,14,MIXED_4_8;MIXED_6_8;STOCHASTIC_4;UNIFORM_10;UNIFORM_11;UNIFORM_12;UNIFORM_2;UNIFORM_3;UNIFORM_4;UNIFORM_5;UNIFORM_6;UNIFORM_7;UNIFORM_8;UNIFORM_9,False,UNIFORM_9,64,UNIFORM_9,128,UNIFORM_9,239.994140625,-0.162109375,TEST descriptive best feasible baseline; not DEV-selected and not a statistical superiority test,comparison of reported lower bounds is not a test of true-horizon superiority
learned,learned_s3,2,UNIFORM_13,frozen-learned-primary,1,34675,34675.0,5048,29627,128,64,128,64,239.998046875,1.0,15,MIXED_4_8;MIXED_6_8;STOCHASTIC_4;UNIFORM_10;UNIFORM_11;UNIFORM_12;UNIFORM_13;UNIFORM_2;UNIFORM_3;UNIFORM_4;UNIFORM_5;UNIFORM_6;UNIFORM_7;UNIFORM_8;UNIFORM_9,False,UNIFORM_13,64,UNIFORM_13,128,UNIFORM_13,239.998046875,0.0,TEST descriptive best feasible baseline; not DEV-selected and not a statistical superiority test,comparison of reported lower bounds is not a test of true-horizon superiority
learned,learned_s3,2,UNIFORM_13,frozen-learned-primary,16,110395,6899.6875,5048,29627,128,64,128,64,239.998046875,1.0,15,MIXED_4_8;MIXED_6_8;STOCHASTIC_4;UNIFORM_10;UNIFORM_11;UNIFORM_12;UNIFORM_13;UNIFORM_2;UNIFORM_3;UNIFORM_4;UNIFORM_5;UNIFORM_6;UNIFORM_7;UNIFORM_8;UNIFORM_9,False,UNIFORM_13,64,UNIFORM_13,128,UNIFORM_13,239.998046875,0.0,TEST descriptive best feasible baseline; not DEV-selected and not a statistical superiority test,comparison of reported lower bounds is not a test of true-horizon superiority
learned,learned_s3,2,UNIFORM_13,frozen-learned-primary,128,675771,5279.4609375,5048,29627,128,64,128,64,239.998046875,1.0,15,MIXED_4_8;MIXED_6_8;STOCHASTIC_4;UNIFORM_10;UNIFORM_11;UNIFORM_12;UNIFORM_13;UNIFORM_2;UNIFORM_3;UNIFORM_4;UNIFORM_5;UNIFORM_6;UNIFORM_7;UNIFORM_8;UNIFORM_9,False,UNIFORM_13,64,UNIFORM_13,128,UNIFORM_13,239.998046875,0.0,TEST descriptive best feasible baseline; not DEV-selected and not a statistical superiority test,comparison of reported lower bounds is not a test of true-horizon superiority
learned,learned_s3,2,UNIFORM_14,frozen-learned-primary,1,35059,35059.0,5432,29627,128,64,128,64,240.02734375,1.0,16,MIXED_4_8;MIXED_6_8;STOCHASTIC_4;UNIFORM_10;UNIFORM_11;UNIFORM_12;UNIFORM_13;UNIFORM_14;UNIFORM_2;UNIFORM_3;UNIFORM_4;UNIFORM_5;UNIFORM_6;UNIFORM_7;UNIFORM_8;UNIFORM_9,False,UNIFORM_14,64,UNIFORM_14,128,UNIFORM_14,240.02734375,0.0,TEST descriptive best feasible baseline; not DEV-selected and not a statistical superiority test,comparison of reported lower bounds is not a test of true-horizon superiority
learned,learned_s3,2,UNIFORM_14,frozen-learned-primary,16,116539,7283.6875,5432,29627,128,64,128,64,240.02734375,1.0,16,MIXED_4_8;MIXED_6_8;STOCHASTIC_4;UNIFORM_10;UNIFORM_11;UNIFORM_12;UNIFORM_13;UNIFORM_14;UNIFORM_2;UNIFORM_3;UNIFORM_4;UNIFORM_5;UNIFORM_6;UNIFORM_7;UNIFORM_8;UNIFORM_9,False,UNIFORM_14,64,UNIFORM_14,128,UNIFORM_14,240.02734375,0.0,TEST descriptive best feasible baseline; not DEV-selected and not a statistical superiority test,comparison of reported lower bounds is not a test of true-horizon superiority
learned,learned_s3,2,UNIFORM_14,frozen-learned-primary,128,724923,5663.4609375,5432,29627,128,64,128,64,240.02734375,1.0,16,MIXED_4_8;MIXED_6_8;STOCHASTIC_4;UNIFORM_10;UNIFORM_11;UNIFORM_12;UNIFORM_13;UNIFORM_14;UNIFORM_2;UNIFORM_3;UNIFORM_4;UNIFORM_5;UNIFORM_6;UNIFORM_7;UNIFORM_8;UNIFORM_9,False,UNIFORM_14,64,UNIFORM_14,128,UNIFORM_14,240.02734375,0.0,TEST descriptive best feasible baseline; not DEV-selected and not a statistical superiority test,comparison of reported lower bounds is not a test of true-horizon superiority
learned,learned_s3,2,UNIFORM_15,frozen-learned-primary,1,35443,35443.0,5816,29627,128,64,128,64,239.990234375,1.0,17,MIXED_4_8;MIXED_6_8;STOCHASTIC_4;UNIFORM_10;UNIFORM_11;UNIFORM_12;UNIFORM_13;UNIFORM_14;UNIFORM_15;UNIFORM_2;UNIFORM_3;UNIFORM_4;UNIFORM_5;UNIFORM_6;UNIFORM_7;UNIFORM_8;UNIFORM_9,False,UNIFORM_14,64,UNIFORM_14,128,UNIFORM_14,240.02734375,-0.037109375,TEST descriptive best feasible baseline; not DEV-selected and not a statistical superiority test,comparison of reported lower bounds is not a test of true-horizon superiority
learned,learned_s3,2,UNIFORM_15,frozen-learned-primary,16,122683,7667.6875,5816,29627,128,64,128,64,239.990234375,1.0,17,MIXED_4_8;MIXED_6_8;STOCHASTIC_4;UNIFORM_10;UNIFORM_11;UNIFORM_12;UNIFORM_13;UNIFORM_14;UNIFORM_15;UNIFORM_2;UNIFORM_3;UNIFORM_4;UNIFORM_5;UNIFORM_6;UNIFORM_7;UNIFORM_8;UNIFORM_9,False,UNIFORM_14,64,UNIFORM_14,128,UNIFORM_14,240.02734375,-0.037109375,TEST descriptive best feasible baseline; not DEV-selected and not a statistical superiority test,comparison of reported lower bounds is not a test of true-horizon superiority
learned,learned_s3,2,UNIFORM_15,frozen-learned-primary,128,774075,6047.4609375,5816,29627,128,64,128,64,239.990234375,1.0,17,MIXED_4_8;MIXED_6_8;STOCHASTIC_4;UNIFORM_10;UNIFORM_11;UNIFORM_12;UNIFORM_13;UNIFORM_14;UNIFORM_15;UNIFORM_2;UNIFORM_3;UNIFORM_4;UNIFORM_5;UNIFORM_6;UNIFORM_7;UNIFORM_8;UNIFORM_9,False,UNIFORM_14,64,UNIFORM_14,128,UNIFORM_14,240.02734375,-0.037109375,TEST descriptive best feasible baseline; not DEV-selected and not a statistical superiority test,comparison of reported lower bounds is not a test of true-horizon superiority
learned,learned_s3,2,UNIFORM_16,frozen-learned-primary,1,35827,35827.0,6200,29627,128,64,128,64,239.990234375,1.0,18,MIXED_4_8;MIXED_6_8;STOCHASTIC_4;UNIFORM_10;UNIFORM_11;UNIFORM_12;UNIFORM_13;UNIFORM_14;UNIFORM_15;UNIFORM_16;UNIFORM_2;UNIFORM_3;UNIFORM_4;UNIFORM_5;UNIFORM_6;UNIFORM_7;UNIFORM_8;UNIFORM_9,False,UNIFORM_14,64,UNIFORM_14,128,UNIFORM_14,240.02734375,-0.037109375,TEST descriptive best feasible baseline; not DEV-selected and not a statistical superiority test,comparison of reported lower bounds is not a test of true-horizon superiority
learned,learned_s3,2,UNIFORM_16,frozen-learned-primary,16,128827,8051.6875,6200,29627,128,64,128,64,239.990234375,1.0,18,MIXED_4_8;MIXED_6_8;STOCHASTIC_4;UNIFORM_10;UNIFORM_11;UNIFORM_12;UNIFORM_13;UNIFORM_14;UNIFORM_15;UNIFORM_16;UNIFORM_2;UNIFORM_3;UNIFORM_4;UNIFORM_5;UNIFORM_6;UNIFORM_7;UNIFORM_8;UNIFORM_9,False,UNIFORM_14,64,UNIFORM_14,128,UNIFORM_14,240.02734375,-0.037109375,TEST descriptive best feasible baseline; not DEV-selected and not a statistical superiority test,comparison of reported lower bounds is not a test of true-horizon superiority
learned,learned_s3,2,UNIFORM_16,frozen-learned-primary,128,823227,6431.4609375,6200,29627,128,64,128,64,239.990234375,1.0,18,MIXED_4_8;MIXED_6_8;STOCHASTIC_4;UNIFORM_10;UNIFORM_11;UNIFORM_12;UNIFORM_13;UNIFORM_14;UNIFORM_15;UNIFORM_16;UNIFORM_2;UNIFORM_3;UNIFORM_4;UNIFORM_5;UNIFORM_6;UNIFORM_7;UNIFORM_8;UNIFORM_9,False,UNIFORM_14,64,UNIFORM_14,128,UNIFORM_14,240.02734375,-0.037109375,TEST descriptive best feasible baseline; not DEV-selected and not a statistical superiority test,comparison of reported lower bounds is not a test of true-horizon superiority
learned,learned_s3,2,UNIFORM_2,frozen-learned-primary,1,30450,30450.0,824,29626,,,no qualifying grid horizon (<32),no qualifying grid horizon (<32),11.212890625,1.0,1,UNIFORM_2,False,UNIFORM_2,,UNIFORM_2,,UNIFORM_2,11.212890625,0.0,TEST descriptive best feasible baseline; not DEV-selected and not a statistical superiority test,comparison of reported lower bounds is not a test of true-horizon superiority
learned,learned_s3,2,UNIFORM_2,frozen-learned-primary,16,42810,2675.625,824,29626,,,no qualifying grid horizon (<32),no qualifying grid horizon (<32),11.212890625,1.0,1,UNIFORM_2,False,UNIFORM_2,,UNIFORM_2,,UNIFORM_2,11.212890625,0.0,TEST descriptive best feasible baseline; not DEV-selected and not a statistical superiority test,comparison of reported lower bounds is not a test of true-horizon superiority
learned,learned_s3,2,UNIFORM_2,frozen-learned-primary,128,135098,1055.453125,824,29626,,,no qualifying grid horizon (<32),no qualifying grid horizon (<32),11.212890625,1.0,1,UNIFORM_2,False,UNIFORM_2,,UNIFORM_2,,UNIFORM_2,11.212890625,0.0,TEST descriptive best feasible baseline; not DEV-selected and not a statistical superiority test,comparison of reported lower bounds is not a test of true-horizon superiority
learned,learned_s3,2,UNIFORM_3,frozen-learned-primary,1,30834,30834.0,1208,29626,32,32,32,32,84.41796875,1.0,2,UNIFORM_2;UNIFORM_3,False,UNIFORM_3,32,UNIFORM_3,32,UNIFORM_3,84.41796875,0.0,TEST descriptive best feasible baseline; not DEV-selected and not a statistical superiority test,comparison of reported lower bounds is not a test of true-horizon superiority
learned,learned_s3,2,UNIFORM_3,frozen-learned-primary,16,48954,3059.625,1208,29626,32,32,32,32,84.41796875,1.0,2,UNIFORM_2;UNIFORM_3,False,UNIFORM_3,32,UNIFORM_3,32,UNIFORM_3,84.41796875,0.0,TEST descriptive best feasible baseline; not DEV-selected and not a statistical superiority test,comparison of reported lower bounds is not a test of true-horizon superiority
learned,learned_s3,2,UNIFORM_3,frozen-learned-primary,128,184250,1439.453125,1208,29626,32,32,32,32,84.41796875,1.0,2,UNIFORM_2;UNIFORM_3,False,UNIFORM_3,32,UNIFORM_3,32,UNIFORM_3,84.41796875,0.0,TEST descriptive best feasible baseline; not DEV-selected and not a statistical superiority test,comparison of reported lower bounds is not a test of true-horizon superiority
learned,learned_s3,2,UNIFORM_4,frozen-learned-primary,1,31218,31218.0,1592,29626,64,64,64,64,185.5078125,1.0,3,UNIFORM_2;UNIFORM_3;UNIFORM_4,False,UNIFORM_4,64,UNIFORM_4,64,UNIFORM_4,185.5078125,0.0,TEST descriptive best feasible baseline; not DEV-selected and not a statistical superiority test,comparison of reported lower bounds is not a test of true-horizon superiority
learned,learned_s3,2,UNIFORM_4,frozen-learned-primary,16,55098,3443.625,1592,29626,64,64,64,64,185.5078125,1.0,3,UNIFORM_2;UNIFORM_3;UNIFORM_4,False,UNIFORM_4,64,UNIFORM_4,64,UNIFORM_4,185.5078125,0.0,TEST descriptive best feasible baseline; not DEV-selected and not a statistical superiority test,comparison of reported lower bounds is not a test of true-horizon superiority
learned,learned_s3,2,UNIFORM_4,frozen-learned-primary,128,233402,1823.453125,1592,29626,64,64,64,64,185.5078125,1.0,3,UNIFORM_2;UNIFORM_3;UNIFORM_4,False,UNIFORM_4,64,UNIFORM_4,64,UNIFORM_4,185.5078125,0.0,TEST descriptive best feasible baseline; not DEV-selected and not a statistical superiority test,comparison of reported lower bounds is not a test of true-horizon superiority
learned,learned_s3,2,UNIFORM_5,frozen-learned-primary,1,31602,31602.0,1976,29626,128,64,128,64,226.484375,1.0,5,STOCHASTIC_4;UNIFORM_2;UNIFORM_3;UNIFORM_4;UNIFORM_5,False,UNIFORM_5,64,UNIFORM_5,128,UNIFORM_5,226.484375,0.0,TEST descriptive best feasible baseline; not DEV-selected and not a statistical superiority test,comparison of reported lower bounds is not a test of true-horizon superiority
learned,learned_s3,2,UNIFORM_5,frozen-learned-primary,16,61242,3827.625,1976,29626,128,64,128,64,226.484375,1.0,5,STOCHASTIC_4;UNIFORM_2;UNIFORM_3;UNIFORM_4;UNIFORM_5,False,UNIFORM_5,64,UNIFORM_5,128,UNIFORM_5,226.484375,0.0,TEST descriptive best feasible baseline; not DEV-selected and not a statistical superiority test,comparison of reported lower bounds is not a test of true-horizon superiority
learned,learned_s3,2,UNIFORM_5,frozen-learned-primary,128,282554,2207.453125,1976,29626,128,64,128,64,226.484375,1.0,5,STOCHASTIC_4;UNIFORM_2;UNIFORM_3;UNIFORM_4;UNIFORM_5,False,UNIFORM_5,64,UNIFORM_5,128,UNIFORM_5,226.484375,0.0,TEST descriptive best feasible baseline; not DEV-selected and not a statistical superiority test,comparison of reported lower bounds is not a test of true-horizon superiority
learned,learned_s3,2,UNIFORM_6,frozen-learned-primary,1,31986,31986.0,2360,29626,128,64,128,64,235.453125,1.0,6,STOCHASTIC_4;UNIFORM_2;UNIFORM_3;UNIFORM_4;UNIFORM_5;UNIFORM_6,False,UNIFORM_6,64,UNIFORM_6,128,UNIFORM_6,235.453125,0.0,TEST descriptive best feasible baseline; not DEV-selected and not a statistical superiority test,comparison of reported lower bounds is not a test of true-horizon superiority
learned,learned_s3,2,UNIFORM_6,frozen-learned-primary,16,67386,4211.625,2360,29626,128,64,128,64,235.453125,1.0,7,MIXED_4_8;STOCHASTIC_4;UNIFORM_2;UNIFORM_3;UNIFORM_4;UNIFORM_5;UNIFORM_6,False,UNIFORM_6,64,UNIFORM_6,128,UNIFORM_6,235.453125,0.0,TEST descriptive best feasible baseline; not DEV-selected and not a statistical superiority test,comparison of reported lower bounds is not a test of true-horizon superiority
learned,learned_s3,2,UNIFORM_6,frozen-learned-primary,128,331706,2591.453125,2360,29626,128,64,128,64,235.453125,1.0,7,MIXED_4_8;STOCHASTIC_4;UNIFORM_2;UNIFORM_3;UNIFORM_4;UNIFORM_5;UNIFORM_6,False,UNIFORM_6,64,UNIFORM_6,128,UNIFORM_6,235.453125,0.0,TEST descriptive best feasible baseline; not DEV-selected and not a statistical superiority test,comparison of reported lower bounds is not a test of true-horizon superiority
learned,learned_s3,2,UNIFORM_7,frozen-learned-primary,1,32370,32370.0,2744,29626,128,64,128,64,236.35546875,1.0,8,MIXED_4_8;STOCHASTIC_4;UNIFORM_2;UNIFORM_3;UNIFORM_4;UNIFORM_5;UNIFORM_6;UNIFORM_7,False,UNIFORM_7,64,UNIFORM_7,128,UNIFORM_7,236.35546875,0.0,TEST descriptive best feasible baseline; not DEV-selected and not a statistical superiority test,comparison of reported lower bounds is not a test of true-horizon superiority
learned,learned_s3,2,UNIFORM_7,frozen-learned-primary,16,73530,4595.625,2744,29626,128,64,128,64,236.35546875,1.0,8,MIXED_4_8;STOCHASTIC_4;UNIFORM_2;UNIFORM_3;UNIFORM_4;UNIFORM_5;UNIFORM_6;UNIFORM_7,False,UNIFORM_7,64,UNIFORM_7,128,UNIFORM_7,236.35546875,0.0,TEST descriptive best feasible baseline; not DEV-selected and not a statistical superiority test,comparison of reported lower bounds is not a test of true-horizon superiority
learned,learned_s3,2,UNIFORM_7,frozen-learned-primary,128,380858,2975.453125,2744,29626,128,64,128,64,236.35546875,1.0,8,MIXED_4_8;STOCHASTIC_4;UNIFORM_2;UNIFORM_3;UNIFORM_4;UNIFORM_5;UNIFORM_6;UNIFORM_7,False,UNIFORM_7,64,UNIFORM_7,128,UNIFORM_7,236.35546875,0.0,TEST descriptive best feasible baseline; not DEV-selected and not a statistical superiority test,comparison of reported lower bounds is not a test of true-horizon superiority
learned,learned_s3,2,UNIFORM_8,frozen-learned-primary,1,32754,32754.0,3128,29626,128,64,128,64,239.6171875,1.0,9,MIXED_4_8;STOCHASTIC_4;UNIFORM_2;UNIFORM_3;UNIFORM_4;UNIFORM_5;UNIFORM_6;UNIFORM_7;UNIFORM_8,False,UNIFORM_8,64,UNIFORM_8,128,UNIFORM_8,239.6171875,0.0,TEST descriptive best feasible baseline; not DEV-selected and not a statistical superiority test,comparison of reported lower bounds is not a test of true-horizon superiority
learned,learned_s3,2,UNIFORM_8,frozen-learned-primary,16,79674,4979.625,3128,29626,128,64,128,64,239.6171875,1.0,10,MIXED_4_8;MIXED_6_8;STOCHASTIC_4;UNIFORM_2;UNIFORM_3;UNIFORM_4;UNIFORM_5;UNIFORM_6;UNIFORM_7;UNIFORM_8,False,UNIFORM_8,64,UNIFORM_8,128,UNIFORM_8,239.6171875,0.0,TEST descriptive best feasible baseline; not DEV-selected and not a statistical superiority test,comparison of reported lower bounds is not a test of true-horizon superiority
learned,learned_s3,2,UNIFORM_8,frozen-learned-primary,128,430010,3359.453125,3128,29626,128,64,128,64,239.6171875,1.0,10,MIXED_4_8;MIXED_6_8;STOCHASTIC_4;UNIFORM_2;UNIFORM_3;UNIFORM_4;UNIFORM_5;UNIFORM_6;UNIFORM_7;UNIFORM_8,False,UNIFORM_8,64,UNIFORM_8,128,UNIFORM_8,239.6171875,0.0,TEST descriptive best feasible baseline; not DEV-selected and not a statistical superiority test,comparison of reported lower bounds is not a test of true-horizon superiority
learned,learned_s3,2,UNIFORM_9,frozen-learned-primary,1,33138,33138.0,3512,29626,128,64,128,64,239.994140625,1.0,11,MIXED_4_8;MIXED_6_8;STOCHASTIC_4;UNIFORM_2;UNIFORM_3;UNIFORM_4;UNIFORM_5;UNIFORM_6;UNIFORM_7;UNIFORM_8;UNIFORM_9,False,UNIFORM_9,64,UNIFORM_9,128,UNIFORM_9,239.994140625,0.0,TEST descriptive best feasible baseline; not DEV-selected and not a statistical superiority test,comparison of reported lower bounds is not a test of true-horizon superiority
learned,learned_s3,2,UNIFORM_9,frozen-learned-primary,16,85818,5363.625,3512,29626,128,64,128,64,239.994140625,1.0,11,MIXED_4_8;MIXED_6_8;STOCHASTIC_4;UNIFORM_2;UNIFORM_3;UNIFORM_4;UNIFORM_5;UNIFORM_6;UNIFORM_7;UNIFORM_8;UNIFORM_9,False,UNIFORM_9,64,UNIFORM_9,128,UNIFORM_9,239.994140625,0.0,TEST descriptive best feasible baseline; not DEV-selected and not a statistical superiority test,comparison of reported lower bounds is not a test of true-horizon superiority
learned,learned_s3,2,UNIFORM_9,frozen-learned-primary,128,479162,3743.453125,3512,29626,128,64,128,64,239.994140625,1.0,11,MIXED_4_8;MIXED_6_8;STOCHASTIC_4;UNIFORM_2;UNIFORM_3;UNIFORM_4;UNIFORM_5;UNIFORM_6;UNIFORM_7;UNIFORM_8;UNIFORM_9,False,UNIFORM_9,64,UNIFORM_9,128,UNIFORM_9,239.994140625,0.0,TEST descriptive best feasible baseline; not DEV-selected and not a statistical superiority test,comparison of reported lower bounds is not a test of true-horizon superiority
learned,learned_s3,2,UNTRANSPORTED_4_4,frozen-learned-primary,1,33112,33112.0,3176,29936,64,32,64,32,110.998046875,1.0,10,MIXED_4_8;MIXED_6_8;STOCHASTIC_4;UNIFORM_2;UNIFORM_3;UNIFORM_4;UNIFORM_5;UNIFORM_6;UNIFORM_7;UNIFORM_8,False,UNIFORM_8,64,UNIFORM_8,128,UNIFORM_8,239.6171875,-128.619140625,TEST descriptive best feasible baseline; not DEV-selected and not a statistical superiority test,comparison of reported lower bounds is not a test of true-horizon superiority
learned,learned_s3,2,UNTRANSPORTED_4_4,frozen-learned-primary,16,80752,5047.0,3176,29936,64,32,64,32,110.998046875,1.0,10,MIXED_4_8;MIXED_6_8;STOCHASTIC_4;UNIFORM_2;UNIFORM_3;UNIFORM_4;UNIFORM_5;UNIFORM_6;UNIFORM_7;UNIFORM_8,False,UNIFORM_8,64,UNIFORM_8,128,UNIFORM_8,239.6171875,-128.619140625,TEST descriptive best feasible baseline; not DEV-selected and not a statistical superiority test,comparison of reported lower bounds is not a test of true-horizon superiority
learned,learned_s3,2,UNTRANSPORTED_4_4,frozen-learned-primary,128,436464,3409.875,3176,29936,64,32,64,32,110.998046875,1.0,10,MIXED_4_8;MIXED_6_8;STOCHASTIC_4;UNIFORM_2;UNIFORM_3;UNIFORM_4;UNIFORM_5;UNIFORM_6;UNIFORM_7;UNIFORM_8,False,UNIFORM_8,64,UNIFORM_8,128,UNIFORM_8,239.6171875,-128.619140625,TEST descriptive best feasible baseline; not DEV-selected and not a statistical superiority test,comparison of reported lower bounds is not a test of true-horizon superiority
