domain,condition,model_seed,arm,evaluation_version,horizon,first_failures,failure_probability,survival_probability,failure_upper_bound,survival_lower_bound,family_size
toy,s4_signed_lattice,,NATIVE_FP32,v1-unchanged-finite-nonstochastic,32,0,0.0,1.0,0.018901037818839048,0.981098962181161,875
toy,s4_signed_lattice,,NATIVE_FP32,v1-unchanged-finite-nonstochastic,64,0,0.0,1.0,0.018901037818839048,0.981098962181161,875
toy,s4_signed_lattice,,NATIVE_FP32,v1-unchanged-finite-nonstochastic,128,0,0.0,1.0,0.018901037818839048,0.981098962181161,875
toy,s4_signed_lattice,,NATIVE_FP32,v1-unchanged-finite-nonstochastic,256,0,0.0,1.0,0.018901037818839048,0.981098962181161,875
toy,s4_signed_lattice,,NATIVE_FP32,v1-unchanged-finite-nonstochastic,512,0,0.0,1.0,0.018901037818839048,0.981098962181161,875
toy,s4_signed_lattice,,NATIVE_FP32,v1-unchanged-finite-nonstochastic,1024,0,0.0,1.0,0.018901037818839048,0.981098962181161,875
toy,s4_signed_lattice,,NATIVE_FP32,v1-unchanged-finite-nonstochastic,2048,0,0.0,1.0,0.018901037818839048,0.981098962181161,875
toy,s4_signed_lattice,,NATIVE_FP64,v1-unchanged-finite-nonstochastic,32,0,0.0,1.0,0.018901037818839048,0.981098962181161,875
toy,s4_signed_lattice,,NATIVE_FP64,v1-unchanged-finite-nonstochastic,64,0,0.0,1.0,0.018901037818839048,0.981098962181161,875
toy,s4_signed_lattice,,NATIVE_FP64,v1-unchanged-finite-nonstochastic,128,0,0.0,1.0,0.018901037818839048,0.981098962181161,875
toy,s4_signed_lattice,,NATIVE_FP64,v1-unchanged-finite-nonstochastic,256,0,0.0,1.0,0.018901037818839048,0.981098962181161,875
toy,s4_signed_lattice,,NATIVE_FP64,v1-unchanged-finite-nonstochastic,512,0,0.0,1.0,0.018901037818839048,0.981098962181161,875
toy,s4_signed_lattice,,NATIVE_FP64,v1-unchanged-finite-nonstochastic,1024,0,0.0,1.0,0.018901037818839048,0.981098962181161,875
toy,s4_signed_lattice,,NATIVE_FP64,v1-unchanged-finite-nonstochastic,2048,0,0.0,1.0,0.018901037818839048,0.981098962181161,875
toy,s4_signed_lattice,,UNIFORM_2,v1-unchanged-finite-nonstochastic,32,512,1.0,0.0,1.0,0.0,875
toy,s4_signed_lattice,,UNIFORM_2,v1-unchanged-finite-nonstochastic,64,512,1.0,0.0,1.0,0.0,875
toy,s4_signed_lattice,,UNIFORM_2,v1-unchanged-finite-nonstochastic,128,512,1.0,0.0,1.0,0.0,875
toy,s4_signed_lattice,,UNIFORM_2,v1-unchanged-finite-nonstochastic,256,512,1.0,0.0,1.0,0.0,875
toy,s4_signed_lattice,,UNIFORM_2,v1-unchanged-finite-nonstochastic,512,512,1.0,0.0,1.0,0.0,875
toy,s4_signed_lattice,,UNIFORM_2,v1-unchanged-finite-nonstochastic,1024,512,1.0,0.0,1.0,0.0,875
toy,s4_signed_lattice,,UNIFORM_2,v1-unchanged-finite-nonstochastic,2048,512,1.0,0.0,1.0,0.0,875
toy,s4_signed_lattice,,UNIFORM_3,v1-unchanged-finite-nonstochastic,32,0,0.0,1.0,0.018901037818839048,0.981098962181161,875
toy,s4_signed_lattice,,UNIFORM_3,v1-unchanged-finite-nonstochastic,64,0,0.0,1.0,0.018901037818839048,0.981098962181161,875
toy,s4_signed_lattice,,UNIFORM_3,v1-unchanged-finite-nonstochastic,128,0,0.0,1.0,0.018901037818839048,0.981098962181161,875
toy,s4_signed_lattice,,UNIFORM_3,v1-unchanged-finite-nonstochastic,256,0,0.0,1.0,0.018901037818839048,0.981098962181161,875
toy,s4_signed_lattice,,UNIFORM_3,v1-unchanged-finite-nonstochastic,512,0,0.0,1.0,0.018901037818839048,0.981098962181161,875
toy,s4_signed_lattice,,UNIFORM_3,v1-unchanged-finite-nonstochastic,1024,0,0.0,1.0,0.018901037818839048,0.981098962181161,875
toy,s4_signed_lattice,,UNIFORM_3,v1-unchanged-finite-nonstochastic,2048,0,0.0,1.0,0.018901037818839048,0.981098962181161,875
toy,s4_signed_lattice,,UNIFORM_4,v1-unchanged-finite-nonstochastic,32,0,0.0,1.0,0.018901037818839048,0.981098962181161,875
toy,s4_signed_lattice,,UNIFORM_4,v1-unchanged-finite-nonstochastic,64,0,0.0,1.0,0.018901037818839048,0.981098962181161,875
toy,s4_signed_lattice,,UNIFORM_4,v1-unchanged-finite-nonstochastic,128,0,0.0,1.0,0.018901037818839048,0.981098962181161,875
toy,s4_signed_lattice,,UNIFORM_4,v1-unchanged-finite-nonstochastic,256,0,0.0,1.0,0.018901037818839048,0.981098962181161,875
toy,s4_signed_lattice,,UNIFORM_4,v1-unchanged-finite-nonstochastic,512,0,0.0,1.0,0.018901037818839048,0.981098962181161,875
toy,s4_signed_lattice,,UNIFORM_4,v1-unchanged-finite-nonstochastic,1024,0,0.0,1.0,0.018901037818839048,0.981098962181161,875
toy,s4_signed_lattice,,UNIFORM_4,v1-unchanged-finite-nonstochastic,2048,0,0.0,1.0,0.018901037818839048,0.981098962181161,875
toy,s4_signed_lattice,,UNIFORM_5,v1-unchanged-finite-nonstochastic,32,0,0.0,1.0,0.018901037818839048,0.981098962181161,875
toy,s4_signed_lattice,,UNIFORM_5,v1-unchanged-finite-nonstochastic,64,0,0.0,1.0,0.018901037818839048,0.981098962181161,875
toy,s4_signed_lattice,,UNIFORM_5,v1-unchanged-finite-nonstochastic,128,0,0.0,1.0,0.018901037818839048,0.981098962181161,875
toy,s4_signed_lattice,,UNIFORM_5,v1-unchanged-finite-nonstochastic,256,0,0.0,1.0,0.018901037818839048,0.981098962181161,875
toy,s4_signed_lattice,,UNIFORM_5,v1-unchanged-finite-nonstochastic,512,0,0.0,1.0,0.018901037818839048,0.981098962181161,875
toy,s4_signed_lattice,,UNIFORM_5,v1-unchanged-finite-nonstochastic,1024,0,0.0,1.0,0.018901037818839048,0.981098962181161,875
toy,s4_signed_lattice,,UNIFORM_5,v1-unchanged-finite-nonstochastic,2048,0,0.0,1.0,0.018901037818839048,0.981098962181161,875
toy,s4_signed_lattice,,UNIFORM_6,v1-unchanged-finite-nonstochastic,32,0,0.0,1.0,0.018901037818839048,0.981098962181161,875
toy,s4_signed_lattice,,UNIFORM_6,v1-unchanged-finite-nonstochastic,64,0,0.0,1.0,0.018901037818839048,0.981098962181161,875
toy,s4_signed_lattice,,UNIFORM_6,v1-unchanged-finite-nonstochastic,128,0,0.0,1.0,0.018901037818839048,0.981098962181161,875
toy,s4_signed_lattice,,UNIFORM_6,v1-unchanged-finite-nonstochastic,256,0,0.0,1.0,0.018901037818839048,0.981098962181161,875
toy,s4_signed_lattice,,UNIFORM_6,v1-unchanged-finite-nonstochastic,512,0,0.0,1.0,0.018901037818839048,0.981098962181161,875
toy,s4_signed_lattice,,UNIFORM_6,v1-unchanged-finite-nonstochastic,1024,0,0.0,1.0,0.018901037818839048,0.981098962181161,875
toy,s4_signed_lattice,,UNIFORM_6,v1-unchanged-finite-nonstochastic,2048,0,0.0,1.0,0.018901037818839048,0.981098962181161,875
toy,s4_signed_lattice,,UNIFORM_7,v1-unchanged-finite-nonstochastic,32,0,0.0,1.0,0.018901037818839048,0.981098962181161,875
toy,s4_signed_lattice,,UNIFORM_7,v1-unchanged-finite-nonstochastic,64,0,0.0,1.0,0.018901037818839048,0.981098962181161,875
toy,s4_signed_lattice,,UNIFORM_7,v1-unchanged-finite-nonstochastic,128,0,0.0,1.0,0.018901037818839048,0.981098962181161,875
toy,s4_signed_lattice,,UNIFORM_7,v1-unchanged-finite-nonstochastic,256,0,0.0,1.0,0.018901037818839048,0.981098962181161,875
toy,s4_signed_lattice,,UNIFORM_7,v1-unchanged-finite-nonstochastic,512,0,0.0,1.0,0.018901037818839048,0.981098962181161,875
toy,s4_signed_lattice,,UNIFORM_7,v1-unchanged-finite-nonstochastic,1024,0,0.0,1.0,0.018901037818839048,0.981098962181161,875
toy,s4_signed_lattice,,UNIFORM_7,v1-unchanged-finite-nonstochastic,2048,0,0.0,1.0,0.018901037818839048,0.981098962181161,875
toy,s4_signed_lattice,,UNIFORM_8,v1-unchanged-finite-nonstochastic,32,0,0.0,1.0,0.018901037818839048,0.981098962181161,875
toy,s4_signed_lattice,,UNIFORM_8,v1-unchanged-finite-nonstochastic,64,0,0.0,1.0,0.018901037818839048,0.981098962181161,875
toy,s4_signed_lattice,,UNIFORM_8,v1-unchanged-finite-nonstochastic,128,0,0.0,1.0,0.018901037818839048,0.981098962181161,875
toy,s4_signed_lattice,,UNIFORM_8,v1-unchanged-finite-nonstochastic,256,0,0.0,1.0,0.018901037818839048,0.981098962181161,875
toy,s4_signed_lattice,,UNIFORM_8,v1-unchanged-finite-nonstochastic,512,0,0.0,1.0,0.018901037818839048,0.981098962181161,875
toy,s4_signed_lattice,,UNIFORM_8,v1-unchanged-finite-nonstochastic,1024,0,0.0,1.0,0.018901037818839048,0.981098962181161,875
toy,s4_signed_lattice,,UNIFORM_8,v1-unchanged-finite-nonstochastic,2048,0,0.0,1.0,0.018901037818839048,0.981098962181161,875
toy,s4_signed_lattice,,UNIFORM_9,v1-unchanged-finite-nonstochastic,32,0,0.0,1.0,0.018901037818839048,0.981098962181161,875
toy,s4_signed_lattice,,UNIFORM_9,v1-unchanged-finite-nonstochastic,64,0,0.0,1.0,0.018901037818839048,0.981098962181161,875
toy,s4_signed_lattice,,UNIFORM_9,v1-unchanged-finite-nonstochastic,128,0,0.0,1.0,0.018901037818839048,0.981098962181161,875
toy,s4_signed_lattice,,UNIFORM_9,v1-unchanged-finite-nonstochastic,256,0,0.0,1.0,0.018901037818839048,0.981098962181161,875
toy,s4_signed_lattice,,UNIFORM_9,v1-unchanged-finite-nonstochastic,512,0,0.0,1.0,0.018901037818839048,0.981098962181161,875
toy,s4_signed_lattice,,UNIFORM_9,v1-unchanged-finite-nonstochastic,1024,0,0.0,1.0,0.018901037818839048,0.981098962181161,875
toy,s4_signed_lattice,,UNIFORM_9,v1-unchanged-finite-nonstochastic,2048,0,0.0,1.0,0.018901037818839048,0.981098962181161,875
toy,s4_signed_lattice,,UNIFORM_10,v1-unchanged-finite-nonstochastic,32,0,0.0,1.0,0.018901037818839048,0.981098962181161,875
toy,s4_signed_lattice,,UNIFORM_10,v1-unchanged-finite-nonstochastic,64,0,0.0,1.0,0.018901037818839048,0.981098962181161,875
toy,s4_signed_lattice,,UNIFORM_10,v1-unchanged-finite-nonstochastic,128,0,0.0,1.0,0.018901037818839048,0.981098962181161,875
toy,s4_signed_lattice,,UNIFORM_10,v1-unchanged-finite-nonstochastic,256,0,0.0,1.0,0.018901037818839048,0.981098962181161,875
toy,s4_signed_lattice,,UNIFORM_10,v1-unchanged-finite-nonstochastic,512,0,0.0,1.0,0.018901037818839048,0.981098962181161,875
toy,s4_signed_lattice,,UNIFORM_10,v1-unchanged-finite-nonstochastic,1024,0,0.0,1.0,0.018901037818839048,0.981098962181161,875
toy,s4_signed_lattice,,UNIFORM_10,v1-unchanged-finite-nonstochastic,2048,0,0.0,1.0,0.018901037818839048,0.981098962181161,875
toy,s4_signed_lattice,,UNIFORM_11,v1-unchanged-finite-nonstochastic,32,0,0.0,1.0,0.018901037818839048,0.981098962181161,875
toy,s4_signed_lattice,,UNIFORM_11,v1-unchanged-finite-nonstochastic,64,0,0.0,1.0,0.018901037818839048,0.981098962181161,875
toy,s4_signed_lattice,,UNIFORM_11,v1-unchanged-finite-nonstochastic,128,0,0.0,1.0,0.018901037818839048,0.981098962181161,875
toy,s4_signed_lattice,,UNIFORM_11,v1-unchanged-finite-nonstochastic,256,0,0.0,1.0,0.018901037818839048,0.981098962181161,875
toy,s4_signed_lattice,,UNIFORM_11,v1-unchanged-finite-nonstochastic,512,0,0.0,1.0,0.018901037818839048,0.981098962181161,875
toy,s4_signed_lattice,,UNIFORM_11,v1-unchanged-finite-nonstochastic,1024,0,0.0,1.0,0.018901037818839048,0.981098962181161,875
toy,s4_signed_lattice,,UNIFORM_11,v1-unchanged-finite-nonstochastic,2048,0,0.0,1.0,0.018901037818839048,0.981098962181161,875
toy,s4_signed_lattice,,UNIFORM_12,v1-unchanged-finite-nonstochastic,32,0,0.0,1.0,0.018901037818839048,0.981098962181161,875
toy,s4_signed_lattice,,UNIFORM_12,v1-unchanged-finite-nonstochastic,64,0,0.0,1.0,0.018901037818839048,0.981098962181161,875
toy,s4_signed_lattice,,UNIFORM_12,v1-unchanged-finite-nonstochastic,128,0,0.0,1.0,0.018901037818839048,0.981098962181161,875
toy,s4_signed_lattice,,UNIFORM_12,v1-unchanged-finite-nonstochastic,256,0,0.0,1.0,0.018901037818839048,0.981098962181161,875
toy,s4_signed_lattice,,UNIFORM_12,v1-unchanged-finite-nonstochastic,512,0,0.0,1.0,0.018901037818839048,0.981098962181161,875
toy,s4_signed_lattice,,UNIFORM_12,v1-unchanged-finite-nonstochastic,1024,0,0.0,1.0,0.018901037818839048,0.981098962181161,875
toy,s4_signed_lattice,,UNIFORM_12,v1-unchanged-finite-nonstochastic,2048,0,0.0,1.0,0.018901037818839048,0.981098962181161,875
toy,s4_signed_lattice,,UNIFORM_13,v1-unchanged-finite-nonstochastic,32,0,0.0,1.0,0.018901037818839048,0.981098962181161,875
toy,s4_signed_lattice,,UNIFORM_13,v1-unchanged-finite-nonstochastic,64,0,0.0,1.0,0.018901037818839048,0.981098962181161,875
toy,s4_signed_lattice,,UNIFORM_13,v1-unchanged-finite-nonstochastic,128,0,0.0,1.0,0.018901037818839048,0.981098962181161,875
toy,s4_signed_lattice,,UNIFORM_13,v1-unchanged-finite-nonstochastic,256,0,0.0,1.0,0.018901037818839048,0.981098962181161,875
toy,s4_signed_lattice,,UNIFORM_13,v1-unchanged-finite-nonstochastic,512,0,0.0,1.0,0.018901037818839048,0.981098962181161,875
toy,s4_signed_lattice,,UNIFORM_13,v1-unchanged-finite-nonstochastic,1024,0,0.0,1.0,0.018901037818839048,0.981098962181161,875
toy,s4_signed_lattice,,UNIFORM_13,v1-unchanged-finite-nonstochastic,2048,0,0.0,1.0,0.018901037818839048,0.981098962181161,875
toy,s4_signed_lattice,,UNIFORM_14,v1-unchanged-finite-nonstochastic,32,0,0.0,1.0,0.018901037818839048,0.981098962181161,875
toy,s4_signed_lattice,,UNIFORM_14,v1-unchanged-finite-nonstochastic,64,0,0.0,1.0,0.018901037818839048,0.981098962181161,875
toy,s4_signed_lattice,,UNIFORM_14,v1-unchanged-finite-nonstochastic,128,0,0.0,1.0,0.018901037818839048,0.981098962181161,875
toy,s4_signed_lattice,,UNIFORM_14,v1-unchanged-finite-nonstochastic,256,0,0.0,1.0,0.018901037818839048,0.981098962181161,875
toy,s4_signed_lattice,,UNIFORM_14,v1-unchanged-finite-nonstochastic,512,0,0.0,1.0,0.018901037818839048,0.981098962181161,875
toy,s4_signed_lattice,,UNIFORM_14,v1-unchanged-finite-nonstochastic,1024,0,0.0,1.0,0.018901037818839048,0.981098962181161,875
toy,s4_signed_lattice,,UNIFORM_14,v1-unchanged-finite-nonstochastic,2048,0,0.0,1.0,0.018901037818839048,0.981098962181161,875
toy,s4_signed_lattice,,UNIFORM_15,v1-unchanged-finite-nonstochastic,32,0,0.0,1.0,0.018901037818839048,0.981098962181161,875
toy,s4_signed_lattice,,UNIFORM_15,v1-unchanged-finite-nonstochastic,64,0,0.0,1.0,0.018901037818839048,0.981098962181161,875
toy,s4_signed_lattice,,UNIFORM_15,v1-unchanged-finite-nonstochastic,128,0,0.0,1.0,0.018901037818839048,0.981098962181161,875
toy,s4_signed_lattice,,UNIFORM_15,v1-unchanged-finite-nonstochastic,256,0,0.0,1.0,0.018901037818839048,0.981098962181161,875
toy,s4_signed_lattice,,UNIFORM_15,v1-unchanged-finite-nonstochastic,512,0,0.0,1.0,0.018901037818839048,0.981098962181161,875
toy,s4_signed_lattice,,UNIFORM_15,v1-unchanged-finite-nonstochastic,1024,0,0.0,1.0,0.018901037818839048,0.981098962181161,875
toy,s4_signed_lattice,,UNIFORM_15,v1-unchanged-finite-nonstochastic,2048,0,0.0,1.0,0.018901037818839048,0.981098962181161,875
toy,s4_signed_lattice,,UNIFORM_16,v1-unchanged-finite-nonstochastic,32,0,0.0,1.0,0.018901037818839048,0.981098962181161,875
toy,s4_signed_lattice,,UNIFORM_16,v1-unchanged-finite-nonstochastic,64,0,0.0,1.0,0.018901037818839048,0.981098962181161,875
toy,s4_signed_lattice,,UNIFORM_16,v1-unchanged-finite-nonstochastic,128,0,0.0,1.0,0.018901037818839048,0.981098962181161,875
toy,s4_signed_lattice,,UNIFORM_16,v1-unchanged-finite-nonstochastic,256,0,0.0,1.0,0.018901037818839048,0.981098962181161,875
toy,s4_signed_lattice,,UNIFORM_16,v1-unchanged-finite-nonstochastic,512,0,0.0,1.0,0.018901037818839048,0.981098962181161,875
toy,s4_signed_lattice,,UNIFORM_16,v1-unchanged-finite-nonstochastic,1024,0,0.0,1.0,0.018901037818839048,0.981098962181161,875
toy,s4_signed_lattice,,UNIFORM_16,v1-unchanged-finite-nonstochastic,2048,0,0.0,1.0,0.018901037818839048,0.981098962181161,875
toy,s4_signed_lattice,,STOCHASTIC_4,v2-stochastic-seedkey,32,0,0.0,1.0,0.018901037818839048,0.981098962181161,875
toy,s4_signed_lattice,,STOCHASTIC_4,v2-stochastic-seedkey,64,0,0.0,1.0,0.018901037818839048,0.981098962181161,875
toy,s4_signed_lattice,,STOCHASTIC_4,v2-stochastic-seedkey,128,0,0.0,1.0,0.018901037818839048,0.981098962181161,875
toy,s4_signed_lattice,,STOCHASTIC_4,v2-stochastic-seedkey,256,0,0.0,1.0,0.018901037818839048,0.981098962181161,875
toy,s4_signed_lattice,,STOCHASTIC_4,v2-stochastic-seedkey,512,0,0.0,1.0,0.018901037818839048,0.981098962181161,875
toy,s4_signed_lattice,,STOCHASTIC_4,v2-stochastic-seedkey,1024,0,0.0,1.0,0.018901037818839048,0.981098962181161,875
toy,s4_signed_lattice,,STOCHASTIC_4,v2-stochastic-seedkey,2048,0,0.0,1.0,0.018901037818839048,0.981098962181161,875
toy,s4_signed_lattice,,FULL_RESIDUAL_4_4,v1-unchanged-finite-nonstochastic,32,0,0.0,1.0,0.018901037818839048,0.981098962181161,875
toy,s4_signed_lattice,,FULL_RESIDUAL_4_4,v1-unchanged-finite-nonstochastic,64,0,0.0,1.0,0.018901037818839048,0.981098962181161,875
toy,s4_signed_lattice,,FULL_RESIDUAL_4_4,v1-unchanged-finite-nonstochastic,128,0,0.0,1.0,0.018901037818839048,0.981098962181161,875
toy,s4_signed_lattice,,FULL_RESIDUAL_4_4,v1-unchanged-finite-nonstochastic,256,0,0.0,1.0,0.018901037818839048,0.981098962181161,875
toy,s4_signed_lattice,,FULL_RESIDUAL_4_4,v1-unchanged-finite-nonstochastic,512,0,0.0,1.0,0.018901037818839048,0.981098962181161,875
toy,s4_signed_lattice,,FULL_RESIDUAL_4_4,v1-unchanged-finite-nonstochastic,1024,0,0.0,1.0,0.018901037818839048,0.981098962181161,875
toy,s4_signed_lattice,,FULL_RESIDUAL_4_4,v1-unchanged-finite-nonstochastic,2048,0,0.0,1.0,0.018901037818839048,0.981098962181161,875
toy,s4_signed_lattice,,FULL_RESIDUAL_4_FP32,v1-unchanged-finite-nonstochastic,32,0,0.0,1.0,0.018901037818839048,0.981098962181161,875
toy,s4_signed_lattice,,FULL_RESIDUAL_4_FP32,v1-unchanged-finite-nonstochastic,64,0,0.0,1.0,0.018901037818839048,0.981098962181161,875
toy,s4_signed_lattice,,FULL_RESIDUAL_4_FP32,v1-unchanged-finite-nonstochastic,128,0,0.0,1.0,0.018901037818839048,0.981098962181161,875
toy,s4_signed_lattice,,FULL_RESIDUAL_4_FP32,v1-unchanged-finite-nonstochastic,256,0,0.0,1.0,0.018901037818839048,0.981098962181161,875
toy,s4_signed_lattice,,FULL_RESIDUAL_4_FP32,v1-unchanged-finite-nonstochastic,512,0,0.0,1.0,0.018901037818839048,0.981098962181161,875
toy,s4_signed_lattice,,FULL_RESIDUAL_4_FP32,v1-unchanged-finite-nonstochastic,1024,0,0.0,1.0,0.018901037818839048,0.981098962181161,875
toy,s4_signed_lattice,,FULL_RESIDUAL_4_FP32,v1-unchanged-finite-nonstochastic,2048,0,0.0,1.0,0.018901037818839048,0.981098962181161,875
toy,s4_signed_lattice,,LOWRANK_4_8,v1-unchanged-finite-nonstochastic,32,0,0.0,1.0,0.018901037818839048,0.981098962181161,875
toy,s4_signed_lattice,,LOWRANK_4_8,v1-unchanged-finite-nonstochastic,64,0,0.0,1.0,0.018901037818839048,0.981098962181161,875
toy,s4_signed_lattice,,LOWRANK_4_8,v1-unchanged-finite-nonstochastic,128,0,0.0,1.0,0.018901037818839048,0.981098962181161,875
toy,s4_signed_lattice,,LOWRANK_4_8,v1-unchanged-finite-nonstochastic,256,0,0.0,1.0,0.018901037818839048,0.981098962181161,875
toy,s4_signed_lattice,,LOWRANK_4_8,v1-unchanged-finite-nonstochastic,512,0,0.0,1.0,0.018901037818839048,0.981098962181161,875
toy,s4_signed_lattice,,LOWRANK_4_8,v1-unchanged-finite-nonstochastic,1024,0,0.0,1.0,0.018901037818839048,0.981098962181161,875
toy,s4_signed_lattice,,LOWRANK_4_8,v1-unchanged-finite-nonstochastic,2048,0,0.0,1.0,0.018901037818839048,0.981098962181161,875
toy,s4_signed_lattice,,UNTRANSPORTED_4_4,v1-unchanged-finite-nonstochastic,32,0,0.0,1.0,0.018901037818839048,0.981098962181161,875
toy,s4_signed_lattice,,UNTRANSPORTED_4_4,v1-unchanged-finite-nonstochastic,64,0,0.0,1.0,0.018901037818839048,0.981098962181161,875
toy,s4_signed_lattice,,UNTRANSPORTED_4_4,v1-unchanged-finite-nonstochastic,128,0,0.0,1.0,0.018901037818839048,0.981098962181161,875
toy,s4_signed_lattice,,UNTRANSPORTED_4_4,v1-unchanged-finite-nonstochastic,256,0,0.0,1.0,0.018901037818839048,0.981098962181161,875
toy,s4_signed_lattice,,UNTRANSPORTED_4_4,v1-unchanged-finite-nonstochastic,512,0,0.0,1.0,0.018901037818839048,0.981098962181161,875
toy,s4_signed_lattice,,UNTRANSPORTED_4_4,v1-unchanged-finite-nonstochastic,1024,0,0.0,1.0,0.018901037818839048,0.981098962181161,875
toy,s4_signed_lattice,,UNTRANSPORTED_4_4,v1-unchanged-finite-nonstochastic,2048,0,0.0,1.0,0.018901037818839048,0.981098962181161,875
toy,s4_signed_lattice,,MIXED_4_8,v1-unchanged-finite-nonstochastic,32,0,0.0,1.0,0.018901037818839048,0.981098962181161,875
toy,s4_signed_lattice,,MIXED_4_8,v1-unchanged-finite-nonstochastic,64,0,0.0,1.0,0.018901037818839048,0.981098962181161,875
toy,s4_signed_lattice,,MIXED_4_8,v1-unchanged-finite-nonstochastic,128,0,0.0,1.0,0.018901037818839048,0.981098962181161,875
toy,s4_signed_lattice,,MIXED_4_8,v1-unchanged-finite-nonstochastic,256,0,0.0,1.0,0.018901037818839048,0.981098962181161,875
toy,s4_signed_lattice,,MIXED_4_8,v1-unchanged-finite-nonstochastic,512,0,0.0,1.0,0.018901037818839048,0.981098962181161,875
toy,s4_signed_lattice,,MIXED_4_8,v1-unchanged-finite-nonstochastic,1024,0,0.0,1.0,0.018901037818839048,0.981098962181161,875
toy,s4_signed_lattice,,MIXED_4_8,v1-unchanged-finite-nonstochastic,2048,0,0.0,1.0,0.018901037818839048,0.981098962181161,875
toy,s4_signed_lattice,,MIXED_6_8,v1-unchanged-finite-nonstochastic,32,0,0.0,1.0,0.018901037818839048,0.981098962181161,875
toy,s4_signed_lattice,,MIXED_6_8,v1-unchanged-finite-nonstochastic,64,0,0.0,1.0,0.018901037818839048,0.981098962181161,875
toy,s4_signed_lattice,,MIXED_6_8,v1-unchanged-finite-nonstochastic,128,0,0.0,1.0,0.018901037818839048,0.981098962181161,875
toy,s4_signed_lattice,,MIXED_6_8,v1-unchanged-finite-nonstochastic,256,0,0.0,1.0,0.018901037818839048,0.981098962181161,875
toy,s4_signed_lattice,,MIXED_6_8,v1-unchanged-finite-nonstochastic,512,0,0.0,1.0,0.018901037818839048,0.981098962181161,875
toy,s4_signed_lattice,,MIXED_6_8,v1-unchanged-finite-nonstochastic,1024,0,0.0,1.0,0.018901037818839048,0.981098962181161,875
toy,s4_signed_lattice,,MIXED_6_8,v1-unchanged-finite-nonstochastic,2048,0,0.0,1.0,0.018901037818839048,0.981098962181161,875
toy,s4_signed_lattice,,COEFFICIENT_INT8_FP32,v1-unchanged-finite-nonstochastic,32,0,0.0,1.0,0.018901037818839048,0.981098962181161,875
toy,s4_signed_lattice,,COEFFICIENT_INT8_FP32,v1-unchanged-finite-nonstochastic,64,0,0.0,1.0,0.018901037818839048,0.981098962181161,875
toy,s4_signed_lattice,,COEFFICIENT_INT8_FP32,v1-unchanged-finite-nonstochastic,128,0,0.0,1.0,0.018901037818839048,0.981098962181161,875
toy,s4_signed_lattice,,COEFFICIENT_INT8_FP32,v1-unchanged-finite-nonstochastic,256,0,0.0,1.0,0.018901037818839048,0.981098962181161,875
toy,s4_signed_lattice,,COEFFICIENT_INT8_FP32,v1-unchanged-finite-nonstochastic,512,0,0.0,1.0,0.018901037818839048,0.981098962181161,875
toy,s4_signed_lattice,,COEFFICIENT_INT8_FP32,v1-unchanged-finite-nonstochastic,1024,0,0.0,1.0,0.018901037818839048,0.981098962181161,875
toy,s4_signed_lattice,,COEFFICIENT_INT8_FP32,v1-unchanged-finite-nonstochastic,2048,0,0.0,1.0,0.018901037818839048,0.981098962181161,875
toy,c31_rotation_2d,,NATIVE_FP32,v1-unchanged-finite-nonstochastic,32,0,0.0,1.0,0.018901037818839048,0.981098962181161,875
toy,c31_rotation_2d,,NATIVE_FP32,v1-unchanged-finite-nonstochastic,64,0,0.0,1.0,0.018901037818839048,0.981098962181161,875
toy,c31_rotation_2d,,NATIVE_FP32,v1-unchanged-finite-nonstochastic,128,0,0.0,1.0,0.018901037818839048,0.981098962181161,875
toy,c31_rotation_2d,,NATIVE_FP32,v1-unchanged-finite-nonstochastic,256,0,0.0,1.0,0.018901037818839048,0.981098962181161,875
toy,c31_rotation_2d,,NATIVE_FP32,v1-unchanged-finite-nonstochastic,512,0,0.0,1.0,0.018901037818839048,0.981098962181161,875
toy,c31_rotation_2d,,NATIVE_FP32,v1-unchanged-finite-nonstochastic,1024,0,0.0,1.0,0.018901037818839048,0.981098962181161,875
toy,c31_rotation_2d,,NATIVE_FP32,v1-unchanged-finite-nonstochastic,2048,0,0.0,1.0,0.018901037818839048,0.981098962181161,875
toy,c31_rotation_2d,,NATIVE_FP64,v1-unchanged-finite-nonstochastic,32,0,0.0,1.0,0.018901037818839048,0.981098962181161,875
toy,c31_rotation_2d,,NATIVE_FP64,v1-unchanged-finite-nonstochastic,64,0,0.0,1.0,0.018901037818839048,0.981098962181161,875
toy,c31_rotation_2d,,NATIVE_FP64,v1-unchanged-finite-nonstochastic,128,0,0.0,1.0,0.018901037818839048,0.981098962181161,875
toy,c31_rotation_2d,,NATIVE_FP64,v1-unchanged-finite-nonstochastic,256,0,0.0,1.0,0.018901037818839048,0.981098962181161,875
toy,c31_rotation_2d,,NATIVE_FP64,v1-unchanged-finite-nonstochastic,512,0,0.0,1.0,0.018901037818839048,0.981098962181161,875
toy,c31_rotation_2d,,NATIVE_FP64,v1-unchanged-finite-nonstochastic,1024,0,0.0,1.0,0.018901037818839048,0.981098962181161,875
toy,c31_rotation_2d,,NATIVE_FP64,v1-unchanged-finite-nonstochastic,2048,0,0.0,1.0,0.018901037818839048,0.981098962181161,875
toy,c31_rotation_2d,,UNIFORM_2,v1-unchanged-finite-nonstochastic,32,512,1.0,0.0,1.0,0.0,875
toy,c31_rotation_2d,,UNIFORM_2,v1-unchanged-finite-nonstochastic,64,512,1.0,0.0,1.0,0.0,875
toy,c31_rotation_2d,,UNIFORM_2,v1-unchanged-finite-nonstochastic,128,512,1.0,0.0,1.0,0.0,875
toy,c31_rotation_2d,,UNIFORM_2,v1-unchanged-finite-nonstochastic,256,512,1.0,0.0,1.0,0.0,875
toy,c31_rotation_2d,,UNIFORM_2,v1-unchanged-finite-nonstochastic,512,512,1.0,0.0,1.0,0.0,875
toy,c31_rotation_2d,,UNIFORM_2,v1-unchanged-finite-nonstochastic,1024,512,1.0,0.0,1.0,0.0,875
toy,c31_rotation_2d,,UNIFORM_2,v1-unchanged-finite-nonstochastic,2048,512,1.0,0.0,1.0,0.0,875
toy,c31_rotation_2d,,UNIFORM_3,v1-unchanged-finite-nonstochastic,32,512,1.0,0.0,1.0,0.0,875
toy,c31_rotation_2d,,UNIFORM_3,v1-unchanged-finite-nonstochastic,64,512,1.0,0.0,1.0,0.0,875
toy,c31_rotation_2d,,UNIFORM_3,v1-unchanged-finite-nonstochastic,128,512,1.0,0.0,1.0,0.0,875
toy,c31_rotation_2d,,UNIFORM_3,v1-unchanged-finite-nonstochastic,256,512,1.0,0.0,1.0,0.0,875
toy,c31_rotation_2d,,UNIFORM_3,v1-unchanged-finite-nonstochastic,512,512,1.0,0.0,1.0,0.0,875
toy,c31_rotation_2d,,UNIFORM_3,v1-unchanged-finite-nonstochastic,1024,512,1.0,0.0,1.0,0.0,875
toy,c31_rotation_2d,,UNIFORM_3,v1-unchanged-finite-nonstochastic,2048,512,1.0,0.0,1.0,0.0,875
toy,c31_rotation_2d,,UNIFORM_4,v1-unchanged-finite-nonstochastic,32,491,0.958984375,0.041015625,0.9847493938083381,0.015250606191661853,875
toy,c31_rotation_2d,,UNIFORM_4,v1-unchanged-finite-nonstochastic,64,510,0.99609375,0.00390625,0.9999790251705833,2.0974829416653407e-05,875
toy,c31_rotation_2d,,UNIFORM_4,v1-unchanged-finite-nonstochastic,128,512,1.0,0.0,1.0,0.0,875
toy,c31_rotation_2d,,UNIFORM_4,v1-unchanged-finite-nonstochastic,256,512,1.0,0.0,1.0,0.0,875
toy,c31_rotation_2d,,UNIFORM_4,v1-unchanged-finite-nonstochastic,512,512,1.0,0.0,1.0,0.0,875
toy,c31_rotation_2d,,UNIFORM_4,v1-unchanged-finite-nonstochastic,1024,512,1.0,0.0,1.0,0.0,875
toy,c31_rotation_2d,,UNIFORM_4,v1-unchanged-finite-nonstochastic,2048,512,1.0,0.0,1.0,0.0,875
toy,c31_rotation_2d,,UNIFORM_5,v1-unchanged-finite-nonstochastic,32,204,0.3984375,0.6015625,0.4842881688169765,0.5157118311830236,875
toy,c31_rotation_2d,,UNIFORM_5,v1-unchanged-finite-nonstochastic,64,346,0.67578125,0.32421875,0.7524264933870203,0.24757350661297972,875
toy,c31_rotation_2d,,UNIFORM_5,v1-unchanged-finite-nonstochastic,128,464,0.90625,0.09375,0.9486108915057386,0.05138910849426137,875
toy,c31_rotation_2d,,UNIFORM_5,v1-unchanged-finite-nonstochastic,256,506,0.98828125,0.01171875,0.998737188370706,0.0012628116292939806,875
toy,c31_rotation_2d,,UNIFORM_5,v1-unchanged-finite-nonstochastic,512,512,1.0,0.0,1.0,0.0,875
toy,c31_rotation_2d,,UNIFORM_5,v1-unchanged-finite-nonstochastic,1024,512,1.0,0.0,1.0,0.0,875
toy,c31_rotation_2d,,UNIFORM_5,v1-unchanged-finite-nonstochastic,2048,512,1.0,0.0,1.0,0.0,875
toy,c31_rotation_2d,,UNIFORM_6,v1-unchanged-finite-nonstochastic,32,13,0.025390625,0.974609375,0.06363388217884387,0.9363661178211561,875
toy,c31_rotation_2d,,UNIFORM_6,v1-unchanged-finite-nonstochastic,64,79,0.154296875,0.845703125,0.22358249407721426,0.7764175059227858,875
toy,c31_rotation_2d,,UNIFORM_6,v1-unchanged-finite-nonstochastic,128,211,0.412109375,0.587890625,0.49812715208404357,0.5018728479159564,875
toy,c31_rotation_2d,,UNIFORM_6,v1-unchanged-finite-nonstochastic,256,374,0.73046875,0.26953125,0.8019174750630634,0.19808252493693657,875
toy,c31_rotation_2d,,UNIFORM_6,v1-unchanged-finite-nonstochastic,512,492,0.9609375,0.0390625,0.9859041796345179,0.01409582036548207,875
toy,c31_rotation_2d,,UNIFORM_6,v1-unchanged-finite-nonstochastic,1024,512,1.0,0.0,1.0,0.0,875
toy,c31_rotation_2d,,UNIFORM_6,v1-unchanged-finite-nonstochastic,2048,512,1.0,0.0,1.0,0.0,875
toy,c31_rotation_2d,,UNIFORM_7,v1-unchanged-finite-nonstochastic,32,0,0.0,1.0,0.018901037818839048,0.981098962181161,875
toy,c31_rotation_2d,,UNIFORM_7,v1-unchanged-finite-nonstochastic,64,1,0.001953125,0.998046875,0.023879245256461512,0.9761207547435384,875
toy,c31_rotation_2d,,UNIFORM_7,v1-unchanged-finite-nonstochastic,128,15,0.029296875,0.970703125,0.06928849959485359,0.9307115004051464,875
toy,c31_rotation_2d,,UNIFORM_7,v1-unchanged-finite-nonstochastic,256,91,0.177734375,0.822265625,0.2500646224838929,0.7499353775161071,875
toy,c31_rotation_2d,,UNIFORM_7,v1-unchanged-finite-nonstochastic,512,227,0.443359375,0.556640625,0.5295136203304082,0.47048637966959184,875
toy,c31_rotation_2d,,UNIFORM_7,v1-unchanged-finite-nonstochastic,1024,370,0.72265625,0.27734375,0.7949297043883098,0.2050702956116902,875
toy,c31_rotation_2d,,UNIFORM_7,v1-unchanged-finite-nonstochastic,2048,494,0.96484375,0.03515625,0.988149565606535,0.011850434393465004,875
toy,c31_rotation_2d,,UNIFORM_8,v1-unchanged-finite-nonstochastic,32,0,0.0,1.0,0.018901037818839048,0.981098962181161,875
toy,c31_rotation_2d,,UNIFORM_8,v1-unchanged-finite-nonstochastic,64,0,0.0,1.0,0.018901037818839048,0.981098962181161,875
toy,c31_rotation_2d,,UNIFORM_8,v1-unchanged-finite-nonstochastic,128,0,0.0,1.0,0.018901037818839048,0.981098962181161,875
toy,c31_rotation_2d,,UNIFORM_8,v1-unchanged-finite-nonstochastic,256,1,0.001953125,0.998046875,0.023879245256461512,0.9761207547435384,875
toy,c31_rotation_2d,,UNIFORM_8,v1-unchanged-finite-nonstochastic,512,15,0.029296875,0.970703125,0.06928849959485359,0.9307115004051464,875
toy,c31_rotation_2d,,UNIFORM_8,v1-unchanged-finite-nonstochastic,1024,92,0.1796875,0.8203125,0.25225213325322027,0.7477478667467797,875
toy,c31_rotation_2d,,UNIFORM_8,v1-unchanged-finite-nonstochastic,2048,244,0.4765625,0.5234375,0.5624953022760035,0.43750469772399647,875
toy,c31_rotation_2d,,UNIFORM_9,v1-unchanged-finite-nonstochastic,32,0,0.0,1.0,0.018901037818839048,0.981098962181161,875
toy,c31_rotation_2d,,UNIFORM_9,v1-unchanged-finite-nonstochastic,64,0,0.0,1.0,0.018901037818839048,0.981098962181161,875
toy,c31_rotation_2d,,UNIFORM_9,v1-unchanged-finite-nonstochastic,128,0,0.0,1.0,0.018901037818839048,0.981098962181161,875
toy,c31_rotation_2d,,UNIFORM_9,v1-unchanged-finite-nonstochastic,256,0,0.0,1.0,0.018901037818839048,0.981098962181161,875
toy,c31_rotation_2d,,UNIFORM_9,v1-unchanged-finite-nonstochastic,512,0,0.0,1.0,0.018901037818839048,0.981098962181161,875
toy,c31_rotation_2d,,UNIFORM_9,v1-unchanged-finite-nonstochastic,1024,0,0.0,1.0,0.018901037818839048,0.981098962181161,875
toy,c31_rotation_2d,,UNIFORM_9,v1-unchanged-finite-nonstochastic,2048,11,0.021484375,0.978515625,0.05783272045128703,0.9421672795487129,875
toy,c31_rotation_2d,,UNIFORM_10,v1-unchanged-finite-nonstochastic,32,0,0.0,1.0,0.018901037818839048,0.981098962181161,875
toy,c31_rotation_2d,,UNIFORM_10,v1-unchanged-finite-nonstochastic,64,0,0.0,1.0,0.018901037818839048,0.981098962181161,875
toy,c31_rotation_2d,,UNIFORM_10,v1-unchanged-finite-nonstochastic,128,0,0.0,1.0,0.018901037818839048,0.981098962181161,875
toy,c31_rotation_2d,,UNIFORM_10,v1-unchanged-finite-nonstochastic,256,0,0.0,1.0,0.018901037818839048,0.981098962181161,875
toy,c31_rotation_2d,,UNIFORM_10,v1-unchanged-finite-nonstochastic,512,0,0.0,1.0,0.018901037818839048,0.981098962181161,875
toy,c31_rotation_2d,,UNIFORM_10,v1-unchanged-finite-nonstochastic,1024,0,0.0,1.0,0.018901037818839048,0.981098962181161,875
toy,c31_rotation_2d,,UNIFORM_10,v1-unchanged-finite-nonstochastic,2048,0,0.0,1.0,0.018901037818839048,0.981098962181161,875
toy,c31_rotation_2d,,UNIFORM_11,v1-unchanged-finite-nonstochastic,32,0,0.0,1.0,0.018901037818839048,0.981098962181161,875
toy,c31_rotation_2d,,UNIFORM_11,v1-unchanged-finite-nonstochastic,64,0,0.0,1.0,0.018901037818839048,0.981098962181161,875
toy,c31_rotation_2d,,UNIFORM_11,v1-unchanged-finite-nonstochastic,128,0,0.0,1.0,0.018901037818839048,0.981098962181161,875
toy,c31_rotation_2d,,UNIFORM_11,v1-unchanged-finite-nonstochastic,256,0,0.0,1.0,0.018901037818839048,0.981098962181161,875
toy,c31_rotation_2d,,UNIFORM_11,v1-unchanged-finite-nonstochastic,512,0,0.0,1.0,0.018901037818839048,0.981098962181161,875
toy,c31_rotation_2d,,UNIFORM_11,v1-unchanged-finite-nonstochastic,1024,0,0.0,1.0,0.018901037818839048,0.981098962181161,875
toy,c31_rotation_2d,,UNIFORM_11,v1-unchanged-finite-nonstochastic,2048,0,0.0,1.0,0.018901037818839048,0.981098962181161,875
toy,c31_rotation_2d,,UNIFORM_12,v1-unchanged-finite-nonstochastic,32,0,0.0,1.0,0.018901037818839048,0.981098962181161,875
toy,c31_rotation_2d,,UNIFORM_12,v1-unchanged-finite-nonstochastic,64,0,0.0,1.0,0.018901037818839048,0.981098962181161,875
toy,c31_rotation_2d,,UNIFORM_12,v1-unchanged-finite-nonstochastic,128,0,0.0,1.0,0.018901037818839048,0.981098962181161,875
toy,c31_rotation_2d,,UNIFORM_12,v1-unchanged-finite-nonstochastic,256,0,0.0,1.0,0.018901037818839048,0.981098962181161,875
toy,c31_rotation_2d,,UNIFORM_12,v1-unchanged-finite-nonstochastic,512,0,0.0,1.0,0.018901037818839048,0.981098962181161,875
toy,c31_rotation_2d,,UNIFORM_12,v1-unchanged-finite-nonstochastic,1024,0,0.0,1.0,0.018901037818839048,0.981098962181161,875
toy,c31_rotation_2d,,UNIFORM_12,v1-unchanged-finite-nonstochastic,2048,0,0.0,1.0,0.018901037818839048,0.981098962181161,875
toy,c31_rotation_2d,,UNIFORM_13,v1-unchanged-finite-nonstochastic,32,0,0.0,1.0,0.018901037818839048,0.981098962181161,875
toy,c31_rotation_2d,,UNIFORM_13,v1-unchanged-finite-nonstochastic,64,0,0.0,1.0,0.018901037818839048,0.981098962181161,875
toy,c31_rotation_2d,,UNIFORM_13,v1-unchanged-finite-nonstochastic,128,0,0.0,1.0,0.018901037818839048,0.981098962181161,875
toy,c31_rotation_2d,,UNIFORM_13,v1-unchanged-finite-nonstochastic,256,0,0.0,1.0,0.018901037818839048,0.981098962181161,875
toy,c31_rotation_2d,,UNIFORM_13,v1-unchanged-finite-nonstochastic,512,0,0.0,1.0,0.018901037818839048,0.981098962181161,875
toy,c31_rotation_2d,,UNIFORM_13,v1-unchanged-finite-nonstochastic,1024,0,0.0,1.0,0.018901037818839048,0.981098962181161,875
toy,c31_rotation_2d,,UNIFORM_13,v1-unchanged-finite-nonstochastic,2048,0,0.0,1.0,0.018901037818839048,0.981098962181161,875
toy,c31_rotation_2d,,UNIFORM_14,v1-unchanged-finite-nonstochastic,32,0,0.0,1.0,0.018901037818839048,0.981098962181161,875
toy,c31_rotation_2d,,UNIFORM_14,v1-unchanged-finite-nonstochastic,64,0,0.0,1.0,0.018901037818839048,0.981098962181161,875
toy,c31_rotation_2d,,UNIFORM_14,v1-unchanged-finite-nonstochastic,128,0,0.0,1.0,0.018901037818839048,0.981098962181161,875
toy,c31_rotation_2d,,UNIFORM_14,v1-unchanged-finite-nonstochastic,256,0,0.0,1.0,0.018901037818839048,0.981098962181161,875
toy,c31_rotation_2d,,UNIFORM_14,v1-unchanged-finite-nonstochastic,512,0,0.0,1.0,0.018901037818839048,0.981098962181161,875
toy,c31_rotation_2d,,UNIFORM_14,v1-unchanged-finite-nonstochastic,1024,0,0.0,1.0,0.018901037818839048,0.981098962181161,875
toy,c31_rotation_2d,,UNIFORM_14,v1-unchanged-finite-nonstochastic,2048,0,0.0,1.0,0.018901037818839048,0.981098962181161,875
toy,c31_rotation_2d,,UNIFORM_15,v1-unchanged-finite-nonstochastic,32,0,0.0,1.0,0.018901037818839048,0.981098962181161,875
toy,c31_rotation_2d,,UNIFORM_15,v1-unchanged-finite-nonstochastic,64,0,0.0,1.0,0.018901037818839048,0.981098962181161,875
toy,c31_rotation_2d,,UNIFORM_15,v1-unchanged-finite-nonstochastic,128,0,0.0,1.0,0.018901037818839048,0.981098962181161,875
toy,c31_rotation_2d,,UNIFORM_15,v1-unchanged-finite-nonstochastic,256,0,0.0,1.0,0.018901037818839048,0.981098962181161,875
toy,c31_rotation_2d,,UNIFORM_15,v1-unchanged-finite-nonstochastic,512,0,0.0,1.0,0.018901037818839048,0.981098962181161,875
toy,c31_rotation_2d,,UNIFORM_15,v1-unchanged-finite-nonstochastic,1024,0,0.0,1.0,0.018901037818839048,0.981098962181161,875
toy,c31_rotation_2d,,UNIFORM_15,v1-unchanged-finite-nonstochastic,2048,0,0.0,1.0,0.018901037818839048,0.981098962181161,875
toy,c31_rotation_2d,,UNIFORM_16,v1-unchanged-finite-nonstochastic,32,0,0.0,1.0,0.018901037818839048,0.981098962181161,875
toy,c31_rotation_2d,,UNIFORM_16,v1-unchanged-finite-nonstochastic,64,0,0.0,1.0,0.018901037818839048,0.981098962181161,875
toy,c31_rotation_2d,,UNIFORM_16,v1-unchanged-finite-nonstochastic,128,0,0.0,1.0,0.018901037818839048,0.981098962181161,875
toy,c31_rotation_2d,,UNIFORM_16,v1-unchanged-finite-nonstochastic,256,0,0.0,1.0,0.018901037818839048,0.981098962181161,875
toy,c31_rotation_2d,,UNIFORM_16,v1-unchanged-finite-nonstochastic,512,0,0.0,1.0,0.018901037818839048,0.981098962181161,875
toy,c31_rotation_2d,,UNIFORM_16,v1-unchanged-finite-nonstochastic,1024,0,0.0,1.0,0.018901037818839048,0.981098962181161,875
toy,c31_rotation_2d,,UNIFORM_16,v1-unchanged-finite-nonstochastic,2048,0,0.0,1.0,0.018901037818839048,0.981098962181161,875
toy,c31_rotation_2d,,STOCHASTIC_4,v2-stochastic-seedkey,32,509,0.994140625,0.005859375,0.999860585255993,0.00013941474400702702,875
toy,c31_rotation_2d,,STOCHASTIC_4,v2-stochastic-seedkey,64,512,1.0,0.0,1.0,0.0,875
toy,c31_rotation_2d,,STOCHASTIC_4,v2-stochastic-seedkey,128,512,1.0,0.0,1.0,0.0,875
toy,c31_rotation_2d,,STOCHASTIC_4,v2-stochastic-seedkey,256,512,1.0,0.0,1.0,0.0,875
toy,c31_rotation_2d,,STOCHASTIC_4,v2-stochastic-seedkey,512,512,1.0,0.0,1.0,0.0,875
toy,c31_rotation_2d,,STOCHASTIC_4,v2-stochastic-seedkey,1024,512,1.0,0.0,1.0,0.0,875
toy,c31_rotation_2d,,STOCHASTIC_4,v2-stochastic-seedkey,2048,512,1.0,0.0,1.0,0.0,875
toy,c31_rotation_2d,,FULL_RESIDUAL_4_4,v1-unchanged-finite-nonstochastic,32,0,0.0,1.0,0.018901037818839048,0.981098962181161,875
toy,c31_rotation_2d,,FULL_RESIDUAL_4_4,v1-unchanged-finite-nonstochastic,64,0,0.0,1.0,0.018901037818839048,0.981098962181161,875
toy,c31_rotation_2d,,FULL_RESIDUAL_4_4,v1-unchanged-finite-nonstochastic,128,0,0.0,1.0,0.018901037818839048,0.981098962181161,875
toy,c31_rotation_2d,,FULL_RESIDUAL_4_4,v1-unchanged-finite-nonstochastic,256,0,0.0,1.0,0.018901037818839048,0.981098962181161,875
toy,c31_rotation_2d,,FULL_RESIDUAL_4_4,v1-unchanged-finite-nonstochastic,512,0,0.0,1.0,0.018901037818839048,0.981098962181161,875
toy,c31_rotation_2d,,FULL_RESIDUAL_4_4,v1-unchanged-finite-nonstochastic,1024,0,0.0,1.0,0.018901037818839048,0.981098962181161,875
toy,c31_rotation_2d,,FULL_RESIDUAL_4_4,v1-unchanged-finite-nonstochastic,2048,0,0.0,1.0,0.018901037818839048,0.981098962181161,875
toy,c31_rotation_2d,,FULL_RESIDUAL_4_FP32,v1-unchanged-finite-nonstochastic,32,0,0.0,1.0,0.018901037818839048,0.981098962181161,875
toy,c31_rotation_2d,,FULL_RESIDUAL_4_FP32,v1-unchanged-finite-nonstochastic,64,0,0.0,1.0,0.018901037818839048,0.981098962181161,875
toy,c31_rotation_2d,,FULL_RESIDUAL_4_FP32,v1-unchanged-finite-nonstochastic,128,0,0.0,1.0,0.018901037818839048,0.981098962181161,875
toy,c31_rotation_2d,,FULL_RESIDUAL_4_FP32,v1-unchanged-finite-nonstochastic,256,0,0.0,1.0,0.018901037818839048,0.981098962181161,875
toy,c31_rotation_2d,,FULL_RESIDUAL_4_FP32,v1-unchanged-finite-nonstochastic,512,0,0.0,1.0,0.018901037818839048,0.981098962181161,875
toy,c31_rotation_2d,,FULL_RESIDUAL_4_FP32,v1-unchanged-finite-nonstochastic,1024,0,0.0,1.0,0.018901037818839048,0.981098962181161,875
toy,c31_rotation_2d,,FULL_RESIDUAL_4_FP32,v1-unchanged-finite-nonstochastic,2048,0,0.0,1.0,0.018901037818839048,0.981098962181161,875
toy,c31_rotation_2d,,LOWRANK_4_8,v1-unchanged-finite-nonstochastic,32,385,0.751953125,0.248046875,0.8209800613669314,0.17901993863306864,875
toy,c31_rotation_2d,,LOWRANK_4_8,v1-unchanged-finite-nonstochastic,64,481,0.939453125,0.060546875,0.9722910391533525,0.027708960846647535,875
toy,c31_rotation_2d,,LOWRANK_4_8,v1-unchanged-finite-nonstochastic,128,507,0.990234375,0.009765625,0.9992275287237724,0.0007724712762275932,875
toy,c31_rotation_2d,,LOWRANK_4_8,v1-unchanged-finite-nonstochastic,256,512,1.0,0.0,1.0,0.0,875
toy,c31_rotation_2d,,LOWRANK_4_8,v1-unchanged-finite-nonstochastic,512,512,1.0,0.0,1.0,0.0,875
toy,c31_rotation_2d,,LOWRANK_4_8,v1-unchanged-finite-nonstochastic,1024,512,1.0,0.0,1.0,0.0,875
toy,c31_rotation_2d,,LOWRANK_4_8,v1-unchanged-finite-nonstochastic,2048,512,1.0,0.0,1.0,0.0,875
toy,c31_rotation_2d,,UNTRANSPORTED_4_4,v1-unchanged-finite-nonstochastic,32,499,0.974609375,0.025390625,0.9933021150057626,0.006697884994237402,875
toy,c31_rotation_2d,,UNTRANSPORTED_4_4,v1-unchanged-finite-nonstochastic,64,512,1.0,0.0,1.0,0.0,875
toy,c31_rotation_2d,,UNTRANSPORTED_4_4,v1-unchanged-finite-nonstochastic,128,512,1.0,0.0,1.0,0.0,875
toy,c31_rotation_2d,,UNTRANSPORTED_4_4,v1-unchanged-finite-nonstochastic,256,512,1.0,0.0,1.0,0.0,875
toy,c31_rotation_2d,,UNTRANSPORTED_4_4,v1-unchanged-finite-nonstochastic,512,512,1.0,0.0,1.0,0.0,875
toy,c31_rotation_2d,,UNTRANSPORTED_4_4,v1-unchanged-finite-nonstochastic,1024,512,1.0,0.0,1.0,0.0,875
toy,c31_rotation_2d,,UNTRANSPORTED_4_4,v1-unchanged-finite-nonstochastic,2048,512,1.0,0.0,1.0,0.0,875
toy,c31_rotation_2d,,MIXED_4_8,v1-unchanged-finite-nonstochastic,32,382,0.74609375,0.25390625,0.8158041910321991,0.18419580896780086,875
toy,c31_rotation_2d,,MIXED_4_8,v1-unchanged-finite-nonstochastic,64,482,0.94140625,0.05859375,0.9735989537950928,0.02640104620490724,875
toy,c31_rotation_2d,,MIXED_4_8,v1-unchanged-finite-nonstochastic,128,508,0.9921875,0.0078125,0.999607761224616,0.00039223877538396845,875
toy,c31_rotation_2d,,MIXED_4_8,v1-unchanged-finite-nonstochastic,256,512,1.0,0.0,1.0,0.0,875
toy,c31_rotation_2d,,MIXED_4_8,v1-unchanged-finite-nonstochastic,512,512,1.0,0.0,1.0,0.0,875
toy,c31_rotation_2d,,MIXED_4_8,v1-unchanged-finite-nonstochastic,1024,512,1.0,0.0,1.0,0.0,875
toy,c31_rotation_2d,,MIXED_4_8,v1-unchanged-finite-nonstochastic,2048,512,1.0,0.0,1.0,0.0,875
toy,c31_rotation_2d,,MIXED_6_8,v1-unchanged-finite-nonstochastic,32,1,0.001953125,0.998046875,0.023879245256461512,0.9761207547435384,875
toy,c31_rotation_2d,,MIXED_6_8,v1-unchanged-finite-nonstochastic,64,21,0.041015625,0.958984375,0.0855994699182974,0.9144005300817026,875
toy,c31_rotation_2d,,MIXED_6_8,v1-unchanged-finite-nonstochastic,128,96,0.1875,0.8125,0.26097456406191655,0.7390254359380835,875
toy,c31_rotation_2d,,MIXED_6_8,v1-unchanged-finite-nonstochastic,256,226,0.44140625,0.55859375,0.5275618414585369,0.4724381585414631,875
toy,c31_rotation_2d,,MIXED_6_8,v1-unchanged-finite-nonstochastic,512,395,0.771484375,0.228515625,0.838101296350926,0.161898703649074,875
toy,c31_rotation_2d,,MIXED_6_8,v1-unchanged-finite-nonstochastic,1024,491,0.958984375,0.041015625,0.9847493938083381,0.015250606191661853,875
toy,c31_rotation_2d,,MIXED_6_8,v1-unchanged-finite-nonstochastic,2048,511,0.998046875,0.001953125,0.9999998883896746,1.1161032542617022e-07,875
toy,c31_rotation_2d,,COEFFICIENT_INT8_FP32,v1-unchanged-finite-nonstochastic,32,0,0.0,1.0,0.018901037818839048,0.981098962181161,875
toy,c31_rotation_2d,,COEFFICIENT_INT8_FP32,v1-unchanged-finite-nonstochastic,64,0,0.0,1.0,0.018901037818839048,0.981098962181161,875
toy,c31_rotation_2d,,COEFFICIENT_INT8_FP32,v1-unchanged-finite-nonstochastic,128,0,0.0,1.0,0.018901037818839048,0.981098962181161,875
toy,c31_rotation_2d,,COEFFICIENT_INT8_FP32,v1-unchanged-finite-nonstochastic,256,1,0.001953125,0.998046875,0.023879245256461512,0.9761207547435384,875
toy,c31_rotation_2d,,COEFFICIENT_INT8_FP32,v1-unchanged-finite-nonstochastic,512,18,0.03515625,0.96484375,0.07755030958171315,0.9224496904182868,875
toy,c31_rotation_2d,,COEFFICIENT_INT8_FP32,v1-unchanged-finite-nonstochastic,1024,105,0.205078125,0.794921875,0.2804471139871236,0.7195528860128764,875
toy,c31_rotation_2d,,COEFFICIENT_INT8_FP32,v1-unchanged-finite-nonstochastic,2048,253,0.494140625,0.505859375,0.579805479637338,0.420194520362662,875
toy,s4_rotated,,NATIVE_FP32,v1-unchanged-finite-nonstochastic,32,0,0.0,1.0,0.018901037818839048,0.981098962181161,875
toy,s4_rotated,,NATIVE_FP32,v1-unchanged-finite-nonstochastic,64,0,0.0,1.0,0.018901037818839048,0.981098962181161,875
toy,s4_rotated,,NATIVE_FP32,v1-unchanged-finite-nonstochastic,128,0,0.0,1.0,0.018901037818839048,0.981098962181161,875
toy,s4_rotated,,NATIVE_FP32,v1-unchanged-finite-nonstochastic,256,0,0.0,1.0,0.018901037818839048,0.981098962181161,875
toy,s4_rotated,,NATIVE_FP32,v1-unchanged-finite-nonstochastic,512,0,0.0,1.0,0.018901037818839048,0.981098962181161,875
toy,s4_rotated,,NATIVE_FP32,v1-unchanged-finite-nonstochastic,1024,0,0.0,1.0,0.018901037818839048,0.981098962181161,875
toy,s4_rotated,,NATIVE_FP32,v1-unchanged-finite-nonstochastic,2048,0,0.0,1.0,0.018901037818839048,0.981098962181161,875
toy,s4_rotated,,NATIVE_FP64,v1-unchanged-finite-nonstochastic,32,0,0.0,1.0,0.018901037818839048,0.981098962181161,875
toy,s4_rotated,,NATIVE_FP64,v1-unchanged-finite-nonstochastic,64,0,0.0,1.0,0.018901037818839048,0.981098962181161,875
toy,s4_rotated,,NATIVE_FP64,v1-unchanged-finite-nonstochastic,128,0,0.0,1.0,0.018901037818839048,0.981098962181161,875
toy,s4_rotated,,NATIVE_FP64,v1-unchanged-finite-nonstochastic,256,0,0.0,1.0,0.018901037818839048,0.981098962181161,875
toy,s4_rotated,,NATIVE_FP64,v1-unchanged-finite-nonstochastic,512,0,0.0,1.0,0.018901037818839048,0.981098962181161,875
toy,s4_rotated,,NATIVE_FP64,v1-unchanged-finite-nonstochastic,1024,0,0.0,1.0,0.018901037818839048,0.981098962181161,875
toy,s4_rotated,,NATIVE_FP64,v1-unchanged-finite-nonstochastic,2048,0,0.0,1.0,0.018901037818839048,0.981098962181161,875
toy,s4_rotated,,UNIFORM_2,v1b-row-local-numerical-failure,32,512,1.0,0.0,1.0,0.0,875
toy,s4_rotated,,UNIFORM_2,v1b-row-local-numerical-failure,64,512,1.0,0.0,1.0,0.0,875
toy,s4_rotated,,UNIFORM_2,v1b-row-local-numerical-failure,128,512,1.0,0.0,1.0,0.0,875
toy,s4_rotated,,UNIFORM_2,v1b-row-local-numerical-failure,256,512,1.0,0.0,1.0,0.0,875
toy,s4_rotated,,UNIFORM_2,v1b-row-local-numerical-failure,512,512,1.0,0.0,1.0,0.0,875
toy,s4_rotated,,UNIFORM_2,v1b-row-local-numerical-failure,1024,512,1.0,0.0,1.0,0.0,875
toy,s4_rotated,,UNIFORM_2,v1b-row-local-numerical-failure,2048,512,1.0,0.0,1.0,0.0,875
toy,s4_rotated,,UNIFORM_3,v1-unchanged-finite-nonstochastic,32,449,0.876953125,0.123046875,0.9261053042323201,0.07389469576767993,875
toy,s4_rotated,,UNIFORM_3,v1-unchanged-finite-nonstochastic,64,506,0.98828125,0.01171875,0.998737188370706,0.0012628116292939806,875
toy,s4_rotated,,UNIFORM_3,v1-unchanged-finite-nonstochastic,128,512,1.0,0.0,1.0,0.0,875
toy,s4_rotated,,UNIFORM_3,v1-unchanged-finite-nonstochastic,256,512,1.0,0.0,1.0,0.0,875
toy,s4_rotated,,UNIFORM_3,v1-unchanged-finite-nonstochastic,512,512,1.0,0.0,1.0,0.0,875
toy,s4_rotated,,UNIFORM_3,v1-unchanged-finite-nonstochastic,1024,512,1.0,0.0,1.0,0.0,875
toy,s4_rotated,,UNIFORM_3,v1-unchanged-finite-nonstochastic,2048,512,1.0,0.0,1.0,0.0,875
toy,s4_rotated,,UNIFORM_4,v1-unchanged-finite-nonstochastic,32,150,0.29296875,0.70703125,0.3751675868975463,0.6248324131024536,875
toy,s4_rotated,,UNIFORM_4,v1-unchanged-finite-nonstochastic,64,322,0.62890625,0.37109375,0.7090195802079643,0.2909804197920357,875
toy,s4_rotated,,UNIFORM_4,v1-unchanged-finite-nonstochastic,128,448,0.875,0.125,0.9245650963779645,0.07543490362203553,875
toy,s4_rotated,,UNIFORM_4,v1-unchanged-finite-nonstochastic,256,505,0.986328125,0.013671875,0.9981533798640521,0.0018466201359479406,875
toy,s4_rotated,,UNIFORM_4,v1-unchanged-finite-nonstochastic,512,512,1.0,0.0,1.0,0.0,875
toy,s4_rotated,,UNIFORM_4,v1-unchanged-finite-nonstochastic,1024,512,1.0,0.0,1.0,0.0,875
toy,s4_rotated,,UNIFORM_4,v1-unchanged-finite-nonstochastic,2048,512,1.0,0.0,1.0,0.0,875
toy,s4_rotated,,UNIFORM_5,v1-unchanged-finite-nonstochastic,32,2,0.00390625,0.99609375,0.02811376031176999,0.97188623968823,875
toy,s4_rotated,,UNIFORM_5,v1-unchanged-finite-nonstochastic,64,9,0.017578125,0.982421875,0.05184784654134189,0.9481521534586581,875
toy,s4_rotated,,UNIFORM_5,v1-unchanged-finite-nonstochastic,128,66,0.12890625,0.87109375,0.19434379293711085,0.8056562070628892,875
toy,s4_rotated,,UNIFORM_5,v1-unchanged-finite-nonstochastic,256,219,0.427734375,0.572265625,0.5138626800220976,0.48613731997790244,875
toy,s4_rotated,,UNIFORM_5,v1-unchanged-finite-nonstochastic,512,391,0.763671875,0.236328125,0.8312777137260984,0.16872228627390162,875
toy,s4_rotated,,UNIFORM_5,v1-unchanged-finite-nonstochastic,1024,495,0.966796875,0.033203125,0.9892369511666314,0.01076304883336865,875
toy,s4_rotated,,UNIFORM_5,v1-unchanged-finite-nonstochastic,2048,511,0.998046875,0.001953125,0.9999998883896746,1.1161032542617022e-07,875
toy,s4_rotated,,UNIFORM_6,v1-unchanged-finite-nonstochastic,32,0,0.0,1.0,0.018901037818839048,0.981098962181161,875
toy,s4_rotated,,UNIFORM_6,v1-unchanged-finite-nonstochastic,64,0,0.0,1.0,0.018901037818839048,0.981098962181161,875
toy,s4_rotated,,UNIFORM_6,v1-unchanged-finite-nonstochastic,128,0,0.0,1.0,0.018901037818839048,0.981098962181161,875
toy,s4_rotated,,UNIFORM_6,v1-unchanged-finite-nonstochastic,256,11,0.021484375,0.978515625,0.05783272045128703,0.9421672795487129,875
toy,s4_rotated,,UNIFORM_6,v1-unchanged-finite-nonstochastic,512,66,0.12890625,0.87109375,0.19434379293711085,0.8056562070628892,875
toy,s4_rotated,,UNIFORM_6,v1-unchanged-finite-nonstochastic,1024,199,0.388671875,0.611328125,0.4743623524695655,0.5256376475304345,875
toy,s4_rotated,,UNIFORM_6,v1-unchanged-finite-nonstochastic,2048,389,0.759765625,0.240234375,0.8278533275551266,0.17214667244487336,875
toy,s4_rotated,,UNIFORM_7,v1-unchanged-finite-nonstochastic,32,0,0.0,1.0,0.018901037818839048,0.981098962181161,875
toy,s4_rotated,,UNIFORM_7,v1-unchanged-finite-nonstochastic,64,0,0.0,1.0,0.018901037818839048,0.981098962181161,875
toy,s4_rotated,,UNIFORM_7,v1-unchanged-finite-nonstochastic,128,0,0.0,1.0,0.018901037818839048,0.981098962181161,875
toy,s4_rotated,,UNIFORM_7,v1-unchanged-finite-nonstochastic,256,0,0.0,1.0,0.018901037818839048,0.981098962181161,875
toy,s4_rotated,,UNIFORM_7,v1-unchanged-finite-nonstochastic,512,0,0.0,1.0,0.018901037818839048,0.981098962181161,875
toy,s4_rotated,,UNIFORM_7,v1-unchanged-finite-nonstochastic,1024,10,0.01953125,0.98046875,0.05486619596173944,0.9451338040382605,875
toy,s4_rotated,,UNIFORM_7,v1-unchanged-finite-nonstochastic,2048,67,0.130859375,0.869140625,0.19661597105735454,0.8033840289426455,875
toy,s4_rotated,,UNIFORM_8,v1-unchanged-finite-nonstochastic,32,0,0.0,1.0,0.018901037818839048,0.981098962181161,875
toy,s4_rotated,,UNIFORM_8,v1-unchanged-finite-nonstochastic,64,0,0.0,1.0,0.018901037818839048,0.981098962181161,875
toy,s4_rotated,,UNIFORM_8,v1-unchanged-finite-nonstochastic,128,0,0.0,1.0,0.018901037818839048,0.981098962181161,875
toy,s4_rotated,,UNIFORM_8,v1-unchanged-finite-nonstochastic,256,0,0.0,1.0,0.018901037818839048,0.981098962181161,875
toy,s4_rotated,,UNIFORM_8,v1-unchanged-finite-nonstochastic,512,0,0.0,1.0,0.018901037818839048,0.981098962181161,875
toy,s4_rotated,,UNIFORM_8,v1-unchanged-finite-nonstochastic,1024,0,0.0,1.0,0.018901037818839048,0.981098962181161,875
toy,s4_rotated,,UNIFORM_8,v1-unchanged-finite-nonstochastic,2048,0,0.0,1.0,0.018901037818839048,0.981098962181161,875
toy,s4_rotated,,UNIFORM_9,v1-unchanged-finite-nonstochastic,32,0,0.0,1.0,0.018901037818839048,0.981098962181161,875
toy,s4_rotated,,UNIFORM_9,v1-unchanged-finite-nonstochastic,64,0,0.0,1.0,0.018901037818839048,0.981098962181161,875
toy,s4_rotated,,UNIFORM_9,v1-unchanged-finite-nonstochastic,128,0,0.0,1.0,0.018901037818839048,0.981098962181161,875
toy,s4_rotated,,UNIFORM_9,v1-unchanged-finite-nonstochastic,256,0,0.0,1.0,0.018901037818839048,0.981098962181161,875
toy,s4_rotated,,UNIFORM_9,v1-unchanged-finite-nonstochastic,512,0,0.0,1.0,0.018901037818839048,0.981098962181161,875
toy,s4_rotated,,UNIFORM_9,v1-unchanged-finite-nonstochastic,1024,0,0.0,1.0,0.018901037818839048,0.981098962181161,875
toy,s4_rotated,,UNIFORM_9,v1-unchanged-finite-nonstochastic,2048,0,0.0,1.0,0.018901037818839048,0.981098962181161,875
toy,s4_rotated,,UNIFORM_10,v1-unchanged-finite-nonstochastic,32,0,0.0,1.0,0.018901037818839048,0.981098962181161,875
toy,s4_rotated,,UNIFORM_10,v1-unchanged-finite-nonstochastic,64,0,0.0,1.0,0.018901037818839048,0.981098962181161,875
toy,s4_rotated,,UNIFORM_10,v1-unchanged-finite-nonstochastic,128,0,0.0,1.0,0.018901037818839048,0.981098962181161,875
toy,s4_rotated,,UNIFORM_10,v1-unchanged-finite-nonstochastic,256,0,0.0,1.0,0.018901037818839048,0.981098962181161,875
toy,s4_rotated,,UNIFORM_10,v1-unchanged-finite-nonstochastic,512,0,0.0,1.0,0.018901037818839048,0.981098962181161,875
toy,s4_rotated,,UNIFORM_10,v1-unchanged-finite-nonstochastic,1024,0,0.0,1.0,0.018901037818839048,0.981098962181161,875
toy,s4_rotated,,UNIFORM_10,v1-unchanged-finite-nonstochastic,2048,0,0.0,1.0,0.018901037818839048,0.981098962181161,875
toy,s4_rotated,,UNIFORM_11,v1-unchanged-finite-nonstochastic,32,0,0.0,1.0,0.018901037818839048,0.981098962181161,875
toy,s4_rotated,,UNIFORM_11,v1-unchanged-finite-nonstochastic,64,0,0.0,1.0,0.018901037818839048,0.981098962181161,875
toy,s4_rotated,,UNIFORM_11,v1-unchanged-finite-nonstochastic,128,0,0.0,1.0,0.018901037818839048,0.981098962181161,875
toy,s4_rotated,,UNIFORM_11,v1-unchanged-finite-nonstochastic,256,0,0.0,1.0,0.018901037818839048,0.981098962181161,875
toy,s4_rotated,,UNIFORM_11,v1-unchanged-finite-nonstochastic,512,0,0.0,1.0,0.018901037818839048,0.981098962181161,875
toy,s4_rotated,,UNIFORM_11,v1-unchanged-finite-nonstochastic,1024,0,0.0,1.0,0.018901037818839048,0.981098962181161,875
toy,s4_rotated,,UNIFORM_11,v1-unchanged-finite-nonstochastic,2048,0,0.0,1.0,0.018901037818839048,0.981098962181161,875
toy,s4_rotated,,UNIFORM_12,v1-unchanged-finite-nonstochastic,32,0,0.0,1.0,0.018901037818839048,0.981098962181161,875
toy,s4_rotated,,UNIFORM_12,v1-unchanged-finite-nonstochastic,64,0,0.0,1.0,0.018901037818839048,0.981098962181161,875
toy,s4_rotated,,UNIFORM_12,v1-unchanged-finite-nonstochastic,128,0,0.0,1.0,0.018901037818839048,0.981098962181161,875
toy,s4_rotated,,UNIFORM_12,v1-unchanged-finite-nonstochastic,256,0,0.0,1.0,0.018901037818839048,0.981098962181161,875
toy,s4_rotated,,UNIFORM_12,v1-unchanged-finite-nonstochastic,512,0,0.0,1.0,0.018901037818839048,0.981098962181161,875
toy,s4_rotated,,UNIFORM_12,v1-unchanged-finite-nonstochastic,1024,0,0.0,1.0,0.018901037818839048,0.981098962181161,875
toy,s4_rotated,,UNIFORM_12,v1-unchanged-finite-nonstochastic,2048,0,0.0,1.0,0.018901037818839048,0.981098962181161,875
toy,s4_rotated,,UNIFORM_13,v1-unchanged-finite-nonstochastic,32,0,0.0,1.0,0.018901037818839048,0.981098962181161,875
toy,s4_rotated,,UNIFORM_13,v1-unchanged-finite-nonstochastic,64,0,0.0,1.0,0.018901037818839048,0.981098962181161,875
toy,s4_rotated,,UNIFORM_13,v1-unchanged-finite-nonstochastic,128,0,0.0,1.0,0.018901037818839048,0.981098962181161,875
toy,s4_rotated,,UNIFORM_13,v1-unchanged-finite-nonstochastic,256,0,0.0,1.0,0.018901037818839048,0.981098962181161,875
toy,s4_rotated,,UNIFORM_13,v1-unchanged-finite-nonstochastic,512,0,0.0,1.0,0.018901037818839048,0.981098962181161,875
toy,s4_rotated,,UNIFORM_13,v1-unchanged-finite-nonstochastic,1024,0,0.0,1.0,0.018901037818839048,0.981098962181161,875
toy,s4_rotated,,UNIFORM_13,v1-unchanged-finite-nonstochastic,2048,0,0.0,1.0,0.018901037818839048,0.981098962181161,875
toy,s4_rotated,,UNIFORM_14,v1-unchanged-finite-nonstochastic,32,0,0.0,1.0,0.018901037818839048,0.981098962181161,875
toy,s4_rotated,,UNIFORM_14,v1-unchanged-finite-nonstochastic,64,0,0.0,1.0,0.018901037818839048,0.981098962181161,875
toy,s4_rotated,,UNIFORM_14,v1-unchanged-finite-nonstochastic,128,0,0.0,1.0,0.018901037818839048,0.981098962181161,875
toy,s4_rotated,,UNIFORM_14,v1-unchanged-finite-nonstochastic,256,0,0.0,1.0,0.018901037818839048,0.981098962181161,875
toy,s4_rotated,,UNIFORM_14,v1-unchanged-finite-nonstochastic,512,0,0.0,1.0,0.018901037818839048,0.981098962181161,875
toy,s4_rotated,,UNIFORM_14,v1-unchanged-finite-nonstochastic,1024,0,0.0,1.0,0.018901037818839048,0.981098962181161,875
toy,s4_rotated,,UNIFORM_14,v1-unchanged-finite-nonstochastic,2048,0,0.0,1.0,0.018901037818839048,0.981098962181161,875
toy,s4_rotated,,UNIFORM_15,v1-unchanged-finite-nonstochastic,32,0,0.0,1.0,0.018901037818839048,0.981098962181161,875
toy,s4_rotated,,UNIFORM_15,v1-unchanged-finite-nonstochastic,64,0,0.0,1.0,0.018901037818839048,0.981098962181161,875
toy,s4_rotated,,UNIFORM_15,v1-unchanged-finite-nonstochastic,128,0,0.0,1.0,0.018901037818839048,0.981098962181161,875
toy,s4_rotated,,UNIFORM_15,v1-unchanged-finite-nonstochastic,256,0,0.0,1.0,0.018901037818839048,0.981098962181161,875
toy,s4_rotated,,UNIFORM_15,v1-unchanged-finite-nonstochastic,512,0,0.0,1.0,0.018901037818839048,0.981098962181161,875
toy,s4_rotated,,UNIFORM_15,v1-unchanged-finite-nonstochastic,1024,0,0.0,1.0,0.018901037818839048,0.981098962181161,875
toy,s4_rotated,,UNIFORM_15,v1-unchanged-finite-nonstochastic,2048,0,0.0,1.0,0.018901037818839048,0.981098962181161,875
toy,s4_rotated,,UNIFORM_16,v1-unchanged-finite-nonstochastic,32,0,0.0,1.0,0.018901037818839048,0.981098962181161,875
toy,s4_rotated,,UNIFORM_16,v1-unchanged-finite-nonstochastic,64,0,0.0,1.0,0.018901037818839048,0.981098962181161,875
toy,s4_rotated,,UNIFORM_16,v1-unchanged-finite-nonstochastic,128,0,0.0,1.0,0.018901037818839048,0.981098962181161,875
toy,s4_rotated,,UNIFORM_16,v1-unchanged-finite-nonstochastic,256,0,0.0,1.0,0.018901037818839048,0.981098962181161,875
toy,s4_rotated,,UNIFORM_16,v1-unchanged-finite-nonstochastic,512,0,0.0,1.0,0.018901037818839048,0.981098962181161,875
toy,s4_rotated,,UNIFORM_16,v1-unchanged-finite-nonstochastic,1024,0,0.0,1.0,0.018901037818839048,0.981098962181161,875
toy,s4_rotated,,UNIFORM_16,v1-unchanged-finite-nonstochastic,2048,0,0.0,1.0,0.018901037818839048,0.981098962181161,875
toy,s4_rotated,,STOCHASTIC_4,v2-stochastic-seedkey,32,266,0.51953125,0.48046875,0.6046257458565997,0.3953742541434003,875
toy,s4_rotated,,STOCHASTIC_4,v2-stochastic-seedkey,64,441,0.861328125,0.138671875,0.9136651831976194,0.08633481680238064,875
toy,s4_rotated,,STOCHASTIC_4,v2-stochastic-seedkey,128,505,0.986328125,0.013671875,0.9981533798640521,0.0018466201359479406,875
toy,s4_rotated,,STOCHASTIC_4,v2-stochastic-seedkey,256,512,1.0,0.0,1.0,0.0,875
toy,s4_rotated,,STOCHASTIC_4,v2-stochastic-seedkey,512,512,1.0,0.0,1.0,0.0,875
toy,s4_rotated,,STOCHASTIC_4,v2-stochastic-seedkey,1024,512,1.0,0.0,1.0,0.0,875
toy,s4_rotated,,STOCHASTIC_4,v2-stochastic-seedkey,2048,512,1.0,0.0,1.0,0.0,875
toy,s4_rotated,,FULL_RESIDUAL_4_4,v1-unchanged-finite-nonstochastic,32,0,0.0,1.0,0.018901037818839048,0.981098962181161,875
toy,s4_rotated,,FULL_RESIDUAL_4_4,v1-unchanged-finite-nonstochastic,64,0,0.0,1.0,0.018901037818839048,0.981098962181161,875
toy,s4_rotated,,FULL_RESIDUAL_4_4,v1-unchanged-finite-nonstochastic,128,0,0.0,1.0,0.018901037818839048,0.981098962181161,875
toy,s4_rotated,,FULL_RESIDUAL_4_4,v1-unchanged-finite-nonstochastic,256,0,0.0,1.0,0.018901037818839048,0.981098962181161,875
toy,s4_rotated,,FULL_RESIDUAL_4_4,v1-unchanged-finite-nonstochastic,512,0,0.0,1.0,0.018901037818839048,0.981098962181161,875
toy,s4_rotated,,FULL_RESIDUAL_4_4,v1-unchanged-finite-nonstochastic,1024,0,0.0,1.0,0.018901037818839048,0.981098962181161,875
toy,s4_rotated,,FULL_RESIDUAL_4_4,v1-unchanged-finite-nonstochastic,2048,0,0.0,1.0,0.018901037818839048,0.981098962181161,875
toy,s4_rotated,,FULL_RESIDUAL_4_FP32,v1-unchanged-finite-nonstochastic,32,0,0.0,1.0,0.018901037818839048,0.981098962181161,875
toy,s4_rotated,,FULL_RESIDUAL_4_FP32,v1-unchanged-finite-nonstochastic,64,0,0.0,1.0,0.018901037818839048,0.981098962181161,875
toy,s4_rotated,,FULL_RESIDUAL_4_FP32,v1-unchanged-finite-nonstochastic,128,0,0.0,1.0,0.018901037818839048,0.981098962181161,875
toy,s4_rotated,,FULL_RESIDUAL_4_FP32,v1-unchanged-finite-nonstochastic,256,0,0.0,1.0,0.018901037818839048,0.981098962181161,875
toy,s4_rotated,,FULL_RESIDUAL_4_FP32,v1-unchanged-finite-nonstochastic,512,0,0.0,1.0,0.018901037818839048,0.981098962181161,875
toy,s4_rotated,,FULL_RESIDUAL_4_FP32,v1-unchanged-finite-nonstochastic,1024,0,0.0,1.0,0.018901037818839048,0.981098962181161,875
toy,s4_rotated,,FULL_RESIDUAL_4_FP32,v1-unchanged-finite-nonstochastic,2048,0,0.0,1.0,0.018901037818839048,0.981098962181161,875
toy,s4_rotated,,LOWRANK_4_8,v1-unchanged-finite-nonstochastic,32,36,0.0703125,0.9296875,0.12373958430464528,0.8762604156953547,875
toy,s4_rotated,,LOWRANK_4_8,v1-unchanged-finite-nonstochastic,64,133,0.259765625,0.740234375,0.33984912484930446,0.6601508751506955,875
toy,s4_rotated,,LOWRANK_4_8,v1-unchanged-finite-nonstochastic,128,295,0.576171875,0.423828125,0.6592078636265127,0.34079213637348726,875
toy,s4_rotated,,LOWRANK_4_8,v1-unchanged-finite-nonstochastic,256,437,0.853515625,0.146484375,0.9073501694082717,0.09264983059172827,875
toy,s4_rotated,,LOWRANK_4_8,v1-unchanged-finite-nonstochastic,512,502,0.98046875,0.01953125,0.9959667528019229,0.004033247198077072,875
toy,s4_rotated,,LOWRANK_4_8,v1-unchanged-finite-nonstochastic,1024,512,1.0,0.0,1.0,0.0,875
toy,s4_rotated,,LOWRANK_4_8,v1-unchanged-finite-nonstochastic,2048,512,1.0,0.0,1.0,0.0,875
toy,s4_rotated,,UNTRANSPORTED_4_4,v1-unchanged-finite-nonstochastic,32,248,0.484375,0.515625,0.5702015441705963,0.4297984558294037,875
toy,s4_rotated,,UNTRANSPORTED_4_4,v1-unchanged-finite-nonstochastic,64,404,0.7890625,0.2109375,0.853325907427278,0.14667409257272201,875
toy,s4_rotated,,UNTRANSPORTED_4_4,v1-unchanged-finite-nonstochastic,128,483,0.943359375,0.056640625,0.9748948548714479,0.02510514512855211,875
toy,s4_rotated,,UNTRANSPORTED_4_4,v1-unchanged-finite-nonstochastic,256,512,1.0,0.0,1.0,0.0,875
toy,s4_rotated,,UNTRANSPORTED_4_4,v1-unchanged-finite-nonstochastic,512,512,1.0,0.0,1.0,0.0,875
toy,s4_rotated,,UNTRANSPORTED_4_4,v1-unchanged-finite-nonstochastic,1024,512,1.0,0.0,1.0,0.0,875
toy,s4_rotated,,UNTRANSPORTED_4_4,v1-unchanged-finite-nonstochastic,2048,512,1.0,0.0,1.0,0.0,875
toy,s4_rotated,,MIXED_4_8,v1-unchanged-finite-nonstochastic,32,94,0.18359375,0.81640625,0.2566188034440683,0.7433811965559317,875
toy,s4_rotated,,MIXED_4_8,v1-unchanged-finite-nonstochastic,64,224,0.4375,0.5625,0.5236543601265523,0.4763456398734477,875
toy,s4_rotated,,MIXED_4_8,v1-unchanged-finite-nonstochastic,128,382,0.74609375,0.25390625,0.8158041910321991,0.18419580896780086,875
toy,s4_rotated,,MIXED_4_8,v1-unchanged-finite-nonstochastic,256,495,0.966796875,0.033203125,0.9892369511666314,0.01076304883336865,875
toy,s4_rotated,,MIXED_4_8,v1-unchanged-finite-nonstochastic,512,511,0.998046875,0.001953125,0.9999998883896746,1.1161032542617022e-07,875
toy,s4_rotated,,MIXED_4_8,v1-unchanged-finite-nonstochastic,1024,512,1.0,0.0,1.0,0.0,875
toy,s4_rotated,,MIXED_4_8,v1-unchanged-finite-nonstochastic,2048,512,1.0,0.0,1.0,0.0,875
toy,s4_rotated,,MIXED_6_8,v1-unchanged-finite-nonstochastic,32,0,0.0,1.0,0.018901037818839048,0.981098962181161,875
toy,s4_rotated,,MIXED_6_8,v1-unchanged-finite-nonstochastic,64,0,0.0,1.0,0.018901037818839048,0.981098962181161,875
toy,s4_rotated,,MIXED_6_8,v1-unchanged-finite-nonstochastic,128,0,0.0,1.0,0.018901037818839048,0.981098962181161,875
toy,s4_rotated,,MIXED_6_8,v1-unchanged-finite-nonstochastic,256,0,0.0,1.0,0.018901037818839048,0.981098962181161,875
toy,s4_rotated,,MIXED_6_8,v1-unchanged-finite-nonstochastic,512,17,0.033203125,0.966796875,0.0748224642139112,0.9251775357860887,875
toy,s4_rotated,,MIXED_6_8,v1-unchanged-finite-nonstochastic,1024,93,0.181640625,0.818359375,0.25443684873621125,0.7455631512637888,875
toy,s4_rotated,,MIXED_6_8,v1-unchanged-finite-nonstochastic,2048,232,0.453125,0.546875,0.5392529648073988,0.4607470351926012,875
toy,s4_rotated,,COEFFICIENT_INT8_FP32,v1-unchanged-finite-nonstochastic,32,0,0.0,1.0,0.018901037818839048,0.981098962181161,875
toy,s4_rotated,,COEFFICIENT_INT8_FP32,v1-unchanged-finite-nonstochastic,64,0,0.0,1.0,0.018901037818839048,0.981098962181161,875
toy,s4_rotated,,COEFFICIENT_INT8_FP32,v1-unchanged-finite-nonstochastic,128,0,0.0,1.0,0.018901037818839048,0.981098962181161,875
toy,s4_rotated,,COEFFICIENT_INT8_FP32,v1-unchanged-finite-nonstochastic,256,0,0.0,1.0,0.018901037818839048,0.981098962181161,875
toy,s4_rotated,,COEFFICIENT_INT8_FP32,v1-unchanged-finite-nonstochastic,512,0,0.0,1.0,0.018901037818839048,0.981098962181161,875
toy,s4_rotated,,COEFFICIENT_INT8_FP32,v1-unchanged-finite-nonstochastic,1024,0,0.0,1.0,0.018901037818839048,0.981098962181161,875
toy,s4_rotated,,COEFFICIENT_INT8_FP32,v1-unchanged-finite-nonstochastic,2048,5,0.009765625,0.990234375,0.03906064596896158,0.9609393540310385,875
toy,c31_moving_plane,,NATIVE_FP32,v1-unchanged-finite-nonstochastic,32,0,0.0,1.0,0.018901037818839048,0.981098962181161,875
toy,c31_moving_plane,,NATIVE_FP32,v1-unchanged-finite-nonstochastic,64,0,0.0,1.0,0.018901037818839048,0.981098962181161,875
toy,c31_moving_plane,,NATIVE_FP32,v1-unchanged-finite-nonstochastic,128,0,0.0,1.0,0.018901037818839048,0.981098962181161,875
toy,c31_moving_plane,,NATIVE_FP32,v1-unchanged-finite-nonstochastic,256,0,0.0,1.0,0.018901037818839048,0.981098962181161,875
toy,c31_moving_plane,,NATIVE_FP32,v1-unchanged-finite-nonstochastic,512,0,0.0,1.0,0.018901037818839048,0.981098962181161,875
toy,c31_moving_plane,,NATIVE_FP32,v1-unchanged-finite-nonstochastic,1024,0,0.0,1.0,0.018901037818839048,0.981098962181161,875
toy,c31_moving_plane,,NATIVE_FP32,v1-unchanged-finite-nonstochastic,2048,0,0.0,1.0,0.018901037818839048,0.981098962181161,875
toy,c31_moving_plane,,NATIVE_FP64,v1-unchanged-finite-nonstochastic,32,0,0.0,1.0,0.018901037818839048,0.981098962181161,875
toy,c31_moving_plane,,NATIVE_FP64,v1-unchanged-finite-nonstochastic,64,0,0.0,1.0,0.018901037818839048,0.981098962181161,875
toy,c31_moving_plane,,NATIVE_FP64,v1-unchanged-finite-nonstochastic,128,0,0.0,1.0,0.018901037818839048,0.981098962181161,875
toy,c31_moving_plane,,NATIVE_FP64,v1-unchanged-finite-nonstochastic,256,0,0.0,1.0,0.018901037818839048,0.981098962181161,875
toy,c31_moving_plane,,NATIVE_FP64,v1-unchanged-finite-nonstochastic,512,0,0.0,1.0,0.018901037818839048,0.981098962181161,875
toy,c31_moving_plane,,NATIVE_FP64,v1-unchanged-finite-nonstochastic,1024,0,0.0,1.0,0.018901037818839048,0.981098962181161,875
toy,c31_moving_plane,,NATIVE_FP64,v1-unchanged-finite-nonstochastic,2048,0,0.0,1.0,0.018901037818839048,0.981098962181161,875
toy,c31_moving_plane,,UNIFORM_2,v1b-row-local-numerical-failure,32,512,1.0,0.0,1.0,0.0,875
toy,c31_moving_plane,,UNIFORM_2,v1b-row-local-numerical-failure,64,512,1.0,0.0,1.0,0.0,875
toy,c31_moving_plane,,UNIFORM_2,v1b-row-local-numerical-failure,128,512,1.0,0.0,1.0,0.0,875
toy,c31_moving_plane,,UNIFORM_2,v1b-row-local-numerical-failure,256,512,1.0,0.0,1.0,0.0,875
toy,c31_moving_plane,,UNIFORM_2,v1b-row-local-numerical-failure,512,512,1.0,0.0,1.0,0.0,875
toy,c31_moving_plane,,UNIFORM_2,v1b-row-local-numerical-failure,1024,512,1.0,0.0,1.0,0.0,875
toy,c31_moving_plane,,UNIFORM_2,v1b-row-local-numerical-failure,2048,512,1.0,0.0,1.0,0.0,875
toy,c31_moving_plane,,UNIFORM_3,v1-unchanged-finite-nonstochastic,32,512,1.0,0.0,1.0,0.0,875
toy,c31_moving_plane,,UNIFORM_3,v1-unchanged-finite-nonstochastic,64,512,1.0,0.0,1.0,0.0,875
toy,c31_moving_plane,,UNIFORM_3,v1-unchanged-finite-nonstochastic,128,512,1.0,0.0,1.0,0.0,875
toy,c31_moving_plane,,UNIFORM_3,v1-unchanged-finite-nonstochastic,256,512,1.0,0.0,1.0,0.0,875
toy,c31_moving_plane,,UNIFORM_3,v1-unchanged-finite-nonstochastic,512,512,1.0,0.0,1.0,0.0,875
toy,c31_moving_plane,,UNIFORM_3,v1-unchanged-finite-nonstochastic,1024,512,1.0,0.0,1.0,0.0,875
toy,c31_moving_plane,,UNIFORM_3,v1-unchanged-finite-nonstochastic,2048,512,1.0,0.0,1.0,0.0,875
toy,c31_moving_plane,,UNIFORM_4,v1-unchanged-finite-nonstochastic,32,476,0.9296875,0.0703125,0.9655883375567224,0.034411662443277646,875
toy,c31_moving_plane,,UNIFORM_4,v1-unchanged-finite-nonstochastic,64,512,1.0,0.0,1.0,0.0,875
toy,c31_moving_plane,,UNIFORM_4,v1-unchanged-finite-nonstochastic,128,512,1.0,0.0,1.0,0.0,875
toy,c31_moving_plane,,UNIFORM_4,v1-unchanged-finite-nonstochastic,256,512,1.0,0.0,1.0,0.0,875
toy,c31_moving_plane,,UNIFORM_4,v1-unchanged-finite-nonstochastic,512,512,1.0,0.0,1.0,0.0,875
toy,c31_moving_plane,,UNIFORM_4,v1-unchanged-finite-nonstochastic,1024,512,1.0,0.0,1.0,0.0,875
toy,c31_moving_plane,,UNIFORM_4,v1-unchanged-finite-nonstochastic,2048,512,1.0,0.0,1.0,0.0,875
toy,c31_moving_plane,,UNIFORM_5,v1-unchanged-finite-nonstochastic,32,165,0.322265625,0.677734375,0.4059225142335234,0.5940774857664766,875
toy,c31_moving_plane,,UNIFORM_5,v1-unchanged-finite-nonstochastic,64,340,0.6640625,0.3359375,0.7416556044069288,0.2583443955930712,875
toy,c31_moving_plane,,UNIFORM_5,v1-unchanged-finite-nonstochastic,128,455,0.888671875,0.111328125,0.9352490399244181,0.0647509600755819,875
toy,c31_moving_plane,,UNIFORM_5,v1-unchanged-finite-nonstochastic,256,509,0.994140625,0.005859375,0.999860585255993,0.00013941474400702702,875
toy,c31_moving_plane,,UNIFORM_5,v1-unchanged-finite-nonstochastic,512,512,1.0,0.0,1.0,0.0,875
toy,c31_moving_plane,,UNIFORM_5,v1-unchanged-finite-nonstochastic,1024,512,1.0,0.0,1.0,0.0,875
toy,c31_moving_plane,,UNIFORM_5,v1-unchanged-finite-nonstochastic,2048,512,1.0,0.0,1.0,0.0,875
toy,c31_moving_plane,,UNIFORM_6,v1-unchanged-finite-nonstochastic,32,9,0.017578125,0.982421875,0.05184784654134189,0.9481521534586581,875
toy,c31_moving_plane,,UNIFORM_6,v1-unchanged-finite-nonstochastic,64,71,0.138671875,0.861328125,0.2056644852919316,0.7943355147080684,875
toy,c31_moving_plane,,UNIFORM_6,v1-unchanged-finite-nonstochastic,128,188,0.3671875,0.6328125,0.45240335464082443,0.5475966453591756,875
toy,c31_moving_plane,,UNIFORM_6,v1-unchanged-finite-nonstochastic,256,370,0.72265625,0.27734375,0.7949297043883098,0.2050702956116902,875
toy,c31_moving_plane,,UNIFORM_6,v1-unchanged-finite-nonstochastic,512,483,0.943359375,0.056640625,0.9748948548714479,0.02510514512855211,875
toy,c31_moving_plane,,UNIFORM_6,v1-unchanged-finite-nonstochastic,1024,512,1.0,0.0,1.0,0.0,875
toy,c31_moving_plane,,UNIFORM_6,v1-unchanged-finite-nonstochastic,2048,512,1.0,0.0,1.0,0.0,875
toy,c31_moving_plane,,UNIFORM_7,v1-unchanged-finite-nonstochastic,32,0,0.0,1.0,0.018901037818839048,0.981098962181161,875
toy,c31_moving_plane,,UNIFORM_7,v1-unchanged-finite-nonstochastic,64,0,0.0,1.0,0.018901037818839048,0.981098962181161,875
toy,c31_moving_plane,,UNIFORM_7,v1-unchanged-finite-nonstochastic,128,7,0.013671875,0.986328125,0.0456223631277928,0.9543776368722072,875
toy,c31_moving_plane,,UNIFORM_7,v1-unchanged-finite-nonstochastic,256,69,0.134765625,0.865234375,0.20114812210623834,0.7988518778937617,875
toy,c31_moving_plane,,UNIFORM_7,v1-unchanged-finite-nonstochastic,512,202,0.39453125,0.60546875,0.4803219550863827,0.5196780449136174,875
toy,c31_moving_plane,,UNIFORM_7,v1-unchanged-finite-nonstochastic,1024,367,0.716796875,0.283203125,0.7896700939777315,0.21032990602226853,875
toy,c31_moving_plane,,UNIFORM_7,v1-unchanged-finite-nonstochastic,2048,489,0.955078125,0.044921875,0.9823823783437634,0.017617621656236593,875
toy,c31_moving_plane,,UNIFORM_8,v1-unchanged-finite-nonstochastic,32,0,0.0,1.0,0.018901037818839048,0.981098962181161,875
toy,c31_moving_plane,,UNIFORM_8,v1-unchanged-finite-nonstochastic,64,0,0.0,1.0,0.018901037818839048,0.981098962181161,875
toy,c31_moving_plane,,UNIFORM_8,v1-unchanged-finite-nonstochastic,128,0,0.0,1.0,0.018901037818839048,0.981098962181161,875
toy,c31_moving_plane,,UNIFORM_8,v1-unchanged-finite-nonstochastic,256,1,0.001953125,0.998046875,0.023879245256461512,0.9761207547435384,875
toy,c31_moving_plane,,UNIFORM_8,v1-unchanged-finite-nonstochastic,512,8,0.015625,0.984375,0.04876990032117241,0.9512300996788275,875
toy,c31_moving_plane,,UNIFORM_8,v1-unchanged-finite-nonstochastic,1024,84,0.1640625,0.8359375,0.23467067258652557,0.7653293274134745,875
toy,c31_moving_plane,,UNIFORM_8,v1-unchanged-finite-nonstochastic,2048,211,0.412109375,0.587890625,0.49812715208404357,0.5018728479159564,875
toy,c31_moving_plane,,UNIFORM_9,v1-unchanged-finite-nonstochastic,32,0,0.0,1.0,0.018901037818839048,0.981098962181161,875
toy,c31_moving_plane,,UNIFORM_9,v1-unchanged-finite-nonstochastic,64,0,0.0,1.0,0.018901037818839048,0.981098962181161,875
toy,c31_moving_plane,,UNIFORM_9,v1-unchanged-finite-nonstochastic,128,0,0.0,1.0,0.018901037818839048,0.981098962181161,875
toy,c31_moving_plane,,UNIFORM_9,v1-unchanged-finite-nonstochastic,256,0,0.0,1.0,0.018901037818839048,0.981098962181161,875
toy,c31_moving_plane,,UNIFORM_9,v1-unchanged-finite-nonstochastic,512,0,0.0,1.0,0.018901037818839048,0.981098962181161,875
toy,c31_moving_plane,,UNIFORM_9,v1-unchanged-finite-nonstochastic,1024,0,0.0,1.0,0.018901037818839048,0.981098962181161,875
toy,c31_moving_plane,,UNIFORM_9,v1-unchanged-finite-nonstochastic,2048,6,0.01171875,0.98828125,0.04239200348067983,0.9576079965193202,875
toy,c31_moving_plane,,UNIFORM_10,v1-unchanged-finite-nonstochastic,32,0,0.0,1.0,0.018901037818839048,0.981098962181161,875
toy,c31_moving_plane,,UNIFORM_10,v1-unchanged-finite-nonstochastic,64,0,0.0,1.0,0.018901037818839048,0.981098962181161,875
toy,c31_moving_plane,,UNIFORM_10,v1-unchanged-finite-nonstochastic,128,0,0.0,1.0,0.018901037818839048,0.981098962181161,875
toy,c31_moving_plane,,UNIFORM_10,v1-unchanged-finite-nonstochastic,256,0,0.0,1.0,0.018901037818839048,0.981098962181161,875
toy,c31_moving_plane,,UNIFORM_10,v1-unchanged-finite-nonstochastic,512,0,0.0,1.0,0.018901037818839048,0.981098962181161,875
toy,c31_moving_plane,,UNIFORM_10,v1-unchanged-finite-nonstochastic,1024,0,0.0,1.0,0.018901037818839048,0.981098962181161,875
toy,c31_moving_plane,,UNIFORM_10,v1-unchanged-finite-nonstochastic,2048,0,0.0,1.0,0.018901037818839048,0.981098962181161,875
toy,c31_moving_plane,,UNIFORM_11,v1-unchanged-finite-nonstochastic,32,0,0.0,1.0,0.018901037818839048,0.981098962181161,875
toy,c31_moving_plane,,UNIFORM_11,v1-unchanged-finite-nonstochastic,64,0,0.0,1.0,0.018901037818839048,0.981098962181161,875
toy,c31_moving_plane,,UNIFORM_11,v1-unchanged-finite-nonstochastic,128,0,0.0,1.0,0.018901037818839048,0.981098962181161,875
toy,c31_moving_plane,,UNIFORM_11,v1-unchanged-finite-nonstochastic,256,0,0.0,1.0,0.018901037818839048,0.981098962181161,875
toy,c31_moving_plane,,UNIFORM_11,v1-unchanged-finite-nonstochastic,512,0,0.0,1.0,0.018901037818839048,0.981098962181161,875
toy,c31_moving_plane,,UNIFORM_11,v1-unchanged-finite-nonstochastic,1024,0,0.0,1.0,0.018901037818839048,0.981098962181161,875
toy,c31_moving_plane,,UNIFORM_11,v1-unchanged-finite-nonstochastic,2048,0,0.0,1.0,0.018901037818839048,0.981098962181161,875
toy,c31_moving_plane,,UNIFORM_12,v1-unchanged-finite-nonstochastic,32,0,0.0,1.0,0.018901037818839048,0.981098962181161,875
toy,c31_moving_plane,,UNIFORM_12,v1-unchanged-finite-nonstochastic,64,0,0.0,1.0,0.018901037818839048,0.981098962181161,875
toy,c31_moving_plane,,UNIFORM_12,v1-unchanged-finite-nonstochastic,128,0,0.0,1.0,0.018901037818839048,0.981098962181161,875
toy,c31_moving_plane,,UNIFORM_12,v1-unchanged-finite-nonstochastic,256,0,0.0,1.0,0.018901037818839048,0.981098962181161,875
toy,c31_moving_plane,,UNIFORM_12,v1-unchanged-finite-nonstochastic,512,0,0.0,1.0,0.018901037818839048,0.981098962181161,875
toy,c31_moving_plane,,UNIFORM_12,v1-unchanged-finite-nonstochastic,1024,0,0.0,1.0,0.018901037818839048,0.981098962181161,875
toy,c31_moving_plane,,UNIFORM_12,v1-unchanged-finite-nonstochastic,2048,0,0.0,1.0,0.018901037818839048,0.981098962181161,875
toy,c31_moving_plane,,UNIFORM_13,v1-unchanged-finite-nonstochastic,32,0,0.0,1.0,0.018901037818839048,0.981098962181161,875
toy,c31_moving_plane,,UNIFORM_13,v1-unchanged-finite-nonstochastic,64,0,0.0,1.0,0.018901037818839048,0.981098962181161,875
toy,c31_moving_plane,,UNIFORM_13,v1-unchanged-finite-nonstochastic,128,0,0.0,1.0,0.018901037818839048,0.981098962181161,875
toy,c31_moving_plane,,UNIFORM_13,v1-unchanged-finite-nonstochastic,256,0,0.0,1.0,0.018901037818839048,0.981098962181161,875
toy,c31_moving_plane,,UNIFORM_13,v1-unchanged-finite-nonstochastic,512,0,0.0,1.0,0.018901037818839048,0.981098962181161,875
toy,c31_moving_plane,,UNIFORM_13,v1-unchanged-finite-nonstochastic,1024,0,0.0,1.0,0.018901037818839048,0.981098962181161,875
toy,c31_moving_plane,,UNIFORM_13,v1-unchanged-finite-nonstochastic,2048,0,0.0,1.0,0.018901037818839048,0.981098962181161,875
toy,c31_moving_plane,,UNIFORM_14,v1-unchanged-finite-nonstochastic,32,0,0.0,1.0,0.018901037818839048,0.981098962181161,875
toy,c31_moving_plane,,UNIFORM_14,v1-unchanged-finite-nonstochastic,64,0,0.0,1.0,0.018901037818839048,0.981098962181161,875
toy,c31_moving_plane,,UNIFORM_14,v1-unchanged-finite-nonstochastic,128,0,0.0,1.0,0.018901037818839048,0.981098962181161,875
toy,c31_moving_plane,,UNIFORM_14,v1-unchanged-finite-nonstochastic,256,0,0.0,1.0,0.018901037818839048,0.981098962181161,875
toy,c31_moving_plane,,UNIFORM_14,v1-unchanged-finite-nonstochastic,512,0,0.0,1.0,0.018901037818839048,0.981098962181161,875
toy,c31_moving_plane,,UNIFORM_14,v1-unchanged-finite-nonstochastic,1024,0,0.0,1.0,0.018901037818839048,0.981098962181161,875
toy,c31_moving_plane,,UNIFORM_14,v1-unchanged-finite-nonstochastic,2048,0,0.0,1.0,0.018901037818839048,0.981098962181161,875
toy,c31_moving_plane,,UNIFORM_15,v1-unchanged-finite-nonstochastic,32,0,0.0,1.0,0.018901037818839048,0.981098962181161,875
toy,c31_moving_plane,,UNIFORM_15,v1-unchanged-finite-nonstochastic,64,0,0.0,1.0,0.018901037818839048,0.981098962181161,875
toy,c31_moving_plane,,UNIFORM_15,v1-unchanged-finite-nonstochastic,128,0,0.0,1.0,0.018901037818839048,0.981098962181161,875
toy,c31_moving_plane,,UNIFORM_15,v1-unchanged-finite-nonstochastic,256,0,0.0,1.0,0.018901037818839048,0.981098962181161,875
toy,c31_moving_plane,,UNIFORM_15,v1-unchanged-finite-nonstochastic,512,0,0.0,1.0,0.018901037818839048,0.981098962181161,875
toy,c31_moving_plane,,UNIFORM_15,v1-unchanged-finite-nonstochastic,1024,0,0.0,1.0,0.018901037818839048,0.981098962181161,875
toy,c31_moving_plane,,UNIFORM_15,v1-unchanged-finite-nonstochastic,2048,0,0.0,1.0,0.018901037818839048,0.981098962181161,875
toy,c31_moving_plane,,UNIFORM_16,v1-unchanged-finite-nonstochastic,32,0,0.0,1.0,0.018901037818839048,0.981098962181161,875
toy,c31_moving_plane,,UNIFORM_16,v1-unchanged-finite-nonstochastic,64,0,0.0,1.0,0.018901037818839048,0.981098962181161,875
toy,c31_moving_plane,,UNIFORM_16,v1-unchanged-finite-nonstochastic,128,0,0.0,1.0,0.018901037818839048,0.981098962181161,875
toy,c31_moving_plane,,UNIFORM_16,v1-unchanged-finite-nonstochastic,256,0,0.0,1.0,0.018901037818839048,0.981098962181161,875
toy,c31_moving_plane,,UNIFORM_16,v1-unchanged-finite-nonstochastic,512,0,0.0,1.0,0.018901037818839048,0.981098962181161,875
toy,c31_moving_plane,,UNIFORM_16,v1-unchanged-finite-nonstochastic,1024,0,0.0,1.0,0.018901037818839048,0.981098962181161,875
toy,c31_moving_plane,,UNIFORM_16,v1-unchanged-finite-nonstochastic,2048,0,0.0,1.0,0.018901037818839048,0.981098962181161,875
toy,c31_moving_plane,,STOCHASTIC_4,v2-stochastic-seedkey,32,510,0.99609375,0.00390625,0.9999790251705833,2.0974829416653407e-05,875
toy,c31_moving_plane,,STOCHASTIC_4,v2-stochastic-seedkey,64,512,1.0,0.0,1.0,0.0,875
toy,c31_moving_plane,,STOCHASTIC_4,v2-stochastic-seedkey,128,512,1.0,0.0,1.0,0.0,875
toy,c31_moving_plane,,STOCHASTIC_4,v2-stochastic-seedkey,256,512,1.0,0.0,1.0,0.0,875
toy,c31_moving_plane,,STOCHASTIC_4,v2-stochastic-seedkey,512,512,1.0,0.0,1.0,0.0,875
toy,c31_moving_plane,,STOCHASTIC_4,v2-stochastic-seedkey,1024,512,1.0,0.0,1.0,0.0,875
toy,c31_moving_plane,,STOCHASTIC_4,v2-stochastic-seedkey,2048,512,1.0,0.0,1.0,0.0,875
toy,c31_moving_plane,,FULL_RESIDUAL_4_4,v1-unchanged-finite-nonstochastic,32,0,0.0,1.0,0.018901037818839048,0.981098962181161,875
toy,c31_moving_plane,,FULL_RESIDUAL_4_4,v1-unchanged-finite-nonstochastic,64,0,0.0,1.0,0.018901037818839048,0.981098962181161,875
toy,c31_moving_plane,,FULL_RESIDUAL_4_4,v1-unchanged-finite-nonstochastic,128,0,0.0,1.0,0.018901037818839048,0.981098962181161,875
toy,c31_moving_plane,,FULL_RESIDUAL_4_4,v1-unchanged-finite-nonstochastic,256,0,0.0,1.0,0.018901037818839048,0.981098962181161,875
toy,c31_moving_plane,,FULL_RESIDUAL_4_4,v1-unchanged-finite-nonstochastic,512,1,0.001953125,0.998046875,0.023879245256461512,0.9761207547435384,875
toy,c31_moving_plane,,FULL_RESIDUAL_4_4,v1-unchanged-finite-nonstochastic,1024,16,0.03125,0.96875,0.07206925236801887,0.9279307476319811,875
toy,c31_moving_plane,,FULL_RESIDUAL_4_4,v1-unchanged-finite-nonstochastic,2048,106,0.20703125,0.79296875,0.2825983296810318,0.7174016703189682,875
toy,c31_moving_plane,,FULL_RESIDUAL_4_FP32,v1-unchanged-finite-nonstochastic,32,0,0.0,1.0,0.018901037818839048,0.981098962181161,875
toy,c31_moving_plane,,FULL_RESIDUAL_4_FP32,v1-unchanged-finite-nonstochastic,64,0,0.0,1.0,0.018901037818839048,0.981098962181161,875
toy,c31_moving_plane,,FULL_RESIDUAL_4_FP32,v1-unchanged-finite-nonstochastic,128,0,0.0,1.0,0.018901037818839048,0.981098962181161,875
toy,c31_moving_plane,,FULL_RESIDUAL_4_FP32,v1-unchanged-finite-nonstochastic,256,0,0.0,1.0,0.018901037818839048,0.981098962181161,875
toy,c31_moving_plane,,FULL_RESIDUAL_4_FP32,v1-unchanged-finite-nonstochastic,512,0,0.0,1.0,0.018901037818839048,0.981098962181161,875
toy,c31_moving_plane,,FULL_RESIDUAL_4_FP32,v1-unchanged-finite-nonstochastic,1024,0,0.0,1.0,0.018901037818839048,0.981098962181161,875
toy,c31_moving_plane,,FULL_RESIDUAL_4_FP32,v1-unchanged-finite-nonstochastic,2048,0,0.0,1.0,0.018901037818839048,0.981098962181161,875
toy,c31_moving_plane,,LOWRANK_4_8,v1-unchanged-finite-nonstochastic,32,407,0.794921875,0.205078125,0.8583592021835806,0.14164079781641936,875
toy,c31_moving_plane,,LOWRANK_4_8,v1-unchanged-finite-nonstochastic,64,443,0.865234375,0.134765625,0.9167998093453381,0.08320019065466189,875
toy,c31_moving_plane,,LOWRANK_4_8,v1-unchanged-finite-nonstochastic,128,512,1.0,0.0,1.0,0.0,875
toy,c31_moving_plane,,LOWRANK_4_8,v1-unchanged-finite-nonstochastic,256,512,1.0,0.0,1.0,0.0,875
toy,c31_moving_plane,,LOWRANK_4_8,v1-unchanged-finite-nonstochastic,512,512,1.0,0.0,1.0,0.0,875
toy,c31_moving_plane,,LOWRANK_4_8,v1-unchanged-finite-nonstochastic,1024,512,1.0,0.0,1.0,0.0,875
toy,c31_moving_plane,,LOWRANK_4_8,v1-unchanged-finite-nonstochastic,2048,512,1.0,0.0,1.0,0.0,875
toy,c31_moving_plane,,UNTRANSPORTED_4_4,v1-unchanged-finite-nonstochastic,32,495,0.966796875,0.033203125,0.9892369511666314,0.01076304883336865,875
toy,c31_moving_plane,,UNTRANSPORTED_4_4,v1-unchanged-finite-nonstochastic,64,512,1.0,0.0,1.0,0.0,875
toy,c31_moving_plane,,UNTRANSPORTED_4_4,v1-unchanged-finite-nonstochastic,128,512,1.0,0.0,1.0,0.0,875
toy,c31_moving_plane,,UNTRANSPORTED_4_4,v1-unchanged-finite-nonstochastic,256,512,1.0,0.0,1.0,0.0,875
toy,c31_moving_plane,,UNTRANSPORTED_4_4,v1-unchanged-finite-nonstochastic,512,512,1.0,0.0,1.0,0.0,875
toy,c31_moving_plane,,UNTRANSPORTED_4_4,v1-unchanged-finite-nonstochastic,1024,512,1.0,0.0,1.0,0.0,875
toy,c31_moving_plane,,UNTRANSPORTED_4_4,v1-unchanged-finite-nonstochastic,2048,512,1.0,0.0,1.0,0.0,875
toy,c31_moving_plane,,MIXED_4_8,v1-unchanged-finite-nonstochastic,32,437,0.853515625,0.146484375,0.9073501694082717,0.09264983059172827,875
toy,c31_moving_plane,,MIXED_4_8,v1-unchanged-finite-nonstochastic,64,499,0.974609375,0.025390625,0.9933021150057626,0.006697884994237402,875
toy,c31_moving_plane,,MIXED_4_8,v1-unchanged-finite-nonstochastic,128,512,1.0,0.0,1.0,0.0,875
toy,c31_moving_plane,,MIXED_4_8,v1-unchanged-finite-nonstochastic,256,512,1.0,0.0,1.0,0.0,875
toy,c31_moving_plane,,MIXED_4_8,v1-unchanged-finite-nonstochastic,512,512,1.0,0.0,1.0,0.0,875
toy,c31_moving_plane,,MIXED_4_8,v1-unchanged-finite-nonstochastic,1024,512,1.0,0.0,1.0,0.0,875
toy,c31_moving_plane,,MIXED_4_8,v1-unchanged-finite-nonstochastic,2048,512,1.0,0.0,1.0,0.0,875
toy,c31_moving_plane,,MIXED_6_8,v1-unchanged-finite-nonstochastic,32,4,0.0078125,0.9921875,0.03560208793384211,0.9643979120661579,875
toy,c31_moving_plane,,MIXED_6_8,v1-unchanged-finite-nonstochastic,64,10,0.01953125,0.98046875,0.05486619596173944,0.9451338040382605,875
toy,c31_moving_plane,,MIXED_6_8,v1-unchanged-finite-nonstochastic,128,83,0.162109375,0.837890625,0.23245943592362894,0.7675405640763711,875
toy,c31_moving_plane,,MIXED_6_8,v1-unchanged-finite-nonstochastic,256,199,0.388671875,0.611328125,0.4743623524695655,0.5256376475304345,875
toy,c31_moving_plane,,MIXED_6_8,v1-unchanged-finite-nonstochastic,512,388,0.7578125,0.2421875,0.8261380476118234,0.1738619523881766,875
toy,c31_moving_plane,,MIXED_6_8,v1-unchanged-finite-nonstochastic,1024,481,0.939453125,0.060546875,0.9722910391533525,0.027708960846647535,875
toy,c31_moving_plane,,MIXED_6_8,v1-unchanged-finite-nonstochastic,2048,511,0.998046875,0.001953125,0.9999998883896746,1.1161032542617022e-07,875
toy,c31_moving_plane,,COEFFICIENT_INT8_FP32,v1-unchanged-finite-nonstochastic,32,0,0.0,1.0,0.018901037818839048,0.981098962181161,875
toy,c31_moving_plane,,COEFFICIENT_INT8_FP32,v1-unchanged-finite-nonstochastic,64,0,0.0,1.0,0.018901037818839048,0.981098962181161,875
toy,c31_moving_plane,,COEFFICIENT_INT8_FP32,v1-unchanged-finite-nonstochastic,128,0,0.0,1.0,0.018901037818839048,0.981098962181161,875
toy,c31_moving_plane,,COEFFICIENT_INT8_FP32,v1-unchanged-finite-nonstochastic,256,2,0.00390625,0.99609375,0.02811376031176999,0.97188623968823,875
toy,c31_moving_plane,,COEFFICIENT_INT8_FP32,v1-unchanged-finite-nonstochastic,512,17,0.033203125,0.966796875,0.0748224642139112,0.9251775357860887,875
toy,c31_moving_plane,,COEFFICIENT_INT8_FP32,v1-unchanged-finite-nonstochastic,1024,111,0.216796875,0.783203125,0.29331911722474835,0.7066808827752517,875
toy,c31_moving_plane,,COEFFICIENT_INT8_FP32,v1-unchanged-finite-nonstochastic,2048,274,0.53515625,0.46484375,0.6197918896229012,0.3802081103770988,875
toy,c31_switching_plane,,NATIVE_FP32,v1-unchanged-finite-nonstochastic,32,0,0.0,1.0,0.018901037818839048,0.981098962181161,875
toy,c31_switching_plane,,NATIVE_FP32,v1-unchanged-finite-nonstochastic,64,0,0.0,1.0,0.018901037818839048,0.981098962181161,875
toy,c31_switching_plane,,NATIVE_FP32,v1-unchanged-finite-nonstochastic,128,0,0.0,1.0,0.018901037818839048,0.981098962181161,875
toy,c31_switching_plane,,NATIVE_FP32,v1-unchanged-finite-nonstochastic,256,0,0.0,1.0,0.018901037818839048,0.981098962181161,875
toy,c31_switching_plane,,NATIVE_FP32,v1-unchanged-finite-nonstochastic,512,0,0.0,1.0,0.018901037818839048,0.981098962181161,875
toy,c31_switching_plane,,NATIVE_FP32,v1-unchanged-finite-nonstochastic,1024,0,0.0,1.0,0.018901037818839048,0.981098962181161,875
toy,c31_switching_plane,,NATIVE_FP32,v1-unchanged-finite-nonstochastic,2048,0,0.0,1.0,0.018901037818839048,0.981098962181161,875
toy,c31_switching_plane,,NATIVE_FP64,v1-unchanged-finite-nonstochastic,32,0,0.0,1.0,0.018901037818839048,0.981098962181161,875
toy,c31_switching_plane,,NATIVE_FP64,v1-unchanged-finite-nonstochastic,64,0,0.0,1.0,0.018901037818839048,0.981098962181161,875
toy,c31_switching_plane,,NATIVE_FP64,v1-unchanged-finite-nonstochastic,128,0,0.0,1.0,0.018901037818839048,0.981098962181161,875
toy,c31_switching_plane,,NATIVE_FP64,v1-unchanged-finite-nonstochastic,256,0,0.0,1.0,0.018901037818839048,0.981098962181161,875
toy,c31_switching_plane,,NATIVE_FP64,v1-unchanged-finite-nonstochastic,512,0,0.0,1.0,0.018901037818839048,0.981098962181161,875
toy,c31_switching_plane,,NATIVE_FP64,v1-unchanged-finite-nonstochastic,1024,0,0.0,1.0,0.018901037818839048,0.981098962181161,875
toy,c31_switching_plane,,NATIVE_FP64,v1-unchanged-finite-nonstochastic,2048,0,0.0,1.0,0.018901037818839048,0.981098962181161,875
toy,c31_switching_plane,,UNIFORM_2,v1-unchanged-finite-nonstochastic,32,512,1.0,0.0,1.0,0.0,875
toy,c31_switching_plane,,UNIFORM_2,v1-unchanged-finite-nonstochastic,64,512,1.0,0.0,1.0,0.0,875
toy,c31_switching_plane,,UNIFORM_2,v1-unchanged-finite-nonstochastic,128,512,1.0,0.0,1.0,0.0,875
toy,c31_switching_plane,,UNIFORM_2,v1-unchanged-finite-nonstochastic,256,512,1.0,0.0,1.0,0.0,875
toy,c31_switching_plane,,UNIFORM_2,v1-unchanged-finite-nonstochastic,512,512,1.0,0.0,1.0,0.0,875
toy,c31_switching_plane,,UNIFORM_2,v1-unchanged-finite-nonstochastic,1024,512,1.0,0.0,1.0,0.0,875
toy,c31_switching_plane,,UNIFORM_2,v1-unchanged-finite-nonstochastic,2048,512,1.0,0.0,1.0,0.0,875
toy,c31_switching_plane,,UNIFORM_3,v1-unchanged-finite-nonstochastic,32,512,1.0,0.0,1.0,0.0,875
toy,c31_switching_plane,,UNIFORM_3,v1-unchanged-finite-nonstochastic,64,512,1.0,0.0,1.0,0.0,875
toy,c31_switching_plane,,UNIFORM_3,v1-unchanged-finite-nonstochastic,128,512,1.0,0.0,1.0,0.0,875
toy,c31_switching_plane,,UNIFORM_3,v1-unchanged-finite-nonstochastic,256,512,1.0,0.0,1.0,0.0,875
toy,c31_switching_plane,,UNIFORM_3,v1-unchanged-finite-nonstochastic,512,512,1.0,0.0,1.0,0.0,875
toy,c31_switching_plane,,UNIFORM_3,v1-unchanged-finite-nonstochastic,1024,512,1.0,0.0,1.0,0.0,875
toy,c31_switching_plane,,UNIFORM_3,v1-unchanged-finite-nonstochastic,2048,512,1.0,0.0,1.0,0.0,875
toy,c31_switching_plane,,UNIFORM_4,v1-unchanged-finite-nonstochastic,32,491,0.958984375,0.041015625,0.9847493938083381,0.015250606191661853,875
toy,c31_switching_plane,,UNIFORM_4,v1-unchanged-finite-nonstochastic,64,510,0.99609375,0.00390625,0.9999790251705833,2.0974829416653407e-05,875
toy,c31_switching_plane,,UNIFORM_4,v1-unchanged-finite-nonstochastic,128,512,1.0,0.0,1.0,0.0,875
toy,c31_switching_plane,,UNIFORM_4,v1-unchanged-finite-nonstochastic,256,512,1.0,0.0,1.0,0.0,875
toy,c31_switching_plane,,UNIFORM_4,v1-unchanged-finite-nonstochastic,512,512,1.0,0.0,1.0,0.0,875
toy,c31_switching_plane,,UNIFORM_4,v1-unchanged-finite-nonstochastic,1024,512,1.0,0.0,1.0,0.0,875
toy,c31_switching_plane,,UNIFORM_4,v1-unchanged-finite-nonstochastic,2048,512,1.0,0.0,1.0,0.0,875
toy,c31_switching_plane,,UNIFORM_5,v1-unchanged-finite-nonstochastic,32,204,0.3984375,0.6015625,0.4842881688169765,0.5157118311830236,875
toy,c31_switching_plane,,UNIFORM_5,v1-unchanged-finite-nonstochastic,64,346,0.67578125,0.32421875,0.7524264933870203,0.24757350661297972,875
toy,c31_switching_plane,,UNIFORM_5,v1-unchanged-finite-nonstochastic,128,464,0.90625,0.09375,0.9486108915057386,0.05138910849426137,875
toy,c31_switching_plane,,UNIFORM_5,v1-unchanged-finite-nonstochastic,256,506,0.98828125,0.01171875,0.998737188370706,0.0012628116292939806,875
toy,c31_switching_plane,,UNIFORM_5,v1-unchanged-finite-nonstochastic,512,512,1.0,0.0,1.0,0.0,875
toy,c31_switching_plane,,UNIFORM_5,v1-unchanged-finite-nonstochastic,1024,512,1.0,0.0,1.0,0.0,875
toy,c31_switching_plane,,UNIFORM_5,v1-unchanged-finite-nonstochastic,2048,512,1.0,0.0,1.0,0.0,875
toy,c31_switching_plane,,UNIFORM_6,v1-unchanged-finite-nonstochastic,32,13,0.025390625,0.974609375,0.06363388217884387,0.9363661178211561,875
toy,c31_switching_plane,,UNIFORM_6,v1-unchanged-finite-nonstochastic,64,79,0.154296875,0.845703125,0.22358249407721426,0.7764175059227858,875
toy,c31_switching_plane,,UNIFORM_6,v1-unchanged-finite-nonstochastic,128,211,0.412109375,0.587890625,0.49812715208404357,0.5018728479159564,875
toy,c31_switching_plane,,UNIFORM_6,v1-unchanged-finite-nonstochastic,256,374,0.73046875,0.26953125,0.8019174750630634,0.19808252493693657,875
toy,c31_switching_plane,,UNIFORM_6,v1-unchanged-finite-nonstochastic,512,492,0.9609375,0.0390625,0.9859041796345179,0.01409582036548207,875
toy,c31_switching_plane,,UNIFORM_6,v1-unchanged-finite-nonstochastic,1024,512,1.0,0.0,1.0,0.0,875
toy,c31_switching_plane,,UNIFORM_6,v1-unchanged-finite-nonstochastic,2048,512,1.0,0.0,1.0,0.0,875
toy,c31_switching_plane,,UNIFORM_7,v1-unchanged-finite-nonstochastic,32,0,0.0,1.0,0.018901037818839048,0.981098962181161,875
toy,c31_switching_plane,,UNIFORM_7,v1-unchanged-finite-nonstochastic,64,1,0.001953125,0.998046875,0.023879245256461512,0.9761207547435384,875
toy,c31_switching_plane,,UNIFORM_7,v1-unchanged-finite-nonstochastic,128,15,0.029296875,0.970703125,0.06928849959485359,0.9307115004051464,875
toy,c31_switching_plane,,UNIFORM_7,v1-unchanged-finite-nonstochastic,256,91,0.177734375,0.822265625,0.2500646224838929,0.7499353775161071,875
toy,c31_switching_plane,,UNIFORM_7,v1-unchanged-finite-nonstochastic,512,227,0.443359375,0.556640625,0.5295136203304082,0.47048637966959184,875
toy,c31_switching_plane,,UNIFORM_7,v1-unchanged-finite-nonstochastic,1024,370,0.72265625,0.27734375,0.7949297043883098,0.2050702956116902,875
toy,c31_switching_plane,,UNIFORM_7,v1-unchanged-finite-nonstochastic,2048,494,0.96484375,0.03515625,0.988149565606535,0.011850434393465004,875
toy,c31_switching_plane,,UNIFORM_8,v1-unchanged-finite-nonstochastic,32,0,0.0,1.0,0.018901037818839048,0.981098962181161,875
toy,c31_switching_plane,,UNIFORM_8,v1-unchanged-finite-nonstochastic,64,0,0.0,1.0,0.018901037818839048,0.981098962181161,875
toy,c31_switching_plane,,UNIFORM_8,v1-unchanged-finite-nonstochastic,128,0,0.0,1.0,0.018901037818839048,0.981098962181161,875
toy,c31_switching_plane,,UNIFORM_8,v1-unchanged-finite-nonstochastic,256,1,0.001953125,0.998046875,0.023879245256461512,0.9761207547435384,875
toy,c31_switching_plane,,UNIFORM_8,v1-unchanged-finite-nonstochastic,512,15,0.029296875,0.970703125,0.06928849959485359,0.9307115004051464,875
toy,c31_switching_plane,,UNIFORM_8,v1-unchanged-finite-nonstochastic,1024,92,0.1796875,0.8203125,0.25225213325322027,0.7477478667467797,875
toy,c31_switching_plane,,UNIFORM_8,v1-unchanged-finite-nonstochastic,2048,244,0.4765625,0.5234375,0.5624953022760035,0.43750469772399647,875
toy,c31_switching_plane,,UNIFORM_9,v1-unchanged-finite-nonstochastic,32,0,0.0,1.0,0.018901037818839048,0.981098962181161,875
toy,c31_switching_plane,,UNIFORM_9,v1-unchanged-finite-nonstochastic,64,0,0.0,1.0,0.018901037818839048,0.981098962181161,875
toy,c31_switching_plane,,UNIFORM_9,v1-unchanged-finite-nonstochastic,128,0,0.0,1.0,0.018901037818839048,0.981098962181161,875
toy,c31_switching_plane,,UNIFORM_9,v1-unchanged-finite-nonstochastic,256,0,0.0,1.0,0.018901037818839048,0.981098962181161,875
toy,c31_switching_plane,,UNIFORM_9,v1-unchanged-finite-nonstochastic,512,0,0.0,1.0,0.018901037818839048,0.981098962181161,875
toy,c31_switching_plane,,UNIFORM_9,v1-unchanged-finite-nonstochastic,1024,0,0.0,1.0,0.018901037818839048,0.981098962181161,875
toy,c31_switching_plane,,UNIFORM_9,v1-unchanged-finite-nonstochastic,2048,11,0.021484375,0.978515625,0.05783272045128703,0.9421672795487129,875
toy,c31_switching_plane,,UNIFORM_10,v1-unchanged-finite-nonstochastic,32,0,0.0,1.0,0.018901037818839048,0.981098962181161,875
toy,c31_switching_plane,,UNIFORM_10,v1-unchanged-finite-nonstochastic,64,0,0.0,1.0,0.018901037818839048,0.981098962181161,875
toy,c31_switching_plane,,UNIFORM_10,v1-unchanged-finite-nonstochastic,128,0,0.0,1.0,0.018901037818839048,0.981098962181161,875
toy,c31_switching_plane,,UNIFORM_10,v1-unchanged-finite-nonstochastic,256,0,0.0,1.0,0.018901037818839048,0.981098962181161,875
toy,c31_switching_plane,,UNIFORM_10,v1-unchanged-finite-nonstochastic,512,0,0.0,1.0,0.018901037818839048,0.981098962181161,875
toy,c31_switching_plane,,UNIFORM_10,v1-unchanged-finite-nonstochastic,1024,0,0.0,1.0,0.018901037818839048,0.981098962181161,875
toy,c31_switching_plane,,UNIFORM_10,v1-unchanged-finite-nonstochastic,2048,0,0.0,1.0,0.018901037818839048,0.981098962181161,875
toy,c31_switching_plane,,UNIFORM_11,v1-unchanged-finite-nonstochastic,32,0,0.0,1.0,0.018901037818839048,0.981098962181161,875
toy,c31_switching_plane,,UNIFORM_11,v1-unchanged-finite-nonstochastic,64,0,0.0,1.0,0.018901037818839048,0.981098962181161,875
toy,c31_switching_plane,,UNIFORM_11,v1-unchanged-finite-nonstochastic,128,0,0.0,1.0,0.018901037818839048,0.981098962181161,875
toy,c31_switching_plane,,UNIFORM_11,v1-unchanged-finite-nonstochastic,256,0,0.0,1.0,0.018901037818839048,0.981098962181161,875
toy,c31_switching_plane,,UNIFORM_11,v1-unchanged-finite-nonstochastic,512,0,0.0,1.0,0.018901037818839048,0.981098962181161,875
toy,c31_switching_plane,,UNIFORM_11,v1-unchanged-finite-nonstochastic,1024,0,0.0,1.0,0.018901037818839048,0.981098962181161,875
toy,c31_switching_plane,,UNIFORM_11,v1-unchanged-finite-nonstochastic,2048,0,0.0,1.0,0.018901037818839048,0.981098962181161,875
toy,c31_switching_plane,,UNIFORM_12,v1-unchanged-finite-nonstochastic,32,0,0.0,1.0,0.018901037818839048,0.981098962181161,875
toy,c31_switching_plane,,UNIFORM_12,v1-unchanged-finite-nonstochastic,64,0,0.0,1.0,0.018901037818839048,0.981098962181161,875
toy,c31_switching_plane,,UNIFORM_12,v1-unchanged-finite-nonstochastic,128,0,0.0,1.0,0.018901037818839048,0.981098962181161,875
toy,c31_switching_plane,,UNIFORM_12,v1-unchanged-finite-nonstochastic,256,0,0.0,1.0,0.018901037818839048,0.981098962181161,875
toy,c31_switching_plane,,UNIFORM_12,v1-unchanged-finite-nonstochastic,512,0,0.0,1.0,0.018901037818839048,0.981098962181161,875
toy,c31_switching_plane,,UNIFORM_12,v1-unchanged-finite-nonstochastic,1024,0,0.0,1.0,0.018901037818839048,0.981098962181161,875
toy,c31_switching_plane,,UNIFORM_12,v1-unchanged-finite-nonstochastic,2048,0,0.0,1.0,0.018901037818839048,0.981098962181161,875
toy,c31_switching_plane,,UNIFORM_13,v1-unchanged-finite-nonstochastic,32,0,0.0,1.0,0.018901037818839048,0.981098962181161,875
toy,c31_switching_plane,,UNIFORM_13,v1-unchanged-finite-nonstochastic,64,0,0.0,1.0,0.018901037818839048,0.981098962181161,875
toy,c31_switching_plane,,UNIFORM_13,v1-unchanged-finite-nonstochastic,128,0,0.0,1.0,0.018901037818839048,0.981098962181161,875
toy,c31_switching_plane,,UNIFORM_13,v1-unchanged-finite-nonstochastic,256,0,0.0,1.0,0.018901037818839048,0.981098962181161,875
toy,c31_switching_plane,,UNIFORM_13,v1-unchanged-finite-nonstochastic,512,0,0.0,1.0,0.018901037818839048,0.981098962181161,875
toy,c31_switching_plane,,UNIFORM_13,v1-unchanged-finite-nonstochastic,1024,0,0.0,1.0,0.018901037818839048,0.981098962181161,875
toy,c31_switching_plane,,UNIFORM_13,v1-unchanged-finite-nonstochastic,2048,0,0.0,1.0,0.018901037818839048,0.981098962181161,875
toy,c31_switching_plane,,UNIFORM_14,v1-unchanged-finite-nonstochastic,32,0,0.0,1.0,0.018901037818839048,0.981098962181161,875
toy,c31_switching_plane,,UNIFORM_14,v1-unchanged-finite-nonstochastic,64,0,0.0,1.0,0.018901037818839048,0.981098962181161,875
toy,c31_switching_plane,,UNIFORM_14,v1-unchanged-finite-nonstochastic,128,0,0.0,1.0,0.018901037818839048,0.981098962181161,875
toy,c31_switching_plane,,UNIFORM_14,v1-unchanged-finite-nonstochastic,256,0,0.0,1.0,0.018901037818839048,0.981098962181161,875
toy,c31_switching_plane,,UNIFORM_14,v1-unchanged-finite-nonstochastic,512,0,0.0,1.0,0.018901037818839048,0.981098962181161,875
toy,c31_switching_plane,,UNIFORM_14,v1-unchanged-finite-nonstochastic,1024,0,0.0,1.0,0.018901037818839048,0.981098962181161,875
toy,c31_switching_plane,,UNIFORM_14,v1-unchanged-finite-nonstochastic,2048,0,0.0,1.0,0.018901037818839048,0.981098962181161,875
toy,c31_switching_plane,,UNIFORM_15,v1-unchanged-finite-nonstochastic,32,0,0.0,1.0,0.018901037818839048,0.981098962181161,875
toy,c31_switching_plane,,UNIFORM_15,v1-unchanged-finite-nonstochastic,64,0,0.0,1.0,0.018901037818839048,0.981098962181161,875
toy,c31_switching_plane,,UNIFORM_15,v1-unchanged-finite-nonstochastic,128,0,0.0,1.0,0.018901037818839048,0.981098962181161,875
toy,c31_switching_plane,,UNIFORM_15,v1-unchanged-finite-nonstochastic,256,0,0.0,1.0,0.018901037818839048,0.981098962181161,875
toy,c31_switching_plane,,UNIFORM_15,v1-unchanged-finite-nonstochastic,512,0,0.0,1.0,0.018901037818839048,0.981098962181161,875
toy,c31_switching_plane,,UNIFORM_15,v1-unchanged-finite-nonstochastic,1024,0,0.0,1.0,0.018901037818839048,0.981098962181161,875
toy,c31_switching_plane,,UNIFORM_15,v1-unchanged-finite-nonstochastic,2048,0,0.0,1.0,0.018901037818839048,0.981098962181161,875
toy,c31_switching_plane,,UNIFORM_16,v1-unchanged-finite-nonstochastic,32,0,0.0,1.0,0.018901037818839048,0.981098962181161,875
toy,c31_switching_plane,,UNIFORM_16,v1-unchanged-finite-nonstochastic,64,0,0.0,1.0,0.018901037818839048,0.981098962181161,875
toy,c31_switching_plane,,UNIFORM_16,v1-unchanged-finite-nonstochastic,128,0,0.0,1.0,0.018901037818839048,0.981098962181161,875
toy,c31_switching_plane,,UNIFORM_16,v1-unchanged-finite-nonstochastic,256,0,0.0,1.0,0.018901037818839048,0.981098962181161,875
toy,c31_switching_plane,,UNIFORM_16,v1-unchanged-finite-nonstochastic,512,0,0.0,1.0,0.018901037818839048,0.981098962181161,875
toy,c31_switching_plane,,UNIFORM_16,v1-unchanged-finite-nonstochastic,1024,0,0.0,1.0,0.018901037818839048,0.981098962181161,875
toy,c31_switching_plane,,UNIFORM_16,v1-unchanged-finite-nonstochastic,2048,0,0.0,1.0,0.018901037818839048,0.981098962181161,875
toy,c31_switching_plane,,STOCHASTIC_4,v2-stochastic-seedkey,32,510,0.99609375,0.00390625,0.9999790251705833,2.0974829416653407e-05,875
toy,c31_switching_plane,,STOCHASTIC_4,v2-stochastic-seedkey,64,512,1.0,0.0,1.0,0.0,875
toy,c31_switching_plane,,STOCHASTIC_4,v2-stochastic-seedkey,128,512,1.0,0.0,1.0,0.0,875
toy,c31_switching_plane,,STOCHASTIC_4,v2-stochastic-seedkey,256,512,1.0,0.0,1.0,0.0,875
toy,c31_switching_plane,,STOCHASTIC_4,v2-stochastic-seedkey,512,512,1.0,0.0,1.0,0.0,875
toy,c31_switching_plane,,STOCHASTIC_4,v2-stochastic-seedkey,1024,512,1.0,0.0,1.0,0.0,875
toy,c31_switching_plane,,STOCHASTIC_4,v2-stochastic-seedkey,2048,512,1.0,0.0,1.0,0.0,875
toy,c31_switching_plane,,FULL_RESIDUAL_4_4,v1-unchanged-finite-nonstochastic,32,0,0.0,1.0,0.018901037818839048,0.981098962181161,875
toy,c31_switching_plane,,FULL_RESIDUAL_4_4,v1-unchanged-finite-nonstochastic,64,0,0.0,1.0,0.018901037818839048,0.981098962181161,875
toy,c31_switching_plane,,FULL_RESIDUAL_4_4,v1-unchanged-finite-nonstochastic,128,0,0.0,1.0,0.018901037818839048,0.981098962181161,875
toy,c31_switching_plane,,FULL_RESIDUAL_4_4,v1-unchanged-finite-nonstochastic,256,0,0.0,1.0,0.018901037818839048,0.981098962181161,875
toy,c31_switching_plane,,FULL_RESIDUAL_4_4,v1-unchanged-finite-nonstochastic,512,0,0.0,1.0,0.018901037818839048,0.981098962181161,875
toy,c31_switching_plane,,FULL_RESIDUAL_4_4,v1-unchanged-finite-nonstochastic,1024,0,0.0,1.0,0.018901037818839048,0.981098962181161,875
toy,c31_switching_plane,,FULL_RESIDUAL_4_4,v1-unchanged-finite-nonstochastic,2048,0,0.0,1.0,0.018901037818839048,0.981098962181161,875
toy,c31_switching_plane,,FULL_RESIDUAL_4_FP32,v1-unchanged-finite-nonstochastic,32,0,0.0,1.0,0.018901037818839048,0.981098962181161,875
toy,c31_switching_plane,,FULL_RESIDUAL_4_FP32,v1-unchanged-finite-nonstochastic,64,0,0.0,1.0,0.018901037818839048,0.981098962181161,875
toy,c31_switching_plane,,FULL_RESIDUAL_4_FP32,v1-unchanged-finite-nonstochastic,128,0,0.0,1.0,0.018901037818839048,0.981098962181161,875
toy,c31_switching_plane,,FULL_RESIDUAL_4_FP32,v1-unchanged-finite-nonstochastic,256,0,0.0,1.0,0.018901037818839048,0.981098962181161,875
toy,c31_switching_plane,,FULL_RESIDUAL_4_FP32,v1-unchanged-finite-nonstochastic,512,0,0.0,1.0,0.018901037818839048,0.981098962181161,875
toy,c31_switching_plane,,FULL_RESIDUAL_4_FP32,v1-unchanged-finite-nonstochastic,1024,0,0.0,1.0,0.018901037818839048,0.981098962181161,875
toy,c31_switching_plane,,FULL_RESIDUAL_4_FP32,v1-unchanged-finite-nonstochastic,2048,0,0.0,1.0,0.018901037818839048,0.981098962181161,875
toy,c31_switching_plane,,LOWRANK_4_8,v1-unchanged-finite-nonstochastic,32,0,0.0,1.0,0.018901037818839048,0.981098962181161,875
toy,c31_switching_plane,,LOWRANK_4_8,v1-unchanged-finite-nonstochastic,64,491,0.958984375,0.041015625,0.9847493938083381,0.015250606191661853,875
toy,c31_switching_plane,,LOWRANK_4_8,v1-unchanged-finite-nonstochastic,128,508,0.9921875,0.0078125,0.999607761224616,0.00039223877538396845,875
toy,c31_switching_plane,,LOWRANK_4_8,v1-unchanged-finite-nonstochastic,256,512,1.0,0.0,1.0,0.0,875
toy,c31_switching_plane,,LOWRANK_4_8,v1-unchanged-finite-nonstochastic,512,512,1.0,0.0,1.0,0.0,875
toy,c31_switching_plane,,LOWRANK_4_8,v1-unchanged-finite-nonstochastic,1024,512,1.0,0.0,1.0,0.0,875
toy,c31_switching_plane,,LOWRANK_4_8,v1-unchanged-finite-nonstochastic,2048,512,1.0,0.0,1.0,0.0,875
toy,c31_switching_plane,,UNTRANSPORTED_4_4,v1-unchanged-finite-nonstochastic,32,499,0.974609375,0.025390625,0.9933021150057626,0.006697884994237402,875
toy,c31_switching_plane,,UNTRANSPORTED_4_4,v1-unchanged-finite-nonstochastic,64,512,1.0,0.0,1.0,0.0,875
toy,c31_switching_plane,,UNTRANSPORTED_4_4,v1-unchanged-finite-nonstochastic,128,512,1.0,0.0,1.0,0.0,875
toy,c31_switching_plane,,UNTRANSPORTED_4_4,v1-unchanged-finite-nonstochastic,256,512,1.0,0.0,1.0,0.0,875
toy,c31_switching_plane,,UNTRANSPORTED_4_4,v1-unchanged-finite-nonstochastic,512,512,1.0,0.0,1.0,0.0,875
toy,c31_switching_plane,,UNTRANSPORTED_4_4,v1-unchanged-finite-nonstochastic,1024,512,1.0,0.0,1.0,0.0,875
toy,c31_switching_plane,,UNTRANSPORTED_4_4,v1-unchanged-finite-nonstochastic,2048,512,1.0,0.0,1.0,0.0,875
toy,c31_switching_plane,,MIXED_4_8,v1-unchanged-finite-nonstochastic,32,383,0.748046875,0.251953125,0.8175314424591194,0.18246855754088065,875
toy,c31_switching_plane,,MIXED_4_8,v1-unchanged-finite-nonstochastic,64,506,0.98828125,0.01171875,0.998737188370706,0.0012628116292939806,875
toy,c31_switching_plane,,MIXED_4_8,v1-unchanged-finite-nonstochastic,128,512,1.0,0.0,1.0,0.0,875
toy,c31_switching_plane,,MIXED_4_8,v1-unchanged-finite-nonstochastic,256,512,1.0,0.0,1.0,0.0,875
toy,c31_switching_plane,,MIXED_4_8,v1-unchanged-finite-nonstochastic,512,512,1.0,0.0,1.0,0.0,875
toy,c31_switching_plane,,MIXED_4_8,v1-unchanged-finite-nonstochastic,1024,512,1.0,0.0,1.0,0.0,875
toy,c31_switching_plane,,MIXED_4_8,v1-unchanged-finite-nonstochastic,2048,512,1.0,0.0,1.0,0.0,875
toy,c31_switching_plane,,MIXED_6_8,v1-unchanged-finite-nonstochastic,32,0,0.0,1.0,0.018901037818839048,0.981098962181161,875
toy,c31_switching_plane,,MIXED_6_8,v1-unchanged-finite-nonstochastic,64,20,0.0390625,0.9609375,0.08293724671072444,0.9170627532892756,875
toy,c31_switching_plane,,MIXED_6_8,v1-unchanged-finite-nonstochastic,128,97,0.189453125,0.810546875,0.2631484345725539,0.7368515654274461,875
toy,c31_switching_plane,,MIXED_6_8,v1-unchanged-finite-nonstochastic,256,239,0.466796875,0.533203125,0.5528335741634273,0.44716642583657273,875
toy,c31_switching_plane,,MIXED_6_8,v1-unchanged-finite-nonstochastic,512,394,0.76953125,0.23046875,0.8363985950455445,0.16360140495445552,875
toy,c31_switching_plane,,MIXED_6_8,v1-unchanged-finite-nonstochastic,1024,493,0.962890625,0.037109375,0.9870380733730387,0.012961926626961273,875
toy,c31_switching_plane,,MIXED_6_8,v1-unchanged-finite-nonstochastic,2048,511,0.998046875,0.001953125,0.9999998883896746,1.1161032542617022e-07,875
toy,c31_switching_plane,,COEFFICIENT_INT8_FP32,v1-unchanged-finite-nonstochastic,32,0,0.0,1.0,0.018901037818839048,0.981098962181161,875
toy,c31_switching_plane,,COEFFICIENT_INT8_FP32,v1-unchanged-finite-nonstochastic,64,0,0.0,1.0,0.018901037818839048,0.981098962181161,875
toy,c31_switching_plane,,COEFFICIENT_INT8_FP32,v1-unchanged-finite-nonstochastic,128,1,0.001953125,0.998046875,0.023879245256461512,0.9761207547435384,875
toy,c31_switching_plane,,COEFFICIENT_INT8_FP32,v1-unchanged-finite-nonstochastic,256,15,0.029296875,0.970703125,0.06928849959485359,0.9307115004051464,875
toy,c31_switching_plane,,COEFFICIENT_INT8_FP32,v1-unchanged-finite-nonstochastic,512,80,0.15625,0.84375,0.22580662321691522,0.7741933767830848,875
toy,c31_switching_plane,,COEFFICIENT_INT8_FP32,v1-unchanged-finite-nonstochastic,1024,215,0.419921875,0.580078125,0.506005563493484,0.493994436506516,875
toy,c31_switching_plane,,COEFFICIENT_INT8_FP32,v1-unchanged-finite-nonstochastic,2048,371,0.724609375,0.275390625,0.7966793536212687,0.20332064637873126,875
learned,learned_s3,0,FULL_RESIDUAL_4_4,frozen-learned-primary,32,0,0.0,1.0,0.017996927961500465,0.9820030720384996,546
learned,learned_s3,0,FULL_RESIDUAL_4_4,frozen-learned-primary,64,0,0.0,1.0,0.017996927961500465,0.9820030720384996,546
learned,learned_s3,0,FULL_RESIDUAL_4_4,frozen-learned-primary,128,19,0.037109375,0.962890625,0.07871423150530982,0.9212857684946902,546
learned,learned_s3,0,FULL_RESIDUAL_4_4,frozen-learned-primary,256,243,0.474609375,0.525390625,0.5580133517311063,0.44198664826889367,546
learned,learned_s3,0,FULL_RESIDUAL_4_4,frozen-learned-primary,512,489,0.955078125,0.044921875,0.981805902197242,0.018194097802758047,546
learned,learned_s3,0,FULL_RESIDUAL_4_4,frozen-learned-primary,1024,512,1.0,0.0,1.0,0.0,546
learned,learned_s3,0,FULL_RESIDUAL_4_4,frozen-learned-primary,2048,512,1.0,0.0,1.0,0.0,546
learned,learned_s3,0,FULL_RESIDUAL_4_8,frozen-learned-primary,32,0,0.0,1.0,0.017996927961500465,0.9820030720384996,546
learned,learned_s3,0,FULL_RESIDUAL_4_8,frozen-learned-primary,64,0,0.0,1.0,0.017996927961500465,0.9820030720384996,546
learned,learned_s3,0,FULL_RESIDUAL_4_8,frozen-learned-primary,128,18,0.03515625,0.96484375,0.0760303754203286,0.9239696245796714,546
learned,learned_s3,0,FULL_RESIDUAL_4_8,frozen-learned-primary,256,234,0.45703125,0.54296875,0.5405732661723032,0.45942673382769683,546
learned,learned_s3,0,FULL_RESIDUAL_4_8,frozen-learned-primary,512,489,0.955078125,0.044921875,0.981805902197242,0.018194097802758047,546
learned,learned_s3,0,FULL_RESIDUAL_4_8,frozen-learned-primary,1024,512,1.0,0.0,1.0,0.0,546
learned,learned_s3,0,FULL_RESIDUAL_4_8,frozen-learned-primary,2048,512,1.0,0.0,1.0,0.0,546
learned,learned_s3,0,FULL_RESIDUAL_4_FP32,frozen-learned-primary,32,0,0.0,1.0,0.017996927961500465,0.9820030720384996,546
learned,learned_s3,0,FULL_RESIDUAL_4_FP32,frozen-learned-primary,64,0,0.0,1.0,0.017996927961500465,0.9820030720384996,546
learned,learned_s3,0,FULL_RESIDUAL_4_FP32,frozen-learned-primary,128,18,0.03515625,0.96484375,0.0760303754203286,0.9239696245796714,546
learned,learned_s3,0,FULL_RESIDUAL_4_FP32,frozen-learned-primary,256,233,0.455078125,0.544921875,0.5386292095308438,0.4613707904691562,546
learned,learned_s3,0,FULL_RESIDUAL_4_FP32,frozen-learned-primary,512,489,0.955078125,0.044921875,0.981805902197242,0.018194097802758047,546
learned,learned_s3,0,FULL_RESIDUAL_4_FP32,frozen-learned-primary,1024,512,1.0,0.0,1.0,0.0,546
learned,learned_s3,0,FULL_RESIDUAL_4_FP32,frozen-learned-primary,2048,512,1.0,0.0,1.0,0.0,546
learned,learned_s3,0,LOWRANK_4_8_R1,frozen-learned-primary,32,0,0.0,1.0,0.017996927961500465,0.9820030720384996,546
learned,learned_s3,0,LOWRANK_4_8_R1,frozen-learned-primary,64,0,0.0,1.0,0.017996927961500465,0.9820030720384996,546
learned,learned_s3,0,LOWRANK_4_8_R1,frozen-learned-primary,128,80,0.15625,0.84375,0.22356202304088746,0.7764379769591125,546
learned,learned_s3,0,LOWRANK_4_8_R1,frozen-learned-primary,256,408,0.796875,0.203125,0.8583286954228492,0.14167130457715083,546
learned,learned_s3,0,LOWRANK_4_8_R1,frozen-learned-primary,512,512,1.0,0.0,1.0,0.0,546
learned,learned_s3,0,LOWRANK_4_8_R1,frozen-learned-primary,1024,512,1.0,0.0,1.0,0.0,546
learned,learned_s3,0,LOWRANK_4_8_R1,frozen-learned-primary,2048,512,1.0,0.0,1.0,0.0,546
learned,learned_s3,0,LOWRANK_4_8_R2,frozen-learned-primary,32,0,0.0,1.0,0.017996927961500465,0.9820030720384996,546
learned,learned_s3,0,LOWRANK_4_8_R2,frozen-learned-primary,64,1,0.001953125,0.998046875,0.022904422082748174,0.9770955779172519,546
learned,learned_s3,0,LOWRANK_4_8_R2,frozen-learned-primary,128,14,0.02734375,0.97265625,0.06504679039111078,0.9349532096088893,546
learned,learned_s3,0,LOWRANK_4_8_R2,frozen-learned-primary,256,244,0.4765625,0.5234375,0.5599448875654769,0.4400551124345231,546
learned,learned_s3,0,LOWRANK_4_8_R2,frozen-learned-primary,512,489,0.955078125,0.044921875,0.981805902197242,0.018194097802758047,546
learned,learned_s3,0,LOWRANK_4_8_R2,frozen-learned-primary,1024,511,0.998046875,0.001953125,0.9999998211342254,1.788657746359945e-07,546
learned,learned_s3,0,LOWRANK_4_8_R2,frozen-learned-primary,2048,512,1.0,0.0,1.0,0.0,546
learned,learned_s3,0,LOWRANK_4_8_R4,frozen-learned-primary,32,0,0.0,1.0,0.017996927961500465,0.9820030720384996,546
learned,learned_s3,0,LOWRANK_4_8_R4,frozen-learned-primary,64,0,0.0,1.0,0.017996927961500465,0.9820030720384996,546
learned,learned_s3,0,LOWRANK_4_8_R4,frozen-learned-primary,128,15,0.029296875,0.970703125,0.06783418361152173,0.9321658163884783,546
learned,learned_s3,0,LOWRANK_4_8_R4,frozen-learned-primary,256,329,0.642578125,0.357421875,0.7195075248147202,0.28049247518527975,546
learned,learned_s3,0,LOWRANK_4_8_R4,frozen-learned-primary,512,509,0.994140625,0.005859375,0.9998363504624042,0.00016364953759584466,546
learned,learned_s3,0,LOWRANK_4_8_R4,frozen-learned-primary,1024,512,1.0,0.0,1.0,0.0,546
learned,learned_s3,0,LOWRANK_4_8_R4,frozen-learned-primary,2048,512,1.0,0.0,1.0,0.0,546
learned,learned_s3,0,MIXED_4_8,frozen-learned-primary,32,0,0.0,1.0,0.017996927961500465,0.9820030720384996,546
learned,learned_s3,0,MIXED_4_8,frozen-learned-primary,64,0,0.0,1.0,0.017996927961500465,0.9820030720384996,546
learned,learned_s3,0,MIXED_4_8,frozen-learned-primary,128,19,0.037109375,0.962890625,0.07871423150530982,0.9212857684946902,546
learned,learned_s3,0,MIXED_4_8,frozen-learned-primary,256,352,0.6875,0.3125,0.761010218292529,0.23898978170747098,546
learned,learned_s3,0,MIXED_4_8,frozen-learned-primary,512,510,0.99609375,0.00390625,0.9999734221772335,2.6577822766493675e-05,546
learned,learned_s3,0,MIXED_4_8,frozen-learned-primary,1024,512,1.0,0.0,1.0,0.0,546
learned,learned_s3,0,MIXED_4_8,frozen-learned-primary,2048,512,1.0,0.0,1.0,0.0,546
learned,learned_s3,0,MIXED_6_8,frozen-learned-primary,32,0,0.0,1.0,0.017996927961500465,0.9820030720384996,546
learned,learned_s3,0,MIXED_6_8,frozen-learned-primary,64,0,0.0,1.0,0.017996927961500465,0.9820030720384996,546
learned,learned_s3,0,MIXED_6_8,frozen-learned-primary,128,14,0.02734375,0.97265625,0.06504679039111078,0.9349532096088893,546
learned,learned_s3,0,MIXED_6_8,frozen-learned-primary,256,247,0.482421875,0.517578125,0.5657320134370891,0.4342679865629109,546
learned,learned_s3,0,MIXED_6_8,frozen-learned-primary,512,494,0.96484375,0.03515625,0.9876903146484421,0.012309685351557853,546
learned,learned_s3,0,MIXED_6_8,frozen-learned-primary,1024,512,1.0,0.0,1.0,0.0,546
learned,learned_s3,0,MIXED_6_8,frozen-learned-primary,2048,512,1.0,0.0,1.0,0.0,546
learned,learned_s3,0,NATIVE_FP32,frozen-learned-primary,32,0,0.0,1.0,0.017996927961500465,0.9820030720384996,546
learned,learned_s3,0,NATIVE_FP32,frozen-learned-primary,64,0,0.0,1.0,0.017996927961500465,0.9820030720384996,546
learned,learned_s3,0,NATIVE_FP32,frozen-learned-primary,128,18,0.03515625,0.96484375,0.0760303754203286,0.9239696245796714,546
learned,learned_s3,0,NATIVE_FP32,frozen-learned-primary,256,233,0.455078125,0.544921875,0.5386292095308438,0.4613707904691562,546
learned,learned_s3,0,NATIVE_FP32,frozen-learned-primary,512,489,0.955078125,0.044921875,0.981805902197242,0.018194097802758047,546
learned,learned_s3,0,NATIVE_FP32,frozen-learned-primary,1024,512,1.0,0.0,1.0,0.0,546
learned,learned_s3,0,NATIVE_FP32,frozen-learned-primary,2048,512,1.0,0.0,1.0,0.0,546
learned,learned_s3,0,STOCHASTIC_4,frozen-learned-primary,32,8,0.015625,0.984375,0.04750190330918149,0.9524980966908185,546
learned,learned_s3,0,STOCHASTIC_4,frozen-learned-primary,64,175,0.341796875,0.658203125,0.4236482409522582,0.5763517590477418,546
learned,learned_s3,0,STOCHASTIC_4,frozen-learned-primary,128,471,0.919921875,0.080078125,0.9577273344482086,0.04227266555179143,546
learned,learned_s3,0,STOCHASTIC_4,frozen-learned-primary,256,512,1.0,0.0,1.0,0.0,546
learned,learned_s3,0,STOCHASTIC_4,frozen-learned-primary,512,512,1.0,0.0,1.0,0.0,546
learned,learned_s3,0,STOCHASTIC_4,frozen-learned-primary,1024,512,1.0,0.0,1.0,0.0,546
learned,learned_s3,0,STOCHASTIC_4,frozen-learned-primary,2048,512,1.0,0.0,1.0,0.0,546
learned,learned_s3,0,UNIFORM_10,frozen-learned-primary,32,0,0.0,1.0,0.017996927961500465,0.9820030720384996,546
learned,learned_s3,0,UNIFORM_10,frozen-learned-primary,64,0,0.0,1.0,0.017996927961500465,0.9820030720384996,546
learned,learned_s3,0,UNIFORM_10,frozen-learned-primary,128,18,0.03515625,0.96484375,0.0760303754203286,0.9239696245796714,546
learned,learned_s3,0,UNIFORM_10,frozen-learned-primary,256,230,0.44921875,0.55078125,0.5327894856250828,0.46721051437491723,546
learned,learned_s3,0,UNIFORM_10,frozen-learned-primary,512,489,0.955078125,0.044921875,0.981805902197242,0.018194097802758047,546
learned,learned_s3,0,UNIFORM_10,frozen-learned-primary,1024,512,1.0,0.0,1.0,0.0,546
learned,learned_s3,0,UNIFORM_10,frozen-learned-primary,2048,512,1.0,0.0,1.0,0.0,546
learned,learned_s3,0,UNIFORM_11,frozen-learned-primary,32,0,0.0,1.0,0.017996927961500465,0.9820030720384996,546
learned,learned_s3,0,UNIFORM_11,frozen-learned-primary,64,0,0.0,1.0,0.017996927961500465,0.9820030720384996,546
learned,learned_s3,0,UNIFORM_11,frozen-learned-primary,128,18,0.03515625,0.96484375,0.0760303754203286,0.9239696245796714,546
learned,learned_s3,0,UNIFORM_11,frozen-learned-primary,256,235,0.458984375,0.541015625,0.5425160659859528,0.4574839340140472,546
learned,learned_s3,0,UNIFORM_11,frozen-learned-primary,512,490,0.95703125,0.04296875,0.9830210736705866,0.016978926329413446,546
learned,learned_s3,0,UNIFORM_11,frozen-learned-primary,1024,512,1.0,0.0,1.0,0.0,546
learned,learned_s3,0,UNIFORM_11,frozen-learned-primary,2048,512,1.0,0.0,1.0,0.0,546
learned,learned_s3,0,UNIFORM_12,frozen-learned-primary,32,0,0.0,1.0,0.017996927961500465,0.9820030720384996,546
learned,learned_s3,0,UNIFORM_12,frozen-learned-primary,64,0,0.0,1.0,0.017996927961500465,0.9820030720384996,546
learned,learned_s3,0,UNIFORM_12,frozen-learned-primary,128,18,0.03515625,0.96484375,0.0760303754203286,0.9239696245796714,546
learned,learned_s3,0,UNIFORM_12,frozen-learned-primary,256,233,0.455078125,0.544921875,0.5386292095308438,0.4613707904691562,546
learned,learned_s3,0,UNIFORM_12,frozen-learned-primary,512,490,0.95703125,0.04296875,0.9830210736705866,0.016978926329413446,546
learned,learned_s3,0,UNIFORM_12,frozen-learned-primary,1024,512,1.0,0.0,1.0,0.0,546
learned,learned_s3,0,UNIFORM_12,frozen-learned-primary,2048,512,1.0,0.0,1.0,0.0,546
learned,learned_s3,0,UNIFORM_13,frozen-learned-primary,32,0,0.0,1.0,0.017996927961500465,0.9820030720384996,546
learned,learned_s3,0,UNIFORM_13,frozen-learned-primary,64,0,0.0,1.0,0.017996927961500465,0.9820030720384996,546
learned,learned_s3,0,UNIFORM_13,frozen-learned-primary,128,18,0.03515625,0.96484375,0.0760303754203286,0.9239696245796714,546
learned,learned_s3,0,UNIFORM_13,frozen-learned-primary,256,233,0.455078125,0.544921875,0.5386292095308438,0.4613707904691562,546
learned,learned_s3,0,UNIFORM_13,frozen-learned-primary,512,490,0.95703125,0.04296875,0.9830210736705866,0.016978926329413446,546
learned,learned_s3,0,UNIFORM_13,frozen-learned-primary,1024,512,1.0,0.0,1.0,0.0,546
learned,learned_s3,0,UNIFORM_13,frozen-learned-primary,2048,512,1.0,0.0,1.0,0.0,546
learned,learned_s3,0,UNIFORM_14,frozen-learned-primary,32,0,0.0,1.0,0.017996927961500465,0.9820030720384996,546
learned,learned_s3,0,UNIFORM_14,frozen-learned-primary,64,0,0.0,1.0,0.017996927961500465,0.9820030720384996,546
learned,learned_s3,0,UNIFORM_14,frozen-learned-primary,128,18,0.03515625,0.96484375,0.0760303754203286,0.9239696245796714,546
learned,learned_s3,0,UNIFORM_14,frozen-learned-primary,256,233,0.455078125,0.544921875,0.5386292095308438,0.4613707904691562,546
learned,learned_s3,0,UNIFORM_14,frozen-learned-primary,512,489,0.955078125,0.044921875,0.981805902197242,0.018194097802758047,546
learned,learned_s3,0,UNIFORM_14,frozen-learned-primary,1024,512,1.0,0.0,1.0,0.0,546
learned,learned_s3,0,UNIFORM_14,frozen-learned-primary,2048,512,1.0,0.0,1.0,0.0,546
learned,learned_s3,0,UNIFORM_15,frozen-learned-primary,32,0,0.0,1.0,0.017996927961500465,0.9820030720384996,546
learned,learned_s3,0,UNIFORM_15,frozen-learned-primary,64,0,0.0,1.0,0.017996927961500465,0.9820030720384996,546
learned,learned_s3,0,UNIFORM_15,frozen-learned-primary,128,18,0.03515625,0.96484375,0.0760303754203286,0.9239696245796714,546
learned,learned_s3,0,UNIFORM_15,frozen-learned-primary,256,233,0.455078125,0.544921875,0.5386292095308438,0.4613707904691562,546
learned,learned_s3,0,UNIFORM_15,frozen-learned-primary,512,490,0.95703125,0.04296875,0.9830210736705866,0.016978926329413446,546
learned,learned_s3,0,UNIFORM_15,frozen-learned-primary,1024,512,1.0,0.0,1.0,0.0,546
learned,learned_s3,0,UNIFORM_15,frozen-learned-primary,2048,512,1.0,0.0,1.0,0.0,546
learned,learned_s3,0,UNIFORM_16,frozen-learned-primary,32,0,0.0,1.0,0.017996927961500465,0.9820030720384996,546
learned,learned_s3,0,UNIFORM_16,frozen-learned-primary,64,0,0.0,1.0,0.017996927961500465,0.9820030720384996,546
learned,learned_s3,0,UNIFORM_16,frozen-learned-primary,128,18,0.03515625,0.96484375,0.0760303754203286,0.9239696245796714,546
learned,learned_s3,0,UNIFORM_16,frozen-learned-primary,256,233,0.455078125,0.544921875,0.5386292095308438,0.4613707904691562,546
learned,learned_s3,0,UNIFORM_16,frozen-learned-primary,512,489,0.955078125,0.044921875,0.981805902197242,0.018194097802758047,546
learned,learned_s3,0,UNIFORM_16,frozen-learned-primary,1024,512,1.0,0.0,1.0,0.0,546
learned,learned_s3,0,UNIFORM_16,frozen-learned-primary,2048,512,1.0,0.0,1.0,0.0,546
learned,learned_s3,0,UNIFORM_2,frozen-learned-primary,32,511,0.998046875,0.001953125,0.9999998211342254,1.788657746359945e-07,546
learned,learned_s3,0,UNIFORM_2,frozen-learned-primary,64,512,1.0,0.0,1.0,0.0,546
learned,learned_s3,0,UNIFORM_2,frozen-learned-primary,128,512,1.0,0.0,1.0,0.0,546
learned,learned_s3,0,UNIFORM_2,frozen-learned-primary,256,512,1.0,0.0,1.0,0.0,546
learned,learned_s3,0,UNIFORM_2,frozen-learned-primary,512,512,1.0,0.0,1.0,0.0,546
learned,learned_s3,0,UNIFORM_2,frozen-learned-primary,1024,512,1.0,0.0,1.0,0.0,546
learned,learned_s3,0,UNIFORM_2,frozen-learned-primary,2048,512,1.0,0.0,1.0,0.0,546
learned,learned_s3,0,UNIFORM_3,frozen-learned-primary,32,110,0.21484375,0.78515625,0.28876791119753187,0.7112320888024681,546
learned,learned_s3,0,UNIFORM_3,frozen-learned-primary,64,380,0.7421875,0.2578125,0.8104045555938394,0.1895954444061606,546
learned,learned_s3,0,UNIFORM_3,frozen-learned-primary,128,511,0.998046875,0.001953125,0.9999998211342254,1.788657746359945e-07,546
learned,learned_s3,0,UNIFORM_3,frozen-learned-primary,256,512,1.0,0.0,1.0,0.0,546
learned,learned_s3,0,UNIFORM_3,frozen-learned-primary,512,512,1.0,0.0,1.0,0.0,546
learned,learned_s3,0,UNIFORM_3,frozen-learned-primary,1024,512,1.0,0.0,1.0,0.0,546
learned,learned_s3,0,UNIFORM_3,frozen-learned-primary,2048,512,1.0,0.0,1.0,0.0,546
learned,learned_s3,0,UNIFORM_4,frozen-learned-primary,32,0,0.0,1.0,0.017996927961500465,0.9820030720384996,546
learned,learned_s3,0,UNIFORM_4,frozen-learned-primary,64,14,0.02734375,0.97265625,0.06504679039111078,0.9349532096088893,546
learned,learned_s3,0,UNIFORM_4,frozen-learned-primary,128,226,0.44140625,0.55859375,0.5249855074717305,0.47501449252826955,546
learned,learned_s3,0,UNIFORM_4,frozen-learned-primary,256,485,0.947265625,0.052734375,0.9767859754493614,0.02321402455063859,546
learned,learned_s3,0,UNIFORM_4,frozen-learned-primary,512,512,1.0,0.0,1.0,0.0,546
learned,learned_s3,0,UNIFORM_4,frozen-learned-primary,1024,512,1.0,0.0,1.0,0.0,546
learned,learned_s3,0,UNIFORM_4,frozen-learned-primary,2048,512,1.0,0.0,1.0,0.0,546
learned,learned_s3,0,UNIFORM_5,frozen-learned-primary,32,0,0.0,1.0,0.017996927961500465,0.9820030720384996,546
learned,learned_s3,0,UNIFORM_5,frozen-learned-primary,64,0,0.0,1.0,0.017996927961500465,0.9820030720384996,546
learned,learned_s3,0,UNIFORM_5,frozen-learned-primary,128,34,0.06640625,0.93359375,0.11701546500483852,0.8829845349951615,546
learned,learned_s3,0,UNIFORM_5,frozen-learned-primary,256,339,0.662109375,0.337890625,0.7376482016011563,0.2623517983988437,546
learned,learned_s3,0,UNIFORM_5,frozen-learned-primary,512,506,0.98828125,0.01171875,0.9986227039224261,0.001377296077573864,546
learned,learned_s3,0,UNIFORM_5,frozen-learned-primary,1024,512,1.0,0.0,1.0,0.0,546
learned,learned_s3,0,UNIFORM_5,frozen-learned-primary,2048,512,1.0,0.0,1.0,0.0,546
learned,learned_s3,0,UNIFORM_6,frozen-learned-primary,32,0,0.0,1.0,0.017996927961500465,0.9820030720384996,546
learned,learned_s3,0,UNIFORM_6,frozen-learned-primary,64,0,0.0,1.0,0.017996927961500465,0.9820030720384996,546
learned,learned_s3,0,UNIFORM_6,frozen-learned-primary,128,20,0.0390625,0.9609375,0.08137687841619139,0.9186231215838087,546
learned,learned_s3,0,UNIFORM_6,frozen-learned-primary,256,256,0.5,0.5,0.5830261635553478,0.41697383644465225,546
learned,learned_s3,0,UNIFORM_6,frozen-learned-primary,512,494,0.96484375,0.03515625,0.9876903146484421,0.012309685351557853,546
learned,learned_s3,0,UNIFORM_6,frozen-learned-primary,1024,512,1.0,0.0,1.0,0.0,546
learned,learned_s3,0,UNIFORM_6,frozen-learned-primary,2048,512,1.0,0.0,1.0,0.0,546
learned,learned_s3,0,UNIFORM_7,frozen-learned-primary,32,0,0.0,1.0,0.017996927961500465,0.9820030720384996,546
learned,learned_s3,0,UNIFORM_7,frozen-learned-primary,64,0,0.0,1.0,0.017996927961500465,0.9820030720384996,546
learned,learned_s3,0,UNIFORM_7,frozen-learned-primary,128,18,0.03515625,0.96484375,0.0760303754203286,0.9239696245796714,546
learned,learned_s3,0,UNIFORM_7,frozen-learned-primary,256,247,0.482421875,0.517578125,0.5657320134370891,0.4342679865629109,546
learned,learned_s3,0,UNIFORM_7,frozen-learned-primary,512,490,0.95703125,0.04296875,0.9830210736705866,0.016978926329413446,546
learned,learned_s3,0,UNIFORM_7,frozen-learned-primary,1024,512,1.0,0.0,1.0,0.0,546
learned,learned_s3,0,UNIFORM_7,frozen-learned-primary,2048,512,1.0,0.0,1.0,0.0,546
learned,learned_s3,0,UNIFORM_8,frozen-learned-primary,32,0,0.0,1.0,0.017996927961500465,0.9820030720384996,546
learned,learned_s3,0,UNIFORM_8,frozen-learned-primary,64,0,0.0,1.0,0.017996927961500465,0.9820030720384996,546
learned,learned_s3,0,UNIFORM_8,frozen-learned-primary,128,18,0.03515625,0.96484375,0.0760303754203286,0.9239696245796714,546
learned,learned_s3,0,UNIFORM_8,frozen-learned-primary,256,233,0.455078125,0.544921875,0.5386292095308438,0.4613707904691562,546
learned,learned_s3,0,UNIFORM_8,frozen-learned-primary,512,490,0.95703125,0.04296875,0.9830210736705866,0.016978926329413446,546
learned,learned_s3,0,UNIFORM_8,frozen-learned-primary,1024,512,1.0,0.0,1.0,0.0,546
learned,learned_s3,0,UNIFORM_8,frozen-learned-primary,2048,512,1.0,0.0,1.0,0.0,546
learned,learned_s3,0,UNIFORM_9,frozen-learned-primary,32,0,0.0,1.0,0.017996927961500465,0.9820030720384996,546
learned,learned_s3,0,UNIFORM_9,frozen-learned-primary,64,0,0.0,1.0,0.017996927961500465,0.9820030720384996,546
learned,learned_s3,0,UNIFORM_9,frozen-learned-primary,128,18,0.03515625,0.96484375,0.0760303754203286,0.9239696245796714,546
learned,learned_s3,0,UNIFORM_9,frozen-learned-primary,256,234,0.45703125,0.54296875,0.5405732661723032,0.45942673382769683,546
learned,learned_s3,0,UNIFORM_9,frozen-learned-primary,512,488,0.953125,0.046875,0.9805738955464157,0.01942610445358428,546
learned,learned_s3,0,UNIFORM_9,frozen-learned-primary,1024,512,1.0,0.0,1.0,0.0,546
learned,learned_s3,0,UNIFORM_9,frozen-learned-primary,2048,512,1.0,0.0,1.0,0.0,546
learned,learned_s3,0,UNTRANSPORTED_4_4,frozen-learned-primary,32,8,0.015625,0.984375,0.04750190330918149,0.9524980966908185,546
learned,learned_s3,0,UNTRANSPORTED_4_4,frozen-learned-primary,64,157,0.306640625,0.693359375,0.38701015709507475,0.6129898429049252,546
learned,learned_s3,0,UNTRANSPORTED_4_4,frozen-learned-primary,128,454,0.88671875,0.11328125,0.932555600145556,0.06744439985444395,546
learned,learned_s3,0,UNTRANSPORTED_4_4,frozen-learned-primary,256,512,1.0,0.0,1.0,0.0,546
learned,learned_s3,0,UNTRANSPORTED_4_4,frozen-learned-primary,512,512,1.0,0.0,1.0,0.0,546
learned,learned_s3,0,UNTRANSPORTED_4_4,frozen-learned-primary,1024,512,1.0,0.0,1.0,0.0,546
learned,learned_s3,0,UNTRANSPORTED_4_4,frozen-learned-primary,2048,512,1.0,0.0,1.0,0.0,546
learned,learned_s3,1,FULL_RESIDUAL_4_4,frozen-learned-primary,32,0,0.0,1.0,0.017996927961500465,0.9820030720384996,546
learned,learned_s3,1,FULL_RESIDUAL_4_4,frozen-learned-primary,64,3,0.005859375,0.994140625,0.030895099052133404,0.9691049009478666,546
learned,learned_s3,1,FULL_RESIDUAL_4_4,frozen-learned-primary,128,52,0.1015625,0.8984375,0.16004503261969105,0.839954967380309,546
learned,learned_s3,1,FULL_RESIDUAL_4_4,frozen-learned-primary,256,272,0.53125,0.46875,0.6135224160811487,0.38647758391885134,546
learned,learned_s3,1,FULL_RESIDUAL_4_4,frozen-learned-primary,512,480,0.9375,0.0625,0.9702100111681704,0.029789988831829595,546
learned,learned_s3,1,FULL_RESIDUAL_4_4,frozen-learned-primary,1024,512,1.0,0.0,1.0,0.0,546
learned,learned_s3,1,FULL_RESIDUAL_4_4,frozen-learned-primary,2048,512,1.0,0.0,1.0,0.0,546
learned,learned_s3,1,FULL_RESIDUAL_4_8,frozen-learned-primary,32,0,0.0,1.0,0.017996927961500465,0.9820030720384996,546
learned,learned_s3,1,FULL_RESIDUAL_4_8,frozen-learned-primary,64,3,0.005859375,0.994140625,0.030895099052133404,0.9691049009478666,546
learned,learned_s3,1,FULL_RESIDUAL_4_8,frozen-learned-primary,128,53,0.103515625,0.896484375,0.16237401896463163,0.8376259810353683,546
learned,learned_s3,1,FULL_RESIDUAL_4_8,frozen-learned-primary,256,280,0.546875,0.453125,0.628650577973819,0.37134942202618104,546
learned,learned_s3,1,FULL_RESIDUAL_4_8,frozen-learned-primary,512,478,0.93359375,0.06640625,0.9675010601315701,0.03249893986842989,546
learned,learned_s3,1,FULL_RESIDUAL_4_8,frozen-learned-primary,1024,512,1.0,0.0,1.0,0.0,546
learned,learned_s3,1,FULL_RESIDUAL_4_8,frozen-learned-primary,2048,512,1.0,0.0,1.0,0.0,546
learned,learned_s3,1,FULL_RESIDUAL_4_FP32,frozen-learned-primary,32,0,0.0,1.0,0.017996927961500465,0.9820030720384996,546
learned,learned_s3,1,FULL_RESIDUAL_4_FP32,frozen-learned-primary,64,3,0.005859375,0.994140625,0.030895099052133404,0.9691049009478666,546
learned,learned_s3,1,FULL_RESIDUAL_4_FP32,frozen-learned-primary,128,53,0.103515625,0.896484375,0.16237401896463163,0.8376259810353683,546
learned,learned_s3,1,FULL_RESIDUAL_4_FP32,frozen-learned-primary,256,280,0.546875,0.453125,0.628650577973819,0.37134942202618104,546
learned,learned_s3,1,FULL_RESIDUAL_4_FP32,frozen-learned-primary,512,478,0.93359375,0.06640625,0.9675010601315701,0.03249893986842989,546
learned,learned_s3,1,FULL_RESIDUAL_4_FP32,frozen-learned-primary,1024,512,1.0,0.0,1.0,0.0,546
learned,learned_s3,1,FULL_RESIDUAL_4_FP32,frozen-learned-primary,2048,512,1.0,0.0,1.0,0.0,546
learned,learned_s3,1,LOWRANK_4_8_R1,frozen-learned-primary,32,0,0.0,1.0,0.017996927961500465,0.9820030720384996,546
learned,learned_s3,1,LOWRANK_4_8_R1,frozen-learned-primary,64,11,0.021484375,0.978515625,0.056477770992436074,0.9435222290075639,546
learned,learned_s3,1,LOWRANK_4_8_R1,frozen-learned-primary,128,155,0.302734375,0.697265625,0.3829084884288542,0.6170915115711457,546
learned,learned_s3,1,LOWRANK_4_8_R1,frozen-learned-primary,256,430,0.83984375,0.16015625,0.8946830344179194,0.10531696558208059,546
learned,learned_s3,1,LOWRANK_4_8_R1,frozen-learned-primary,512,510,0.99609375,0.00390625,0.9999734221772335,2.6577822766493675e-05,546
learned,learned_s3,1,LOWRANK_4_8_R1,frozen-learned-primary,1024,512,1.0,0.0,1.0,0.0,546
learned,learned_s3,1,LOWRANK_4_8_R1,frozen-learned-primary,2048,512,1.0,0.0,1.0,0.0,546
learned,learned_s3,1,LOWRANK_4_8_R2,frozen-learned-primary,32,0,0.0,1.0,0.017996927961500465,0.9820030720384996,546
learned,learned_s3,1,LOWRANK_4_8_R2,frozen-learned-primary,64,4,0.0078125,0.9921875,0.03447739512203626,0.9655226048779637,546
learned,learned_s3,1,LOWRANK_4_8_R2,frozen-learned-primary,128,64,0.125,0.875,0.18766500965137356,0.8123349903486264,546
learned,learned_s3,1,LOWRANK_4_8_R2,frozen-learned-primary,256,366,0.71484375,0.28515625,0.7858732491324469,0.21412675086755306,546
learned,learned_s3,1,LOWRANK_4_8_R2,frozen-learned-primary,512,507,0.990234375,0.009765625,0.9991452561001598,0.0008547438998401935,546
learned,learned_s3,1,LOWRANK_4_8_R2,frozen-learned-primary,1024,512,1.0,0.0,1.0,0.0,546
learned,learned_s3,1,LOWRANK_4_8_R2,frozen-learned-primary,2048,512,1.0,0.0,1.0,0.0,546
learned,learned_s3,1,LOWRANK_4_8_R4,frozen-learned-primary,32,0,0.0,1.0,0.017996927961500465,0.9820030720384996,546
learned,learned_s3,1,LOWRANK_4_8_R4,frozen-learned-primary,64,3,0.005859375,0.994140625,0.030895099052133404,0.9691049009478666,546
learned,learned_s3,1,LOWRANK_4_8_R4,frozen-learned-primary,128,62,0.12109375,0.87890625,0.18310814842446713,0.8168918515755329,546
learned,learned_s3,1,LOWRANK_4_8_R4,frozen-learned-primary,256,333,0.650390625,0.349609375,0.726781055924429,0.273218944075571,546
learned,learned_s3,1,LOWRANK_4_8_R4,frozen-learned-primary,512,504,0.984375,0.015625,0.9973111165518423,0.002688883448157653,546
learned,learned_s3,1,LOWRANK_4_8_R4,frozen-learned-primary,1024,512,1.0,0.0,1.0,0.0,546
learned,learned_s3,1,LOWRANK_4_8_R4,frozen-learned-primary,2048,512,1.0,0.0,1.0,0.0,546
learned,learned_s3,1,MIXED_4_8,frozen-learned-primary,32,0,0.0,1.0,0.017996927961500465,0.9820030720384996,546
learned,learned_s3,1,MIXED_4_8,frozen-learned-primary,64,3,0.005859375,0.994140625,0.030895099052133404,0.9691049009478666,546
learned,learned_s3,1,MIXED_4_8,frozen-learned-primary,128,82,0.16015625,0.83984375,0.22798696427039322,0.7720130357296068,546
learned,learned_s3,1,MIXED_4_8,frozen-learned-primary,256,413,0.806640625,0.193359375,0.8667036520470178,0.13329634795298217,546
learned,learned_s3,1,MIXED_4_8,frozen-learned-primary,512,511,0.998046875,0.001953125,0.9999998211342254,1.788657746359945e-07,546
learned,learned_s3,1,MIXED_4_8,frozen-learned-primary,1024,512,1.0,0.0,1.0,0.0,546
learned,learned_s3,1,MIXED_4_8,frozen-learned-primary,2048,512,1.0,0.0,1.0,0.0,546
learned,learned_s3,1,MIXED_6_8,frozen-learned-primary,32,0,0.0,1.0,0.017996927961500465,0.9820030720384996,546
learned,learned_s3,1,MIXED_6_8,frozen-learned-primary,64,3,0.005859375,0.994140625,0.030895099052133404,0.9691049009478666,546
learned,learned_s3,1,MIXED_6_8,frozen-learned-primary,128,50,0.09765625,0.90234375,0.1553704525616621,0.8446295474383378,546
learned,learned_s3,1,MIXED_6_8,frozen-learned-primary,256,278,0.54296875,0.45703125,0.6248760753284532,0.37512392467154676,546
learned,learned_s3,1,MIXED_6_8,frozen-learned-primary,512,477,0.931640625,0.068359375,0.966131587814363,0.033868412185636965,546
learned,learned_s3,1,MIXED_6_8,frozen-learned-primary,1024,512,1.0,0.0,1.0,0.0,546
learned,learned_s3,1,MIXED_6_8,frozen-learned-primary,2048,512,1.0,0.0,1.0,0.0,546
learned,learned_s3,1,NATIVE_FP32,frozen-learned-primary,32,0,0.0,1.0,0.017996927961500465,0.9820030720384996,546
learned,learned_s3,1,NATIVE_FP32,frozen-learned-primary,64,3,0.005859375,0.994140625,0.030895099052133404,0.9691049009478666,546
learned,learned_s3,1,NATIVE_FP32,frozen-learned-primary,128,53,0.103515625,0.896484375,0.16237401896463163,0.8376259810353683,546
learned,learned_s3,1,NATIVE_FP32,frozen-learned-primary,256,280,0.546875,0.453125,0.628650577973819,0.37134942202618104,546
learned,learned_s3,1,NATIVE_FP32,frozen-learned-primary,512,478,0.93359375,0.06640625,0.9675010601315701,0.03249893986842989,546
learned,learned_s3,1,NATIVE_FP32,frozen-learned-primary,1024,512,1.0,0.0,1.0,0.0,546
learned,learned_s3,1,NATIVE_FP32,frozen-learned-primary,2048,512,1.0,0.0,1.0,0.0,546
learned,learned_s3,1,STOCHASTIC_4,frozen-learned-primary,32,27,0.052734375,0.947265625,0.09952428998954306,0.9004757100104569,546
learned,learned_s3,1,STOCHASTIC_4,frozen-learned-primary,64,258,0.50390625,0.49609375,0.5868556261162406,0.41314437388375935,546
learned,learned_s3,1,STOCHASTIC_4,frozen-learned-primary,128,482,0.94140625,0.05859375,0.9728760869372484,0.027123913062751637,546
learned,learned_s3,1,STOCHASTIC_4,frozen-learned-primary,256,512,1.0,0.0,1.0,0.0,546
learned,learned_s3,1,STOCHASTIC_4,frozen-learned-primary,512,512,1.0,0.0,1.0,0.0,546
learned,learned_s3,1,STOCHASTIC_4,frozen-learned-primary,1024,512,1.0,0.0,1.0,0.0,546
learned,learned_s3,1,STOCHASTIC_4,frozen-learned-primary,2048,512,1.0,0.0,1.0,0.0,546
learned,learned_s3,1,UNIFORM_10,frozen-learned-primary,32,0,0.0,1.0,0.017996927961500465,0.9820030720384996,546
learned,learned_s3,1,UNIFORM_10,frozen-learned-primary,64,3,0.005859375,0.994140625,0.030895099052133404,0.9691049009478666,546
learned,learned_s3,1,UNIFORM_10,frozen-learned-primary,128,52,0.1015625,0.8984375,0.16004503261969105,0.839954967380309,546
learned,learned_s3,1,UNIFORM_10,frozen-learned-primary,256,276,0.5390625,0.4609375,0.6210965410509374,0.37890345894906263,546
learned,learned_s3,1,UNIFORM_10,frozen-learned-primary,512,479,0.935546875,0.064453125,0.9688606708639708,0.031139329136029237,546
learned,learned_s3,1,UNIFORM_10,frozen-learned-primary,1024,512,1.0,0.0,1.0,0.0,546
learned,learned_s3,1,UNIFORM_10,frozen-learned-primary,2048,512,1.0,0.0,1.0,0.0,546
learned,learned_s3,1,UNIFORM_11,frozen-learned-primary,32,0,0.0,1.0,0.017996927961500465,0.9820030720384996,546
learned,learned_s3,1,UNIFORM_11,frozen-learned-primary,64,3,0.005859375,0.994140625,0.030895099052133404,0.9691049009478666,546
learned,learned_s3,1,UNIFORM_11,frozen-learned-primary,128,53,0.103515625,0.896484375,0.16237401896463163,0.8376259810353683,546
learned,learned_s3,1,UNIFORM_11,frozen-learned-primary,256,279,0.544921875,0.455078125,0.6267639562585241,0.3732360437414759,546
learned,learned_s3,1,UNIFORM_11,frozen-learned-primary,512,478,0.93359375,0.06640625,0.9675010601315701,0.03249893986842989,546
learned,learned_s3,1,UNIFORM_11,frozen-learned-primary,1024,512,1.0,0.0,1.0,0.0,546
learned,learned_s3,1,UNIFORM_11,frozen-learned-primary,2048,512,1.0,0.0,1.0,0.0,546
learned,learned_s3,1,UNIFORM_12,frozen-learned-primary,32,0,0.0,1.0,0.017996927961500465,0.9820030720384996,546
learned,learned_s3,1,UNIFORM_12,frozen-learned-primary,64,3,0.005859375,0.994140625,0.030895099052133404,0.9691049009478666,546
learned,learned_s3,1,UNIFORM_12,frozen-learned-primary,128,52,0.1015625,0.8984375,0.16004503261969105,0.839954967380309,546
learned,learned_s3,1,UNIFORM_12,frozen-learned-primary,256,281,0.548828125,0.451171875,0.6305359390925172,0.36946406090748285,546
learned,learned_s3,1,UNIFORM_12,frozen-learned-primary,512,478,0.93359375,0.06640625,0.9675010601315701,0.03249893986842989,546
learned,learned_s3,1,UNIFORM_12,frozen-learned-primary,1024,512,1.0,0.0,1.0,0.0,546
learned,learned_s3,1,UNIFORM_12,frozen-learned-primary,2048,512,1.0,0.0,1.0,0.0,546
learned,learned_s3,1,UNIFORM_13,frozen-learned-primary,32,0,0.0,1.0,0.017996927961500465,0.9820030720384996,546
learned,learned_s3,1,UNIFORM_13,frozen-learned-primary,64,3,0.005859375,0.994140625,0.030895099052133404,0.9691049009478666,546
learned,learned_s3,1,UNIFORM_13,frozen-learned-primary,128,53,0.103515625,0.896484375,0.16237401896463163,0.8376259810353683,546
learned,learned_s3,1,UNIFORM_13,frozen-learned-primary,256,280,0.546875,0.453125,0.628650577973819,0.37134942202618104,546
learned,learned_s3,1,UNIFORM_13,frozen-learned-primary,512,478,0.93359375,0.06640625,0.9675010601315701,0.03249893986842989,546
learned,learned_s3,1,UNIFORM_13,frozen-learned-primary,1024,512,1.0,0.0,1.0,0.0,546
learned,learned_s3,1,UNIFORM_13,frozen-learned-primary,2048,512,1.0,0.0,1.0,0.0,546
learned,learned_s3,1,UNIFORM_14,frozen-learned-primary,32,0,0.0,1.0,0.017996927961500465,0.9820030720384996,546
learned,learned_s3,1,UNIFORM_14,frozen-learned-primary,64,3,0.005859375,0.994140625,0.030895099052133404,0.9691049009478666,546
learned,learned_s3,1,UNIFORM_14,frozen-learned-primary,128,53,0.103515625,0.896484375,0.16237401896463163,0.8376259810353683,546
learned,learned_s3,1,UNIFORM_14,frozen-learned-primary,256,280,0.546875,0.453125,0.628650577973819,0.37134942202618104,546
learned,learned_s3,1,UNIFORM_14,frozen-learned-primary,512,478,0.93359375,0.06640625,0.9675010601315701,0.03249893986842989,546
learned,learned_s3,1,UNIFORM_14,frozen-learned-primary,1024,512,1.0,0.0,1.0,0.0,546
learned,learned_s3,1,UNIFORM_14,frozen-learned-primary,2048,512,1.0,0.0,1.0,0.0,546
learned,learned_s3,1,UNIFORM_15,frozen-learned-primary,32,0,0.0,1.0,0.017996927961500465,0.9820030720384996,546
learned,learned_s3,1,UNIFORM_15,frozen-learned-primary,64,3,0.005859375,0.994140625,0.030895099052133404,0.9691049009478666,546
learned,learned_s3,1,UNIFORM_15,frozen-learned-primary,128,53,0.103515625,0.896484375,0.16237401896463163,0.8376259810353683,546
learned,learned_s3,1,UNIFORM_15,frozen-learned-primary,256,280,0.546875,0.453125,0.628650577973819,0.37134942202618104,546
learned,learned_s3,1,UNIFORM_15,frozen-learned-primary,512,478,0.93359375,0.06640625,0.9675010601315701,0.03249893986842989,546
learned,learned_s3,1,UNIFORM_15,frozen-learned-primary,1024,512,1.0,0.0,1.0,0.0,546
learned,learned_s3,1,UNIFORM_15,frozen-learned-primary,2048,512,1.0,0.0,1.0,0.0,546
learned,learned_s3,1,UNIFORM_16,frozen-learned-primary,32,0,0.0,1.0,0.017996927961500465,0.9820030720384996,546
learned,learned_s3,1,UNIFORM_16,frozen-learned-primary,64,3,0.005859375,0.994140625,0.030895099052133404,0.9691049009478666,546
learned,learned_s3,1,UNIFORM_16,frozen-learned-primary,128,53,0.103515625,0.896484375,0.16237401896463163,0.8376259810353683,546
learned,learned_s3,1,UNIFORM_16,frozen-learned-primary,256,280,0.546875,0.453125,0.628650577973819,0.37134942202618104,546
learned,learned_s3,1,UNIFORM_16,frozen-learned-primary,512,478,0.93359375,0.06640625,0.9675010601315701,0.03249893986842989,546
learned,learned_s3,1,UNIFORM_16,frozen-learned-primary,1024,512,1.0,0.0,1.0,0.0,546
learned,learned_s3,1,UNIFORM_16,frozen-learned-primary,2048,512,1.0,0.0,1.0,0.0,546
learned,learned_s3,1,UNIFORM_2,frozen-learned-primary,32,511,0.998046875,0.001953125,0.9999998211342254,1.788657746359945e-07,546
learned,learned_s3,1,UNIFORM_2,frozen-learned-primary,64,512,1.0,0.0,1.0,0.0,546
learned,learned_s3,1,UNIFORM_2,frozen-learned-primary,128,512,1.0,0.0,1.0,0.0,546
learned,learned_s3,1,UNIFORM_2,frozen-learned-primary,256,512,1.0,0.0,1.0,0.0,546
learned,learned_s3,1,UNIFORM_2,frozen-learned-primary,512,512,1.0,0.0,1.0,0.0,546
learned,learned_s3,1,UNIFORM_2,frozen-learned-primary,1024,512,1.0,0.0,1.0,0.0,546
learned,learned_s3,1,UNIFORM_2,frozen-learned-primary,2048,512,1.0,0.0,1.0,0.0,546
learned,learned_s3,1,UNIFORM_3,frozen-learned-primary,32,193,0.376953125,0.623046875,0.4598146969318419,0.540185303068158,546
learned,learned_s3,1,UNIFORM_3,frozen-learned-primary,64,421,0.822265625,0.177734375,0.8799709596126202,0.12002904038737983,546
learned,learned_s3,1,UNIFORM_3,frozen-learned-primary,128,505,0.986328125,0.013671875,0.9980065231264705,0.001993476873529465,546
learned,learned_s3,1,UNIFORM_3,frozen-learned-primary,256,512,1.0,0.0,1.0,0.0,546
learned,learned_s3,1,UNIFORM_3,frozen-learned-primary,512,512,1.0,0.0,1.0,0.0,546
learned,learned_s3,1,UNIFORM_3,frozen-learned-primary,1024,512,1.0,0.0,1.0,0.0,546
learned,learned_s3,1,UNIFORM_3,frozen-learned-primary,2048,512,1.0,0.0,1.0,0.0,546
learned,learned_s3,1,UNIFORM_4,frozen-learned-primary,32,1,0.001953125,0.998046875,0.022904422082748174,0.9770955779172519,546
learned,learned_s3,1,UNIFORM_4,frozen-learned-primary,64,53,0.103515625,0.896484375,0.16237401896463163,0.8376259810353683,546
learned,learned_s3,1,UNIFORM_4,frozen-learned-primary,128,304,0.59375,0.40625,0.6735472123694531,0.32645278763054686,546
learned,learned_s3,1,UNIFORM_4,frozen-learned-primary,256,499,0.974609375,0.025390625,0.9929741346187945,0.007025865381205532,546
learned,learned_s3,1,UNIFORM_4,frozen-learned-primary,512,512,1.0,0.0,1.0,0.0,546
learned,learned_s3,1,UNIFORM_4,frozen-learned-primary,1024,512,1.0,0.0,1.0,0.0,546
learned,learned_s3,1,UNIFORM_4,frozen-learned-primary,2048,512,1.0,0.0,1.0,0.0,546
learned,learned_s3,1,UNIFORM_5,frozen-learned-primary,32,0,0.0,1.0,0.017996927961500465,0.9820030720384996,546
learned,learned_s3,1,UNIFORM_5,frozen-learned-primary,64,2,0.00390625,0.99609375,0.02708201308865391,0.9729179869113461,546
learned,learned_s3,1,UNIFORM_5,frozen-learned-primary,128,91,0.177734375,0.822265625,0.24775034580166966,0.7522496541983303,546
learned,learned_s3,1,UNIFORM_5,frozen-learned-primary,256,375,0.732421875,0.267578125,0.8016833372601928,0.1983166627398072,546
learned,learned_s3,1,UNIFORM_5,frozen-learned-primary,512,504,0.984375,0.015625,0.9973111165518423,0.002688883448157653,546
learned,learned_s3,1,UNIFORM_5,frozen-learned-primary,1024,512,1.0,0.0,1.0,0.0,546
learned,learned_s3,1,UNIFORM_5,frozen-learned-primary,2048,512,1.0,0.0,1.0,0.0,546
learned,learned_s3,1,UNIFORM_6,frozen-learned-primary,32,0,0.0,1.0,0.017996927961500465,0.9820030720384996,546
learned,learned_s3,1,UNIFORM_6,frozen-learned-primary,64,4,0.0078125,0.9921875,0.03447739512203626,0.9655226048779637,546
learned,learned_s3,1,UNIFORM_6,frozen-learned-primary,128,60,0.1171875,0.8828125,0.1785337585296127,0.8214662414703873,546
learned,learned_s3,1,UNIFORM_6,frozen-learned-primary,256,292,0.5703125,0.4296875,0.6511912555874894,0.34880874441251064,546
learned,learned_s3,1,UNIFORM_6,frozen-learned-primary,512,485,0.947265625,0.052734375,0.9767859754493614,0.02321402455063859,546
learned,learned_s3,1,UNIFORM_6,frozen-learned-primary,1024,511,0.998046875,0.001953125,0.9999998211342254,1.788657746359945e-07,546
learned,learned_s3,1,UNIFORM_6,frozen-learned-primary,2048,512,1.0,0.0,1.0,0.0,546
learned,learned_s3,1,UNIFORM_7,frozen-learned-primary,32,0,0.0,1.0,0.017996927961500465,0.9820030720384996,546
learned,learned_s3,1,UNIFORM_7,frozen-learned-primary,64,3,0.005859375,0.994140625,0.030895099052133404,0.9691049009478666,546
learned,learned_s3,1,UNIFORM_7,frozen-learned-primary,128,51,0.099609375,0.900390625,0.15771055720261873,0.8422894427973813,546
learned,learned_s3,1,UNIFORM_7,frozen-learned-primary,256,280,0.546875,0.453125,0.628650577973819,0.37134942202618104,546
learned,learned_s3,1,UNIFORM_7,frozen-learned-primary,512,478,0.93359375,0.06640625,0.9675010601315701,0.03249893986842989,546
learned,learned_s3,1,UNIFORM_7,frozen-learned-primary,1024,512,1.0,0.0,1.0,0.0,546
learned,learned_s3,1,UNIFORM_7,frozen-learned-primary,2048,512,1.0,0.0,1.0,0.0,546
learned,learned_s3,1,UNIFORM_8,frozen-learned-primary,32,0,0.0,1.0,0.017996927961500465,0.9820030720384996,546
learned,learned_s3,1,UNIFORM_8,frozen-learned-primary,64,3,0.005859375,0.994140625,0.030895099052133404,0.9691049009478666,546
learned,learned_s3,1,UNIFORM_8,frozen-learned-primary,128,52,0.1015625,0.8984375,0.16004503261969105,0.839954967380309,546
learned,learned_s3,1,UNIFORM_8,frozen-learned-primary,256,279,0.544921875,0.455078125,0.6267639562585241,0.3732360437414759,546
learned,learned_s3,1,UNIFORM_8,frozen-learned-primary,512,480,0.9375,0.0625,0.9702100111681704,0.029789988831829595,546
learned,learned_s3,1,UNIFORM_8,frozen-learned-primary,1024,512,1.0,0.0,1.0,0.0,546
learned,learned_s3,1,UNIFORM_8,frozen-learned-primary,2048,512,1.0,0.0,1.0,0.0,546
learned,learned_s3,1,UNIFORM_9,frozen-learned-primary,32,0,0.0,1.0,0.017996927961500465,0.9820030720384996,546
learned,learned_s3,1,UNIFORM_9,frozen-learned-primary,64,3,0.005859375,0.994140625,0.030895099052133404,0.9691049009478666,546
learned,learned_s3,1,UNIFORM_9,frozen-learned-primary,128,51,0.099609375,0.900390625,0.15771055720261873,0.8422894427973813,546
learned,learned_s3,1,UNIFORM_9,frozen-learned-primary,256,275,0.537109375,0.462890625,0.6192048901677106,0.38079510983228937,546
learned,learned_s3,1,UNIFORM_9,frozen-learned-primary,512,479,0.935546875,0.064453125,0.9688606708639708,0.031139329136029237,546
learned,learned_s3,1,UNIFORM_9,frozen-learned-primary,1024,512,1.0,0.0,1.0,0.0,546
learned,learned_s3,1,UNIFORM_9,frozen-learned-primary,2048,512,1.0,0.0,1.0,0.0,546
learned,learned_s3,1,UNTRANSPORTED_4_4,frozen-learned-primary,32,76,0.1484375,0.8515625,0.21467335680705843,0.7853266431929415,546
learned,learned_s3,1,UNTRANSPORTED_4_4,frozen-learned-primary,64,289,0.564453125,0.435546875,0.6455732606339311,0.35442673936606894,546
learned,learned_s3,1,UNTRANSPORTED_4_4,frozen-learned-primary,128,494,0.96484375,0.03515625,0.9876903146484421,0.012309685351557853,546
learned,learned_s3,1,UNTRANSPORTED_4_4,frozen-learned-primary,256,512,1.0,0.0,1.0,0.0,546
learned,learned_s3,1,UNTRANSPORTED_4_4,frozen-learned-primary,512,512,1.0,0.0,1.0,0.0,546
learned,learned_s3,1,UNTRANSPORTED_4_4,frozen-learned-primary,1024,512,1.0,0.0,1.0,0.0,546
learned,learned_s3,1,UNTRANSPORTED_4_4,frozen-learned-primary,2048,512,1.0,0.0,1.0,0.0,546
learned,learned_s3,2,FULL_RESIDUAL_4_4,frozen-learned-primary,32,0,0.0,1.0,0.017996927961500465,0.9820030720384996,546
learned,learned_s3,2,FULL_RESIDUAL_4_4,frozen-learned-primary,64,0,0.0,1.0,0.017996927961500465,0.9820030720384996,546
learned,learned_s3,2,FULL_RESIDUAL_4_4,frozen-learned-primary,128,15,0.029296875,0.970703125,0.06783418361152173,0.9321658163884783,546
learned,learned_s3,2,FULL_RESIDUAL_4_4,frozen-learned-primary,256,325,0.634765625,0.365234375,0.7122113827147838,0.2877886172852162,546
learned,learned_s3,2,FULL_RESIDUAL_4_4,frozen-learned-primary,512,512,1.0,0.0,1.0,0.0,546
learned,learned_s3,2,FULL_RESIDUAL_4_4,frozen-learned-primary,1024,512,1.0,0.0,1.0,0.0,546
learned,learned_s3,2,FULL_RESIDUAL_4_4,frozen-learned-primary,2048,512,1.0,0.0,1.0,0.0,546
learned,learned_s3,2,FULL_RESIDUAL_4_8,frozen-learned-primary,32,0,0.0,1.0,0.017996927961500465,0.9820030720384996,546
learned,learned_s3,2,FULL_RESIDUAL_4_8,frozen-learned-primary,64,0,0.0,1.0,0.017996927961500465,0.9820030720384996,546
learned,learned_s3,2,FULL_RESIDUAL_4_8,frozen-learned-primary,128,12,0.0234375,0.9765625,0.05937229652779416,0.9406277034722058,546
learned,learned_s3,2,FULL_RESIDUAL_4_8,frozen-learned-primary,256,324,0.6328125,0.3671875,0.7103838518024288,0.2896161481975712,546
learned,learned_s3,2,FULL_RESIDUAL_4_8,frozen-learned-primary,512,512,1.0,0.0,1.0,0.0,546
learned,learned_s3,2,FULL_RESIDUAL_4_8,frozen-learned-primary,1024,512,1.0,0.0,1.0,0.0,546
learned,learned_s3,2,FULL_RESIDUAL_4_8,frozen-learned-primary,2048,512,1.0,0.0,1.0,0.0,546
learned,learned_s3,2,FULL_RESIDUAL_4_FP32,frozen-learned-primary,32,0,0.0,1.0,0.017996927961500465,0.9820030720384996,546
learned,learned_s3,2,FULL_RESIDUAL_4_FP32,frozen-learned-primary,64,0,0.0,1.0,0.017996927961500465,0.9820030720384996,546
learned,learned_s3,2,FULL_RESIDUAL_4_FP32,frozen-learned-primary,128,12,0.0234375,0.9765625,0.05937229652779416,0.9406277034722058,546
learned,learned_s3,2,FULL_RESIDUAL_4_FP32,frozen-learned-primary,256,323,0.630859375,0.369140625,0.7085549322676259,0.2914450677323741,546
learned,learned_s3,2,FULL_RESIDUAL_4_FP32,frozen-learned-primary,512,512,1.0,0.0,1.0,0.0,546
learned,learned_s3,2,FULL_RESIDUAL_4_FP32,frozen-learned-primary,1024,512,1.0,0.0,1.0,0.0,546
learned,learned_s3,2,FULL_RESIDUAL_4_FP32,frozen-learned-primary,2048,512,1.0,0.0,1.0,0.0,546
learned,learned_s3,2,LOWRANK_4_8_R1,frozen-learned-primary,32,0,0.0,1.0,0.017996927961500465,0.9820030720384996,546
learned,learned_s3,2,LOWRANK_4_8_R1,frozen-learned-primary,64,0,0.0,1.0,0.017996927961500465,0.9820030720384996,546
learned,learned_s3,2,LOWRANK_4_8_R1,frozen-learned-primary,128,30,0.05859375,0.94140625,0.10708813440930842,0.8929118655906916,546
learned,learned_s3,2,LOWRANK_4_8_R1,frozen-learned-primary,256,418,0.81640625,0.18359375,0.8750156076612856,0.12498439233871439,546
learned,learned_s3,2,LOWRANK_4_8_R1,frozen-learned-primary,512,512,1.0,0.0,1.0,0.0,546
learned,learned_s3,2,LOWRANK_4_8_R1,frozen-learned-primary,1024,512,1.0,0.0,1.0,0.0,546
learned,learned_s3,2,LOWRANK_4_8_R1,frozen-learned-primary,2048,512,1.0,0.0,1.0,0.0,546
learned,learned_s3,2,LOWRANK_4_8_R2,frozen-learned-primary,32,0,0.0,1.0,0.017996927961500465,0.9820030720384996,546
learned,learned_s3,2,LOWRANK_4_8_R2,frozen-learned-primary,64,0,0.0,1.0,0.017996927961500465,0.9820030720384996,546
learned,learned_s3,2,LOWRANK_4_8_R2,frozen-learned-primary,128,14,0.02734375,0.97265625,0.06504679039111078,0.9349532096088893,546
learned,learned_s3,2,LOWRANK_4_8_R2,frozen-learned-primary,256,331,0.646484375,0.353515625,0.7231471374867409,0.27685286251325913,546
learned,learned_s3,2,LOWRANK_4_8_R2,frozen-learned-primary,512,512,1.0,0.0,1.0,0.0,546
learned,learned_s3,2,LOWRANK_4_8_R2,frozen-learned-primary,1024,512,1.0,0.0,1.0,0.0,546
learned,learned_s3,2,LOWRANK_4_8_R2,frozen-learned-primary,2048,512,1.0,0.0,1.0,0.0,546
learned,learned_s3,2,LOWRANK_4_8_R4,frozen-learned-primary,32,0,0.0,1.0,0.017996927961500465,0.9820030720384996,546
learned,learned_s3,2,LOWRANK_4_8_R4,frozen-learned-primary,64,0,0.0,1.0,0.017996927961500465,0.9820030720384996,546
learned,learned_s3,2,LOWRANK_4_8_R4,frozen-learned-primary,128,9,0.017578125,0.982421875,0.05054938506561575,0.9494506149343842,546
learned,learned_s3,2,LOWRANK_4_8_R4,frozen-learned-primary,256,312,0.609375,0.390625,0.6883464195321881,0.3116535804678119,546
learned,learned_s3,2,LOWRANK_4_8_R4,frozen-learned-primary,512,512,1.0,0.0,1.0,0.0,546
learned,learned_s3,2,LOWRANK_4_8_R4,frozen-learned-primary,1024,512,1.0,0.0,1.0,0.0,546
learned,learned_s3,2,LOWRANK_4_8_R4,frozen-learned-primary,2048,512,1.0,0.0,1.0,0.0,546
learned,learned_s3,2,MIXED_4_8,frozen-learned-primary,32,0,0.0,1.0,0.017996927961500465,0.9820030720384996,546
learned,learned_s3,2,MIXED_4_8,frozen-learned-primary,64,0,0.0,1.0,0.017996927961500465,0.9820030720384996,546
learned,learned_s3,2,MIXED_4_8,frozen-learned-primary,128,16,0.03125,0.96875,0.07059233317970393,0.9294076668202961,546
learned,learned_s3,2,MIXED_4_8,frozen-learned-primary,256,402,0.78515625,0.21484375,0.8482003337502082,0.1517996662497918,546
learned,learned_s3,2,MIXED_4_8,frozen-learned-primary,512,511,0.998046875,0.001953125,0.9999998211342254,1.788657746359945e-07,546
learned,learned_s3,2,MIXED_4_8,frozen-learned-primary,1024,512,1.0,0.0,1.0,0.0,546
learned,learned_s3,2,MIXED_4_8,frozen-learned-primary,2048,512,1.0,0.0,1.0,0.0,546
learned,learned_s3,2,MIXED_6_8,frozen-learned-primary,32,0,0.0,1.0,0.017996927961500465,0.9820030720384996,546
learned,learned_s3,2,MIXED_6_8,frozen-learned-primary,64,0,0.0,1.0,0.017996927961500465,0.9820030720384996,546
learned,learned_s3,2,MIXED_6_8,frozen-learned-primary,128,10,0.01953125,0.98046875,0.053538812737919925,0.9464611872620801,546
learned,learned_s3,2,MIXED_6_8,frozen-learned-primary,256,321,0.626953125,0.373046875,0.7048929456406345,0.29510705435936546,546
learned,learned_s3,2,MIXED_6_8,frozen-learned-primary,512,512,1.0,0.0,1.0,0.0,546
learned,learned_s3,2,MIXED_6_8,frozen-learned-primary,1024,512,1.0,0.0,1.0,0.0,546
learned,learned_s3,2,MIXED_6_8,frozen-learned-primary,2048,512,1.0,0.0,1.0,0.0,546
learned,learned_s3,2,NATIVE_FP32,frozen-learned-primary,32,0,0.0,1.0,0.017996927961500465,0.9820030720384996,546
learned,learned_s3,2,NATIVE_FP32,frozen-learned-primary,64,0,0.0,1.0,0.017996927961500465,0.9820030720384996,546
learned,learned_s3,2,NATIVE_FP32,frozen-learned-primary,128,12,0.0234375,0.9765625,0.05937229652779416,0.9406277034722058,546
learned,learned_s3,2,NATIVE_FP32,frozen-learned-primary,256,323,0.630859375,0.369140625,0.7085549322676259,0.2914450677323741,546
learned,learned_s3,2,NATIVE_FP32,frozen-learned-primary,512,512,1.0,0.0,1.0,0.0,546
learned,learned_s3,2,NATIVE_FP32,frozen-learned-primary,1024,512,1.0,0.0,1.0,0.0,546
learned,learned_s3,2,NATIVE_FP32,frozen-learned-primary,2048,512,1.0,0.0,1.0,0.0,546
learned,learned_s3,2,STOCHASTIC_4,frozen-learned-primary,32,0,0.0,1.0,0.017996927961500465,0.9820030720384996,546
learned,learned_s3,2,STOCHASTIC_4,frozen-learned-primary,64,23,0.044921875,0.955078125,0.08925109388976271,0.9107489061102373,546
learned,learned_s3,2,STOCHASTIC_4,frozen-learned-primary,128,417,0.814453125,0.185546875,0.8733584342464634,0.12664156575353658,546
learned,learned_s3,2,STOCHASTIC_4,frozen-learned-primary,256,512,1.0,0.0,1.0,0.0,546
learned,learned_s3,2,STOCHASTIC_4,frozen-learned-primary,512,512,1.0,0.0,1.0,0.0,546
learned,learned_s3,2,STOCHASTIC_4,frozen-learned-primary,1024,512,1.0,0.0,1.0,0.0,546
learned,learned_s3,2,STOCHASTIC_4,frozen-learned-primary,2048,512,1.0,0.0,1.0,0.0,546
learned,learned_s3,2,UNIFORM_10,frozen-learned-primary,32,0,0.0,1.0,0.017996927961500465,0.9820030720384996,546
learned,learned_s3,2,UNIFORM_10,frozen-learned-primary,64,0,0.0,1.0,0.017996927961500465,0.9820030720384996,546
learned,learned_s3,2,UNIFORM_10,frozen-learned-primary,128,12,0.0234375,0.9765625,0.05937229652779416,0.9406277034722058,546
learned,learned_s3,2,UNIFORM_10,frozen-learned-primary,256,326,0.63671875,0.36328125,0.7140375203102493,0.28596247968975075,546
learned,learned_s3,2,UNIFORM_10,frozen-learned-primary,512,512,1.0,0.0,1.0,0.0,546
learned,learned_s3,2,UNIFORM_10,frozen-learned-primary,1024,512,1.0,0.0,1.0,0.0,546
learned,learned_s3,2,UNIFORM_10,frozen-learned-primary,2048,512,1.0,0.0,1.0,0.0,546
learned,learned_s3,2,UNIFORM_11,frozen-learned-primary,32,0,0.0,1.0,0.017996927961500465,0.9820030720384996,546
learned,learned_s3,2,UNIFORM_11,frozen-learned-primary,64,0,0.0,1.0,0.017996927961500465,0.9820030720384996,546
learned,learned_s3,2,UNIFORM_11,frozen-learned-primary,128,12,0.0234375,0.9765625,0.05937229652779416,0.9406277034722058,546
learned,learned_s3,2,UNIFORM_11,frozen-learned-primary,256,324,0.6328125,0.3671875,0.7103838518024288,0.2896161481975712,546
learned,learned_s3,2,UNIFORM_11,frozen-learned-primary,512,512,1.0,0.0,1.0,0.0,546
learned,learned_s3,2,UNIFORM_11,frozen-learned-primary,1024,512,1.0,0.0,1.0,0.0,546
learned,learned_s3,2,UNIFORM_11,frozen-learned-primary,2048,512,1.0,0.0,1.0,0.0,546
learned,learned_s3,2,UNIFORM_12,frozen-learned-primary,32,0,0.0,1.0,0.017996927961500465,0.9820030720384996,546
learned,learned_s3,2,UNIFORM_12,frozen-learned-primary,64,0,0.0,1.0,0.017996927961500465,0.9820030720384996,546
learned,learned_s3,2,UNIFORM_12,frozen-learned-primary,128,12,0.0234375,0.9765625,0.05937229652779416,0.9406277034722058,546
learned,learned_s3,2,UNIFORM_12,frozen-learned-primary,256,324,0.6328125,0.3671875,0.7103838518024288,0.2896161481975712,546
learned,learned_s3,2,UNIFORM_12,frozen-learned-primary,512,512,1.0,0.0,1.0,0.0,546
learned,learned_s3,2,UNIFORM_12,frozen-learned-primary,1024,512,1.0,0.0,1.0,0.0,546
learned,learned_s3,2,UNIFORM_12,frozen-learned-primary,2048,512,1.0,0.0,1.0,0.0,546
learned,learned_s3,2,UNIFORM_13,frozen-learned-primary,32,0,0.0,1.0,0.017996927961500465,0.9820030720384996,546
learned,learned_s3,2,UNIFORM_13,frozen-learned-primary,64,0,0.0,1.0,0.017996927961500465,0.9820030720384996,546
learned,learned_s3,2,UNIFORM_13,frozen-learned-primary,128,12,0.0234375,0.9765625,0.05937229652779416,0.9406277034722058,546
learned,learned_s3,2,UNIFORM_13,frozen-learned-primary,256,322,0.62890625,0.37109375,0.706724628710992,0.29327537128900805,546
learned,learned_s3,2,UNIFORM_13,frozen-learned-primary,512,512,1.0,0.0,1.0,0.0,546
learned,learned_s3,2,UNIFORM_13,frozen-learned-primary,1024,512,1.0,0.0,1.0,0.0,546
learned,learned_s3,2,UNIFORM_13,frozen-learned-primary,2048,512,1.0,0.0,1.0,0.0,546
learned,learned_s3,2,UNIFORM_14,frozen-learned-primary,32,0,0.0,1.0,0.017996927961500465,0.9820030720384996,546
learned,learned_s3,2,UNIFORM_14,frozen-learned-primary,64,0,0.0,1.0,0.017996927961500465,0.9820030720384996,546
learned,learned_s3,2,UNIFORM_14,frozen-learned-primary,128,12,0.0234375,0.9765625,0.05937229652779416,0.9406277034722058,546
learned,learned_s3,2,UNIFORM_14,frozen-learned-primary,256,322,0.62890625,0.37109375,0.706724628710992,0.29327537128900805,546
learned,learned_s3,2,UNIFORM_14,frozen-learned-primary,512,512,1.0,0.0,1.0,0.0,546
learned,learned_s3,2,UNIFORM_14,frozen-learned-primary,1024,512,1.0,0.0,1.0,0.0,546
learned,learned_s3,2,UNIFORM_14,frozen-learned-primary,2048,512,1.0,0.0,1.0,0.0,546
learned,learned_s3,2,UNIFORM_15,frozen-learned-primary,32,0,0.0,1.0,0.017996927961500465,0.9820030720384996,546
learned,learned_s3,2,UNIFORM_15,frozen-learned-primary,64,0,0.0,1.0,0.017996927961500465,0.9820030720384996,546
learned,learned_s3,2,UNIFORM_15,frozen-learned-primary,128,12,0.0234375,0.9765625,0.05937229652779416,0.9406277034722058,546
learned,learned_s3,2,UNIFORM_15,frozen-learned-primary,256,322,0.62890625,0.37109375,0.706724628710992,0.29327537128900805,546
learned,learned_s3,2,UNIFORM_15,frozen-learned-primary,512,512,1.0,0.0,1.0,0.0,546
learned,learned_s3,2,UNIFORM_15,frozen-learned-primary,1024,512,1.0,0.0,1.0,0.0,546
learned,learned_s3,2,UNIFORM_15,frozen-learned-primary,2048,512,1.0,0.0,1.0,0.0,546
learned,learned_s3,2,UNIFORM_16,frozen-learned-primary,32,0,0.0,1.0,0.017996927961500465,0.9820030720384996,546
learned,learned_s3,2,UNIFORM_16,frozen-learned-primary,64,0,0.0,1.0,0.017996927961500465,0.9820030720384996,546
learned,learned_s3,2,UNIFORM_16,frozen-learned-primary,128,12,0.0234375,0.9765625,0.05937229652779416,0.9406277034722058,546
learned,learned_s3,2,UNIFORM_16,frozen-learned-primary,256,322,0.62890625,0.37109375,0.706724628710992,0.29327537128900805,546
learned,learned_s3,2,UNIFORM_16,frozen-learned-primary,512,512,1.0,0.0,1.0,0.0,546
learned,learned_s3,2,UNIFORM_16,frozen-learned-primary,1024,512,1.0,0.0,1.0,0.0,546
learned,learned_s3,2,UNIFORM_16,frozen-learned-primary,2048,512,1.0,0.0,1.0,0.0,546
learned,learned_s3,2,UNIFORM_2,frozen-learned-primary,32,509,0.994140625,0.005859375,0.9998363504624042,0.00016364953759584466,546
learned,learned_s3,2,UNIFORM_2,frozen-learned-primary,64,512,1.0,0.0,1.0,0.0,546
learned,learned_s3,2,UNIFORM_2,frozen-learned-primary,128,512,1.0,0.0,1.0,0.0,546
learned,learned_s3,2,UNIFORM_2,frozen-learned-primary,256,512,1.0,0.0,1.0,0.0,546
learned,learned_s3,2,UNIFORM_2,frozen-learned-primary,512,512,1.0,0.0,1.0,0.0,546
learned,learned_s3,2,UNIFORM_2,frozen-learned-primary,1024,512,1.0,0.0,1.0,0.0,546
learned,learned_s3,2,UNIFORM_2,frozen-learned-primary,2048,512,1.0,0.0,1.0,0.0,546
learned,learned_s3,2,UNIFORM_3,frozen-learned-primary,32,6,0.01171875,0.98828125,0.041190580683474615,0.9588094193165254,546
learned,learned_s3,2,UNIFORM_3,frozen-learned-primary,64,119,0.232421875,0.767578125,0.3079064018714423,0.6920935981285576,546
learned,learned_s3,2,UNIFORM_3,frozen-learned-primary,128,475,0.927734375,0.072265625,0.9633645564700738,0.036635443529926204,546
learned,learned_s3,2,UNIFORM_3,frozen-learned-primary,256,512,1.0,0.0,1.0,0.0,546
learned,learned_s3,2,UNIFORM_3,frozen-learned-primary,512,512,1.0,0.0,1.0,0.0,546
learned,learned_s3,2,UNIFORM_3,frozen-learned-primary,1024,512,1.0,0.0,1.0,0.0,546
learned,learned_s3,2,UNIFORM_3,frozen-learned-primary,2048,512,1.0,0.0,1.0,0.0,546
learned,learned_s3,2,UNIFORM_4,frozen-learned-primary,32,0,0.0,1.0,0.017996927961500465,0.9820030720384996,546
learned,learned_s3,2,UNIFORM_4,frozen-learned-primary,64,0,0.0,1.0,0.017996927961500465,0.9820030720384996,546
learned,learned_s3,2,UNIFORM_4,frozen-learned-primary,128,39,0.076171875,0.923828125,0.12920977986950039,0.8707902201304996,546
learned,learned_s3,2,UNIFORM_4,frozen-learned-primary,256,473,0.923828125,0.076171875,0.9605623327596335,0.03943766724036646,546
learned,learned_s3,2,UNIFORM_4,frozen-learned-primary,512,512,1.0,0.0,1.0,0.0,546
learned,learned_s3,2,UNIFORM_4,frozen-learned-primary,1024,512,1.0,0.0,1.0,0.0,546
learned,learned_s3,2,UNIFORM_4,frozen-learned-primary,2048,512,1.0,0.0,1.0,0.0,546
learned,learned_s3,2,UNIFORM_5,frozen-learned-primary,32,0,0.0,1.0,0.017996927961500465,0.9820030720384996,546
learned,learned_s3,2,UNIFORM_5,frozen-learned-primary,64,0,0.0,1.0,0.017996927961500465,0.9820030720384996,546
learned,learned_s3,2,UNIFORM_5,frozen-learned-primary,128,12,0.0234375,0.9765625,0.05937229652779416,0.9406277034722058,546
learned,learned_s3,2,UNIFORM_5,frozen-learned-primary,256,374,0.73046875,0.26953125,0.7999336683955568,0.2000663316044432,546
learned,learned_s3,2,UNIFORM_5,frozen-learned-primary,512,512,1.0,0.0,1.0,0.0,546
learned,learned_s3,2,UNIFORM_5,frozen-learned-primary,1024,512,1.0,0.0,1.0,0.0,546
learned,learned_s3,2,UNIFORM_5,frozen-learned-primary,2048,512,1.0,0.0,1.0,0.0,546
learned,learned_s3,2,UNIFORM_6,frozen-learned-primary,32,0,0.0,1.0,0.017996927961500465,0.9820030720384996,546
learned,learned_s3,2,UNIFORM_6,frozen-learned-primary,64,0,0.0,1.0,0.017996927961500465,0.9820030720384996,546
learned,learned_s3,2,UNIFORM_6,frozen-learned-primary,128,17,0.033203125,0.966796875,0.07332369102873294,0.9266763089712671,546
learned,learned_s3,2,UNIFORM_6,frozen-learned-primary,256,332,0.6484375,0.3515625,0.7249648111675466,0.27503518883245337,546
learned,learned_s3,2,UNIFORM_6,frozen-learned-primary,512,512,1.0,0.0,1.0,0.0,546
learned,learned_s3,2,UNIFORM_6,frozen-learned-primary,1024,512,1.0,0.0,1.0,0.0,546
learned,learned_s3,2,UNIFORM_6,frozen-learned-primary,2048,512,1.0,0.0,1.0,0.0,546
learned,learned_s3,2,UNIFORM_7,frozen-learned-primary,32,0,0.0,1.0,0.017996927961500465,0.9820030720384996,546
learned,learned_s3,2,UNIFORM_7,frozen-learned-primary,64,0,0.0,1.0,0.017996927961500465,0.9820030720384996,546
learned,learned_s3,2,UNIFORM_7,frozen-learned-primary,128,10,0.01953125,0.98046875,0.053538812737919925,0.9464611872620801,546
learned,learned_s3,2,UNIFORM_7,frozen-learned-primary,256,336,0.65625,0.34375,0.7322211611408638,0.2677788388591362,546
learned,learned_s3,2,UNIFORM_7,frozen-learned-primary,512,512,1.0,0.0,1.0,0.0,546
learned,learned_s3,2,UNIFORM_7,frozen-learned-primary,1024,512,1.0,0.0,1.0,0.0,546
learned,learned_s3,2,UNIFORM_7,frozen-learned-primary,2048,512,1.0,0.0,1.0,0.0,546
learned,learned_s3,2,UNIFORM_8,frozen-learned-primary,32,0,0.0,1.0,0.017996927961500465,0.9820030720384996,546
learned,learned_s3,2,UNIFORM_8,frozen-learned-primary,64,0,0.0,1.0,0.017996927961500465,0.9820030720384996,546
learned,learned_s3,2,UNIFORM_8,frozen-learned-primary,128,13,0.025390625,0.974609375,0.062227288843394256,0.9377727111566058,546
learned,learned_s3,2,UNIFORM_8,frozen-learned-primary,256,322,0.62890625,0.37109375,0.706724628710992,0.29327537128900805,546
learned,learned_s3,2,UNIFORM_8,frozen-learned-primary,512,512,1.0,0.0,1.0,0.0,546
learned,learned_s3,2,UNIFORM_8,frozen-learned-primary,1024,512,1.0,0.0,1.0,0.0,546
learned,learned_s3,2,UNIFORM_8,frozen-learned-primary,2048,512,1.0,0.0,1.0,0.0,546
learned,learned_s3,2,UNIFORM_9,frozen-learned-primary,32,0,0.0,1.0,0.017996927961500465,0.9820030720384996,546
learned,learned_s3,2,UNIFORM_9,frozen-learned-primary,64,0,0.0,1.0,0.017996927961500465,0.9820030720384996,546
learned,learned_s3,2,UNIFORM_9,frozen-learned-primary,128,13,0.025390625,0.974609375,0.062227288843394256,0.9377727111566058,546
learned,learned_s3,2,UNIFORM_9,frozen-learned-primary,256,325,0.634765625,0.365234375,0.7122113827147838,0.2877886172852162,546
learned,learned_s3,2,UNIFORM_9,frozen-learned-primary,512,512,1.0,0.0,1.0,0.0,546
learned,learned_s3,2,UNIFORM_9,frozen-learned-primary,1024,512,1.0,0.0,1.0,0.0,546
learned,learned_s3,2,UNIFORM_9,frozen-learned-primary,2048,512,1.0,0.0,1.0,0.0,546
learned,learned_s3,2,UNTRANSPORTED_4_4,frozen-learned-primary,32,0,0.0,1.0,0.017996927961500465,0.9820030720384996,546
learned,learned_s3,2,UNTRANSPORTED_4_4,frozen-learned-primary,64,13,0.025390625,0.974609375,0.062227288843394256,0.9377727111566058,546
learned,learned_s3,2,UNTRANSPORTED_4_4,frozen-learned-primary,128,380,0.7421875,0.2578125,0.8104045555938394,0.1895954444061606,546
learned,learned_s3,2,UNTRANSPORTED_4_4,frozen-learned-primary,256,512,1.0,0.0,1.0,0.0,546
learned,learned_s3,2,UNTRANSPORTED_4_4,frozen-learned-primary,512,512,1.0,0.0,1.0,0.0,546
learned,learned_s3,2,UNTRANSPORTED_4_4,frozen-learned-primary,1024,512,1.0,0.0,1.0,0.0,546
learned,learned_s3,2,UNTRANSPORTED_4_4,frozen-learned-primary,2048,512,1.0,0.0,1.0,0.0,546
