phase,model_seed,candidate,N_streams,candidate_total_byte_cap,candidate_amortized_bytes,candidate_stream_bytes,candidate_shared_bytes,family_size,feasible_baseline_count,feasible_baselines,native_fp32_feasible,baseline_selection_scope,tie_rule,comparison_scope,additional_complete_call_timing,candidate_source_sha256,candidate_empirical_T05,best_TEST_empirical_T05_baseline,best_TEST_empirical_T05,best_TEST_empirical_T05_total_bytes,best_TEST_empirical_T05_source_sha256,candidate_empirical_T05_status,best_TEST_empirical_T05_status,candidate_supported_T05,best_TEST_supported_T05_baseline,best_TEST_supported_T05,best_TEST_supported_T05_total_bytes,best_TEST_supported_T05_source_sha256,candidate_supported_T05_status,best_TEST_supported_T05_status,candidate_empirical_T01,best_TEST_empirical_T01_baseline,best_TEST_empirical_T01,best_TEST_empirical_T01_total_bytes,best_TEST_empirical_T01_source_sha256,candidate_empirical_T01_status,best_TEST_empirical_T01_status,candidate_supported_T01,best_TEST_supported_T01_baseline,best_TEST_supported_T01,best_TEST_supported_T01_total_bytes,best_TEST_supported_T01_source_sha256,candidate_supported_T01_status,best_TEST_supported_T01_status,candidate_rmst,best_TEST_rmst_baseline,best_TEST_rmst,best_TEST_rmst_total_bytes,best_TEST_rmst_source_sha256,candidate_final_survival,best_TEST_final_survival_baseline,best_TEST_final_survival,best_TEST_final_survival_total_bytes,best_TEST_final_survival_source_sha256
POST_HOC_BUDGET_AUDIT_SAME_TEST,0,FULL_RESIDUAL_4_4,1,33110,33110.0,3176,29934,630,14,MIXED_4_8;MIXED_4_8_TOP2;MIXED_4_8_TOP5;MIXED_6_8;MIXED_6_8_TOP1;MIXED_6_8_TOP4;STOCHASTIC_4;UNIFORM_2;UNIFORM_3;UNIFORM_4;UNIFORM_5;UNIFORM_6;UNIFORM_7;UNIFORM_8,False,"best feasible on the reused TEST sample; not DEV-selected, independent confirmation, or a superiority test","maximize the named metric, then RMST; minimize total bytes, then arm name lexicographically",lower-bound or point-estimate ordering does not establish statistical superiority,NOT_MEASURED,537b202c3648be90fd40b31ffd0e34c37a1a2d334b1e849c83974007c2ccada3,128,MIXED_6_8_TOP4,128,32583,5634fdc7e3a49c16c560b8bfaef3210a18bf6e51331f2b98444cb8e095e8e208,largest qualifying empirical sample grid horizon,largest qualifying empirical sample grid horizon,64,MIXED_6_8_TOP4,64,32583,5634fdc7e3a49c16c560b8bfaef3210a18bf6e51331f2b98444cb8e095e8e208,simultaneous confidence-supported lower bound >= 64,simultaneous confidence-supported lower bound >= 64,64,MIXED_6_8_TOP4,64,32583,5634fdc7e3a49c16c560b8bfaef3210a18bf6e51331f2b98444cb8e095e8e208,largest qualifying empirical sample grid horizon,largest qualifying empirical sample grid horizon,,,,,,no qualifying grid horizon (<32); not a measured zero horizon,no qualifying grid horizon (<32); not a measured zero horizon,282.251953125,MIXED_6_8_TOP4,283.775390625,32583,5634fdc7e3a49c16c560b8bfaef3210a18bf6e51331f2b98444cb8e095e8e208,0.0,MIXED_6_8_TOP4,0.0,32583,5634fdc7e3a49c16c560b8bfaef3210a18bf6e51331f2b98444cb8e095e8e208
POST_HOC_BUDGET_AUDIT_SAME_TEST,0,FULL_RESIDUAL_4_4,16,80750,5046.875,3176,29934,630,14,MIXED_4_8;MIXED_4_8_TOP2;MIXED_4_8_TOP5;MIXED_6_8;MIXED_6_8_TOP1;MIXED_6_8_TOP4;STOCHASTIC_4;UNIFORM_2;UNIFORM_3;UNIFORM_4;UNIFORM_5;UNIFORM_6;UNIFORM_7;UNIFORM_8,False,"best feasible on the reused TEST sample; not DEV-selected, independent confirmation, or a superiority test","maximize the named metric, then RMST; minimize total bytes, then arm name lexicographically",lower-bound or point-estimate ordering does not establish statistical superiority,NOT_MEASURED,537b202c3648be90fd40b31ffd0e34c37a1a2d334b1e849c83974007c2ccada3,128,MIXED_6_8_TOP4,128,70863,5634fdc7e3a49c16c560b8bfaef3210a18bf6e51331f2b98444cb8e095e8e208,largest qualifying empirical sample grid horizon,largest qualifying empirical sample grid horizon,64,MIXED_6_8_TOP4,64,70863,5634fdc7e3a49c16c560b8bfaef3210a18bf6e51331f2b98444cb8e095e8e208,simultaneous confidence-supported lower bound >= 64,simultaneous confidence-supported lower bound >= 64,64,MIXED_6_8_TOP4,64,70863,5634fdc7e3a49c16c560b8bfaef3210a18bf6e51331f2b98444cb8e095e8e208,largest qualifying empirical sample grid horizon,largest qualifying empirical sample grid horizon,,,,,,no qualifying grid horizon (<32); not a measured zero horizon,no qualifying grid horizon (<32); not a measured zero horizon,282.251953125,MIXED_6_8_TOP4,283.775390625,70863,5634fdc7e3a49c16c560b8bfaef3210a18bf6e51331f2b98444cb8e095e8e208,0.0,MIXED_6_8_TOP4,0.0,70863,5634fdc7e3a49c16c560b8bfaef3210a18bf6e51331f2b98444cb8e095e8e208
POST_HOC_BUDGET_AUDIT_SAME_TEST,0,FULL_RESIDUAL_4_4,128,436462,3409.859375,3176,29934,630,14,MIXED_4_8;MIXED_4_8_TOP2;MIXED_4_8_TOP5;MIXED_6_8;MIXED_6_8_TOP1;MIXED_6_8_TOP4;STOCHASTIC_4;UNIFORM_2;UNIFORM_3;UNIFORM_4;UNIFORM_5;UNIFORM_6;UNIFORM_7;UNIFORM_8,False,"best feasible on the reused TEST sample; not DEV-selected, independent confirmation, or a superiority test","maximize the named metric, then RMST; minimize total bytes, then arm name lexicographically",lower-bound or point-estimate ordering does not establish statistical superiority,NOT_MEASURED,537b202c3648be90fd40b31ffd0e34c37a1a2d334b1e849c83974007c2ccada3,128,MIXED_6_8_TOP4,128,356687,5634fdc7e3a49c16c560b8bfaef3210a18bf6e51331f2b98444cb8e095e8e208,largest qualifying empirical sample grid horizon,largest qualifying empirical sample grid horizon,64,MIXED_6_8_TOP4,64,356687,5634fdc7e3a49c16c560b8bfaef3210a18bf6e51331f2b98444cb8e095e8e208,simultaneous confidence-supported lower bound >= 64,simultaneous confidence-supported lower bound >= 64,64,MIXED_6_8_TOP4,64,356687,5634fdc7e3a49c16c560b8bfaef3210a18bf6e51331f2b98444cb8e095e8e208,largest qualifying empirical sample grid horizon,largest qualifying empirical sample grid horizon,,,,,,no qualifying grid horizon (<32); not a measured zero horizon,no qualifying grid horizon (<32); not a measured zero horizon,282.251953125,MIXED_6_8_TOP4,283.775390625,356687,5634fdc7e3a49c16c560b8bfaef3210a18bf6e51331f2b98444cb8e095e8e208,0.0,MIXED_6_8_TOP4,0.0,356687,5634fdc7e3a49c16c560b8bfaef3210a18bf6e51331f2b98444cb8e095e8e208
POST_HOC_BUDGET_AUDIT_SAME_TEST,0,FULL_RESIDUAL_4_8,1,34646,34646.0,4712,29934,630,18,MIXED_4_8;MIXED_4_8_TOP2;MIXED_4_8_TOP5;MIXED_6_8;MIXED_6_8_TOP1;MIXED_6_8_TOP4;STOCHASTIC_4;UNIFORM_10;UNIFORM_11;UNIFORM_12;UNIFORM_2;UNIFORM_3;UNIFORM_4;UNIFORM_5;UNIFORM_6;UNIFORM_7;UNIFORM_8;UNIFORM_9,False,"best feasible on the reused TEST sample; not DEV-selected, independent confirmation, or a superiority test","maximize the named metric, then RMST; minimize total bytes, then arm name lexicographically",lower-bound or point-estimate ordering does not establish statistical superiority,NOT_MEASURED,7dc2ba425acb8da10fddf533ac89609dbb43e348e2e81afe0976dce2a0c29777,128,UNIFORM_9,128,33138,511e9c8be2f03dce301769beadd89a8b9d83458ef8e2ac988f04803fef528c02,largest qualifying empirical sample grid horizon,largest qualifying empirical sample grid horizon,64,UNIFORM_9,64,33138,511e9c8be2f03dce301769beadd89a8b9d83458ef8e2ac988f04803fef528c02,simultaneous confidence-supported lower bound >= 64,simultaneous confidence-supported lower bound >= 64,64,UNIFORM_9,64,33138,511e9c8be2f03dce301769beadd89a8b9d83458ef8e2ac988f04803fef528c02,largest qualifying empirical sample grid horizon,largest qualifying empirical sample grid horizon,,,,,,no qualifying grid horizon (<32); not a measured zero horizon,no qualifying grid horizon (<32); not a measured zero horizon,282.884765625,UNIFORM_9,284.83203125,33138,511e9c8be2f03dce301769beadd89a8b9d83458ef8e2ac988f04803fef528c02,0.0,UNIFORM_9,0.0,33138,511e9c8be2f03dce301769beadd89a8b9d83458ef8e2ac988f04803fef528c02
POST_HOC_BUDGET_AUDIT_SAME_TEST,0,FULL_RESIDUAL_4_8,16,105326,6582.875,4712,29934,630,18,MIXED_4_8;MIXED_4_8_TOP2;MIXED_4_8_TOP5;MIXED_6_8;MIXED_6_8_TOP1;MIXED_6_8_TOP4;STOCHASTIC_4;UNIFORM_10;UNIFORM_11;UNIFORM_12;UNIFORM_2;UNIFORM_3;UNIFORM_4;UNIFORM_5;UNIFORM_6;UNIFORM_7;UNIFORM_8;UNIFORM_9,False,"best feasible on the reused TEST sample; not DEV-selected, independent confirmation, or a superiority test","maximize the named metric, then RMST; minimize total bytes, then arm name lexicographically",lower-bound or point-estimate ordering does not establish statistical superiority,NOT_MEASURED,7dc2ba425acb8da10fddf533ac89609dbb43e348e2e81afe0976dce2a0c29777,128,UNIFORM_9,128,85818,511e9c8be2f03dce301769beadd89a8b9d83458ef8e2ac988f04803fef528c02,largest qualifying empirical sample grid horizon,largest qualifying empirical sample grid horizon,64,UNIFORM_9,64,85818,511e9c8be2f03dce301769beadd89a8b9d83458ef8e2ac988f04803fef528c02,simultaneous confidence-supported lower bound >= 64,simultaneous confidence-supported lower bound >= 64,64,UNIFORM_9,64,85818,511e9c8be2f03dce301769beadd89a8b9d83458ef8e2ac988f04803fef528c02,largest qualifying empirical sample grid horizon,largest qualifying empirical sample grid horizon,,,,,,no qualifying grid horizon (<32); not a measured zero horizon,no qualifying grid horizon (<32); not a measured zero horizon,282.884765625,UNIFORM_9,284.83203125,85818,511e9c8be2f03dce301769beadd89a8b9d83458ef8e2ac988f04803fef528c02,0.0,UNIFORM_9,0.0,85818,511e9c8be2f03dce301769beadd89a8b9d83458ef8e2ac988f04803fef528c02
POST_HOC_BUDGET_AUDIT_SAME_TEST,0,FULL_RESIDUAL_4_8,128,633070,4945.859375,4712,29934,630,18,MIXED_4_8;MIXED_4_8_TOP2;MIXED_4_8_TOP5;MIXED_6_8;MIXED_6_8_TOP1;MIXED_6_8_TOP4;STOCHASTIC_4;UNIFORM_10;UNIFORM_11;UNIFORM_12;UNIFORM_2;UNIFORM_3;UNIFORM_4;UNIFORM_5;UNIFORM_6;UNIFORM_7;UNIFORM_8;UNIFORM_9,False,"best feasible on the reused TEST sample; not DEV-selected, independent confirmation, or a superiority test","maximize the named metric, then RMST; minimize total bytes, then arm name lexicographically",lower-bound or point-estimate ordering does not establish statistical superiority,NOT_MEASURED,7dc2ba425acb8da10fddf533ac89609dbb43e348e2e81afe0976dce2a0c29777,128,UNIFORM_9,128,479162,511e9c8be2f03dce301769beadd89a8b9d83458ef8e2ac988f04803fef528c02,largest qualifying empirical sample grid horizon,largest qualifying empirical sample grid horizon,64,UNIFORM_9,64,479162,511e9c8be2f03dce301769beadd89a8b9d83458ef8e2ac988f04803fef528c02,simultaneous confidence-supported lower bound >= 64,simultaneous confidence-supported lower bound >= 64,64,UNIFORM_9,64,479162,511e9c8be2f03dce301769beadd89a8b9d83458ef8e2ac988f04803fef528c02,largest qualifying empirical sample grid horizon,largest qualifying empirical sample grid horizon,,,,,,no qualifying grid horizon (<32); not a measured zero horizon,no qualifying grid horizon (<32); not a measured zero horizon,282.884765625,UNIFORM_9,284.83203125,479162,511e9c8be2f03dce301769beadd89a8b9d83458ef8e2ac988f04803fef528c02,0.0,UNIFORM_9,0.0,479162,511e9c8be2f03dce301769beadd89a8b9d83458ef8e2ac988f04803fef528c02
POST_HOC_BUDGET_AUDIT_SAME_TEST,0,FULL_RESIDUAL_4_FP32,1,43598,43598.0,13880,29718,630,23,MIXED_4_8;MIXED_4_8_TOP2;MIXED_4_8_TOP5;MIXED_6_8;MIXED_6_8_TOP1;MIXED_6_8_TOP4;NATIVE_FP32;STOCHASTIC_4;UNIFORM_10;UNIFORM_11;UNIFORM_12;UNIFORM_13;UNIFORM_14;UNIFORM_15;UNIFORM_16;UNIFORM_2;UNIFORM_3;UNIFORM_4;UNIFORM_5;UNIFORM_6;UNIFORM_7;UNIFORM_8;UNIFORM_9,True,"best feasible on the reused TEST sample; not DEV-selected, independent confirmation, or a superiority test","maximize the named metric, then RMST; minimize total bytes, then arm name lexicographically",lower-bound or point-estimate ordering does not establish statistical superiority,NOT_MEASURED,defcee98fa50a477fb5125234c0e04b9966f450c9b3f18a9245ae991abd882cd,128,UNIFORM_9,128,33138,511e9c8be2f03dce301769beadd89a8b9d83458ef8e2ac988f04803fef528c02,largest qualifying empirical sample grid horizon,largest qualifying empirical sample grid horizon,64,UNIFORM_9,64,33138,511e9c8be2f03dce301769beadd89a8b9d83458ef8e2ac988f04803fef528c02,simultaneous confidence-supported lower bound >= 64,simultaneous confidence-supported lower bound >= 64,64,UNIFORM_9,64,33138,511e9c8be2f03dce301769beadd89a8b9d83458ef8e2ac988f04803fef528c02,largest qualifying empirical sample grid horizon,largest qualifying empirical sample grid horizon,,,,,,no qualifying grid horizon (<32); not a measured zero horizon,no qualifying grid horizon (<32); not a measured zero horizon,283.099609375,UNIFORM_9,284.83203125,33138,511e9c8be2f03dce301769beadd89a8b9d83458ef8e2ac988f04803fef528c02,0.0,UNIFORM_9,0.0,33138,511e9c8be2f03dce301769beadd89a8b9d83458ef8e2ac988f04803fef528c02
POST_HOC_BUDGET_AUDIT_SAME_TEST,0,FULL_RESIDUAL_4_FP32,16,251798,15737.375,13880,29718,630,23,MIXED_4_8;MIXED_4_8_TOP2;MIXED_4_8_TOP5;MIXED_6_8;MIXED_6_8_TOP1;MIXED_6_8_TOP4;NATIVE_FP32;STOCHASTIC_4;UNIFORM_10;UNIFORM_11;UNIFORM_12;UNIFORM_13;UNIFORM_14;UNIFORM_15;UNIFORM_16;UNIFORM_2;UNIFORM_3;UNIFORM_4;UNIFORM_5;UNIFORM_6;UNIFORM_7;UNIFORM_8;UNIFORM_9,True,"best feasible on the reused TEST sample; not DEV-selected, independent confirmation, or a superiority test","maximize the named metric, then RMST; minimize total bytes, then arm name lexicographically",lower-bound or point-estimate ordering does not establish statistical superiority,NOT_MEASURED,defcee98fa50a477fb5125234c0e04b9966f450c9b3f18a9245ae991abd882cd,128,UNIFORM_9,128,85818,511e9c8be2f03dce301769beadd89a8b9d83458ef8e2ac988f04803fef528c02,largest qualifying empirical sample grid horizon,largest qualifying empirical sample grid horizon,64,UNIFORM_9,64,85818,511e9c8be2f03dce301769beadd89a8b9d83458ef8e2ac988f04803fef528c02,simultaneous confidence-supported lower bound >= 64,simultaneous confidence-supported lower bound >= 64,64,UNIFORM_9,64,85818,511e9c8be2f03dce301769beadd89a8b9d83458ef8e2ac988f04803fef528c02,largest qualifying empirical sample grid horizon,largest qualifying empirical sample grid horizon,,,,,,no qualifying grid horizon (<32); not a measured zero horizon,no qualifying grid horizon (<32); not a measured zero horizon,283.099609375,UNIFORM_9,284.83203125,85818,511e9c8be2f03dce301769beadd89a8b9d83458ef8e2ac988f04803fef528c02,0.0,UNIFORM_9,0.0,85818,511e9c8be2f03dce301769beadd89a8b9d83458ef8e2ac988f04803fef528c02
POST_HOC_BUDGET_AUDIT_SAME_TEST,0,FULL_RESIDUAL_4_FP32,128,1806358,14112.171875,13880,29718,630,23,MIXED_4_8;MIXED_4_8_TOP2;MIXED_4_8_TOP5;MIXED_6_8;MIXED_6_8_TOP1;MIXED_6_8_TOP4;NATIVE_FP32;STOCHASTIC_4;UNIFORM_10;UNIFORM_11;UNIFORM_12;UNIFORM_13;UNIFORM_14;UNIFORM_15;UNIFORM_16;UNIFORM_2;UNIFORM_3;UNIFORM_4;UNIFORM_5;UNIFORM_6;UNIFORM_7;UNIFORM_8;UNIFORM_9,True,"best feasible on the reused TEST sample; not DEV-selected, independent confirmation, or a superiority test","maximize the named metric, then RMST; minimize total bytes, then arm name lexicographically",lower-bound or point-estimate ordering does not establish statistical superiority,NOT_MEASURED,defcee98fa50a477fb5125234c0e04b9966f450c9b3f18a9245ae991abd882cd,128,UNIFORM_9,128,479162,511e9c8be2f03dce301769beadd89a8b9d83458ef8e2ac988f04803fef528c02,largest qualifying empirical sample grid horizon,largest qualifying empirical sample grid horizon,64,UNIFORM_9,64,479162,511e9c8be2f03dce301769beadd89a8b9d83458ef8e2ac988f04803fef528c02,simultaneous confidence-supported lower bound >= 64,simultaneous confidence-supported lower bound >= 64,64,UNIFORM_9,64,479162,511e9c8be2f03dce301769beadd89a8b9d83458ef8e2ac988f04803fef528c02,largest qualifying empirical sample grid horizon,largest qualifying empirical sample grid horizon,,,,,,no qualifying grid horizon (<32); not a measured zero horizon,no qualifying grid horizon (<32); not a measured zero horizon,283.099609375,UNIFORM_9,284.83203125,479162,511e9c8be2f03dce301769beadd89a8b9d83458ef8e2ac988f04803fef528c02,0.0,UNIFORM_9,0.0,479162,511e9c8be2f03dce301769beadd89a8b9d83458ef8e2ac988f04803fef528c02
POST_HOC_BUDGET_AUDIT_SAME_TEST,0,LOWRANK_4_8_R1,1,32539,32539.0,1832,30707,630,11,MIXED_4_8;MIXED_4_8_TOP2;MIXED_4_8_TOP5;MIXED_6_8_TOP1;STOCHASTIC_4;UNIFORM_2;UNIFORM_3;UNIFORM_4;UNIFORM_5;UNIFORM_6;UNIFORM_7,False,"best feasible on the reused TEST sample; not DEV-selected, independent confirmation, or a superiority test","maximize the named metric, then RMST; minimize total bytes, then arm name lexicographically",lower-bound or point-estimate ordering does not establish statistical superiority,NOT_MEASURED,dd673747124ad02ce1ee701bafd79ec3eaab23ea1a17670dca4a75d5cd48a023,64,UNIFORM_7,128,32370,51d3ab72117ce923eb5d3ddf30d904222c8d4da963492883dc9f6b30eae29058,largest qualifying empirical sample grid horizon,largest qualifying empirical sample grid horizon,64,UNIFORM_7,64,32370,51d3ab72117ce923eb5d3ddf30d904222c8d4da963492883dc9f6b30eae29058,simultaneous confidence-supported lower bound >= 64,simultaneous confidence-supported lower bound >= 64,64,UNIFORM_7,64,32370,51d3ab72117ce923eb5d3ddf30d904222c8d4da963492883dc9f6b30eae29058,largest qualifying empirical sample grid horizon,largest qualifying empirical sample grid horizon,,,,,,no qualifying grid horizon (<32); not a measured zero horizon,no qualifying grid horizon (<32); not a measured zero horizon,202.091796875,UNIFORM_7,282.333984375,32370,51d3ab72117ce923eb5d3ddf30d904222c8d4da963492883dc9f6b30eae29058,0.0,UNIFORM_7,0.0,32370,51d3ab72117ce923eb5d3ddf30d904222c8d4da963492883dc9f6b30eae29058
POST_HOC_BUDGET_AUDIT_SAME_TEST,0,LOWRANK_4_8_R1,16,60019,3751.1875,1832,30707,630,5,MIXED_4_8_TOP2;STOCHASTIC_4;UNIFORM_2;UNIFORM_3;UNIFORM_4,False,"best feasible on the reused TEST sample; not DEV-selected, independent confirmation, or a superiority test","maximize the named metric, then RMST; minimize total bytes, then arm name lexicographically",lower-bound or point-estimate ordering does not establish statistical superiority,NOT_MEASURED,dd673747124ad02ce1ee701bafd79ec3eaab23ea1a17670dca4a75d5cd48a023,64,MIXED_4_8_TOP2,64,58575,9ee66a503c00ee889cc40bca663f34ce37dfa9f1c385b8ad2837d36bc40a491a,largest qualifying empirical sample grid horizon,largest qualifying empirical sample grid horizon,64,MIXED_4_8_TOP2,64,58575,9ee66a503c00ee889cc40bca663f34ce37dfa9f1c385b8ad2837d36bc40a491a,simultaneous confidence-supported lower bound >= 64,simultaneous confidence-supported lower bound >= 64,64,MIXED_4_8_TOP2,64,58575,9ee66a503c00ee889cc40bca663f34ce37dfa9f1c385b8ad2837d36bc40a491a,largest qualifying empirical sample grid horizon,largest qualifying empirical sample grid horizon,,,,,,no qualifying grid horizon (<32); not a measured zero horizon,no qualifying grid horizon (<32); not a measured zero horizon,202.091796875,MIXED_4_8_TOP2,209.70703125,58575,9ee66a503c00ee889cc40bca663f34ce37dfa9f1c385b8ad2837d36bc40a491a,0.0,MIXED_4_8_TOP2,0.0,58575,9ee66a503c00ee889cc40bca663f34ce37dfa9f1c385b8ad2837d36bc40a491a
POST_HOC_BUDGET_AUDIT_SAME_TEST,0,LOWRANK_4_8_R1,128,265203,2071.8984375,1832,30707,630,5,MIXED_4_8_TOP2;STOCHASTIC_4;UNIFORM_2;UNIFORM_3;UNIFORM_4,False,"best feasible on the reused TEST sample; not DEV-selected, independent confirmation, or a superiority test","maximize the named metric, then RMST; minimize total bytes, then arm name lexicographically",lower-bound or point-estimate ordering does not establish statistical superiority,NOT_MEASURED,dd673747124ad02ce1ee701bafd79ec3eaab23ea1a17670dca4a75d5cd48a023,64,MIXED_4_8_TOP2,64,258383,9ee66a503c00ee889cc40bca663f34ce37dfa9f1c385b8ad2837d36bc40a491a,largest qualifying empirical sample grid horizon,largest qualifying empirical sample grid horizon,64,MIXED_4_8_TOP2,64,258383,9ee66a503c00ee889cc40bca663f34ce37dfa9f1c385b8ad2837d36bc40a491a,simultaneous confidence-supported lower bound >= 64,simultaneous confidence-supported lower bound >= 64,64,MIXED_4_8_TOP2,64,258383,9ee66a503c00ee889cc40bca663f34ce37dfa9f1c385b8ad2837d36bc40a491a,largest qualifying empirical sample grid horizon,largest qualifying empirical sample grid horizon,,,,,,no qualifying grid horizon (<32); not a measured zero horizon,no qualifying grid horizon (<32); not a measured zero horizon,202.091796875,MIXED_4_8_TOP2,209.70703125,258383,9ee66a503c00ee889cc40bca663f34ce37dfa9f1c385b8ad2837d36bc40a491a,0.0,MIXED_4_8_TOP2,0.0,258383,9ee66a503c00ee889cc40bca663f34ce37dfa9f1c385b8ad2837d36bc40a491a
POST_HOC_BUDGET_AUDIT_SAME_TEST,0,LOWRANK_4_8_R2,1,33499,33499.0,2024,31475,630,15,MIXED_4_8;MIXED_4_8_TOP2;MIXED_4_8_TOP5;MIXED_6_8;MIXED_6_8_TOP1;MIXED_6_8_TOP4;STOCHASTIC_4;UNIFORM_2;UNIFORM_3;UNIFORM_4;UNIFORM_5;UNIFORM_6;UNIFORM_7;UNIFORM_8;UNIFORM_9,False,"best feasible on the reused TEST sample; not DEV-selected, independent confirmation, or a superiority test","maximize the named metric, then RMST; minimize total bytes, then arm name lexicographically",lower-bound or point-estimate ordering does not establish statistical superiority,NOT_MEASURED,ccaf56039db2beff7fb3a7fd18d02495a2ca4410815b0e25bbfd74b84c417911,128,UNIFORM_9,128,33138,511e9c8be2f03dce301769beadd89a8b9d83458ef8e2ac988f04803fef528c02,largest qualifying empirical sample grid horizon,largest qualifying empirical sample grid horizon,64,UNIFORM_9,64,33138,511e9c8be2f03dce301769beadd89a8b9d83458ef8e2ac988f04803fef528c02,simultaneous confidence-supported lower bound >= 64,simultaneous confidence-supported lower bound >= 64,64,UNIFORM_9,64,33138,511e9c8be2f03dce301769beadd89a8b9d83458ef8e2ac988f04803fef528c02,largest qualifying empirical sample grid horizon,largest qualifying empirical sample grid horizon,,,,,,no qualifying grid horizon (<32); not a measured zero horizon,no qualifying grid horizon (<32); not a measured zero horizon,282.890625,UNIFORM_9,284.83203125,33138,511e9c8be2f03dce301769beadd89a8b9d83458ef8e2ac988f04803fef528c02,0.0,UNIFORM_9,0.0,33138,511e9c8be2f03dce301769beadd89a8b9d83458ef8e2ac988f04803fef528c02
POST_HOC_BUDGET_AUDIT_SAME_TEST,0,LOWRANK_4_8_R2,16,63859,3991.1875,2024,31475,630,8,MIXED_4_8;MIXED_4_8_TOP2;MIXED_4_8_TOP5;STOCHASTIC_4;UNIFORM_2;UNIFORM_3;UNIFORM_4;UNIFORM_5,False,"best feasible on the reused TEST sample; not DEV-selected, independent confirmation, or a superiority test","maximize the named metric, then RMST; minimize total bytes, then arm name lexicographically",lower-bound or point-estimate ordering does not establish statistical superiority,NOT_MEASURED,ccaf56039db2beff7fb3a7fd18d02495a2ca4410815b0e25bbfd74b84c417911,128,MIXED_4_8,128,61647,e637ec3a3976426612aad748fe02dfd1dc19781c0552116414218c6b34ce8267,largest qualifying empirical sample grid horizon,largest qualifying empirical sample grid horizon,64,UNIFORM_5,64,61242,28a63b3bcfb341acad0bcfb5eb6ebb7d4753d2373eca6a2f3d9e120391b25b26,simultaneous confidence-supported lower bound >= 64,simultaneous confidence-supported lower bound >= 64,64,UNIFORM_5,64,61242,28a63b3bcfb341acad0bcfb5eb6ebb7d4753d2373eca6a2f3d9e120391b25b26,largest qualifying empirical sample grid horizon,largest qualifying empirical sample grid horizon,,,,,,no qualifying grid horizon (<32); not a measured zero horizon,no qualifying grid horizon (<32); not a measured zero horizon,282.890625,UNIFORM_5,235.82421875,61242,28a63b3bcfb341acad0bcfb5eb6ebb7d4753d2373eca6a2f3d9e120391b25b26,0.0,UNIFORM_5,0.0,61242,28a63b3bcfb341acad0bcfb5eb6ebb7d4753d2373eca6a2f3d9e120391b25b26
POST_HOC_BUDGET_AUDIT_SAME_TEST,0,LOWRANK_4_8_R2,128,290547,2269.8984375,2024,31475,630,7,MIXED_4_8;MIXED_4_8_TOP2;STOCHASTIC_4;UNIFORM_2;UNIFORM_3;UNIFORM_4;UNIFORM_5,False,"best feasible on the reused TEST sample; not DEV-selected, independent confirmation, or a superiority test","maximize the named metric, then RMST; minimize total bytes, then arm name lexicographically",lower-bound or point-estimate ordering does not establish statistical superiority,NOT_MEASURED,ccaf56039db2beff7fb3a7fd18d02495a2ca4410815b0e25bbfd74b84c417911,128,MIXED_4_8,128,282959,e637ec3a3976426612aad748fe02dfd1dc19781c0552116414218c6b34ce8267,largest qualifying empirical sample grid horizon,largest qualifying empirical sample grid horizon,64,UNIFORM_5,64,282554,28a63b3bcfb341acad0bcfb5eb6ebb7d4753d2373eca6a2f3d9e120391b25b26,simultaneous confidence-supported lower bound >= 64,simultaneous confidence-supported lower bound >= 64,64,UNIFORM_5,64,282554,28a63b3bcfb341acad0bcfb5eb6ebb7d4753d2373eca6a2f3d9e120391b25b26,largest qualifying empirical sample grid horizon,largest qualifying empirical sample grid horizon,,,,,,no qualifying grid horizon (<32); not a measured zero horizon,no qualifying grid horizon (<32); not a measured zero horizon,282.890625,UNIFORM_5,235.82421875,282554,28a63b3bcfb341acad0bcfb5eb6ebb7d4753d2373eca6a2f3d9e120391b25b26,0.0,UNIFORM_5,0.0,282554,28a63b3bcfb341acad0bcfb5eb6ebb7d4753d2373eca6a2f3d9e120391b25b26
POST_HOC_BUDGET_AUDIT_SAME_TEST,0,LOWRANK_4_8_R4,1,35419,35419.0,2408,33011,630,20,MIXED_4_8;MIXED_4_8_TOP2;MIXED_4_8_TOP5;MIXED_6_8;MIXED_6_8_TOP1;MIXED_6_8_TOP4;STOCHASTIC_4;UNIFORM_10;UNIFORM_11;UNIFORM_12;UNIFORM_13;UNIFORM_14;UNIFORM_2;UNIFORM_3;UNIFORM_4;UNIFORM_5;UNIFORM_6;UNIFORM_7;UNIFORM_8;UNIFORM_9,False,"best feasible on the reused TEST sample; not DEV-selected, independent confirmation, or a superiority test","maximize the named metric, then RMST; minimize total bytes, then arm name lexicographically",lower-bound or point-estimate ordering does not establish statistical superiority,NOT_MEASURED,9f49b4accf2f270b4692c10fb21550560d04cedf6bb098b9ab7ac546d4b42bee,128,UNIFORM_9,128,33138,511e9c8be2f03dce301769beadd89a8b9d83458ef8e2ac988f04803fef528c02,largest qualifying empirical sample grid horizon,largest qualifying empirical sample grid horizon,64,UNIFORM_9,64,33138,511e9c8be2f03dce301769beadd89a8b9d83458ef8e2ac988f04803fef528c02,simultaneous confidence-supported lower bound >= 64,simultaneous confidence-supported lower bound >= 64,64,UNIFORM_9,64,33138,511e9c8be2f03dce301769beadd89a8b9d83458ef8e2ac988f04803fef528c02,largest qualifying empirical sample grid horizon,largest qualifying empirical sample grid horizon,,,,,,no qualifying grid horizon (<32); not a measured zero horizon,no qualifying grid horizon (<32); not a measured zero horizon,241.79296875,UNIFORM_9,284.83203125,33138,511e9c8be2f03dce301769beadd89a8b9d83458ef8e2ac988f04803fef528c02,0.0,UNIFORM_9,0.0,33138,511e9c8be2f03dce301769beadd89a8b9d83458ef8e2ac988f04803fef528c02
POST_HOC_BUDGET_AUDIT_SAME_TEST,0,LOWRANK_4_8_R4,16,71539,4471.1875,2408,33011,630,11,MIXED_4_8;MIXED_4_8_TOP2;MIXED_4_8_TOP5;MIXED_6_8_TOP1;MIXED_6_8_TOP4;STOCHASTIC_4;UNIFORM_2;UNIFORM_3;UNIFORM_4;UNIFORM_5;UNIFORM_6,False,"best feasible on the reused TEST sample; not DEV-selected, independent confirmation, or a superiority test","maximize the named metric, then RMST; minimize total bytes, then arm name lexicographically",lower-bound or point-estimate ordering does not establish statistical superiority,NOT_MEASURED,9f49b4accf2f270b4692c10fb21550560d04cedf6bb098b9ab7ac546d4b42bee,128,MIXED_6_8_TOP4,128,70863,5634fdc7e3a49c16c560b8bfaef3210a18bf6e51331f2b98444cb8e095e8e208,largest qualifying empirical sample grid horizon,largest qualifying empirical sample grid horizon,64,MIXED_6_8_TOP4,64,70863,5634fdc7e3a49c16c560b8bfaef3210a18bf6e51331f2b98444cb8e095e8e208,simultaneous confidence-supported lower bound >= 64,simultaneous confidence-supported lower bound >= 64,64,MIXED_6_8_TOP4,64,70863,5634fdc7e3a49c16c560b8bfaef3210a18bf6e51331f2b98444cb8e095e8e208,largest qualifying empirical sample grid horizon,largest qualifying empirical sample grid horizon,,,,,,no qualifying grid horizon (<32); not a measured zero horizon,no qualifying grid horizon (<32); not a measured zero horizon,241.79296875,MIXED_6_8_TOP4,283.775390625,70863,5634fdc7e3a49c16c560b8bfaef3210a18bf6e51331f2b98444cb8e095e8e208,0.0,MIXED_6_8_TOP4,0.0,70863,5634fdc7e3a49c16c560b8bfaef3210a18bf6e51331f2b98444cb8e095e8e208
POST_HOC_BUDGET_AUDIT_SAME_TEST,0,LOWRANK_4_8_R4,128,341235,2665.8984375,2408,33011,630,10,MIXED_4_8;MIXED_4_8_TOP2;MIXED_4_8_TOP5;MIXED_6_8_TOP1;STOCHASTIC_4;UNIFORM_2;UNIFORM_3;UNIFORM_4;UNIFORM_5;UNIFORM_6,False,"best feasible on the reused TEST sample; not DEV-selected, independent confirmation, or a superiority test","maximize the named metric, then RMST; minimize total bytes, then arm name lexicographically",lower-bound or point-estimate ordering does not establish statistical superiority,NOT_MEASURED,9f49b4accf2f270b4692c10fb21550560d04cedf6bb098b9ab7ac546d4b42bee,128,UNIFORM_6,128,331706,042899ac254c056dcebb416c0240983d5ce1cbc3dfae38145bf8c976c8bec584,largest qualifying empirical sample grid horizon,largest qualifying empirical sample grid horizon,64,UNIFORM_6,64,331706,042899ac254c056dcebb416c0240983d5ce1cbc3dfae38145bf8c976c8bec584,simultaneous confidence-supported lower bound >= 64,simultaneous confidence-supported lower bound >= 64,64,UNIFORM_6,64,331706,042899ac254c056dcebb416c0240983d5ce1cbc3dfae38145bf8c976c8bec584,largest qualifying empirical sample grid horizon,largest qualifying empirical sample grid horizon,,,,,,no qualifying grid horizon (<32); not a measured zero horizon,no qualifying grid horizon (<32); not a measured zero horizon,241.79296875,UNIFORM_6,273.939453125,331706,042899ac254c056dcebb416c0240983d5ce1cbc3dfae38145bf8c976c8bec584,0.0,UNIFORM_6,0.0,331706,042899ac254c056dcebb416c0240983d5ce1cbc3dfae38145bf8c976c8bec584
POST_HOC_BUDGET_AUDIT_SAME_TEST,0,MIXED_4_8,1,32007,32007.0,1976,30031,630,8,MIXED_4_8;MIXED_4_8_TOP2;STOCHASTIC_4;UNIFORM_2;UNIFORM_3;UNIFORM_4;UNIFORM_5;UNIFORM_6,False,"best feasible on the reused TEST sample; not DEV-selected, independent confirmation, or a superiority test","maximize the named metric, then RMST; minimize total bytes, then arm name lexicographically",lower-bound or point-estimate ordering does not establish statistical superiority,NOT_MEASURED,e637ec3a3976426612aad748fe02dfd1dc19781c0552116414218c6b34ce8267,128,UNIFORM_6,128,31986,042899ac254c056dcebb416c0240983d5ce1cbc3dfae38145bf8c976c8bec584,largest qualifying empirical sample grid horizon,largest qualifying empirical sample grid horizon,64,UNIFORM_6,64,31986,042899ac254c056dcebb416c0240983d5ce1cbc3dfae38145bf8c976c8bec584,simultaneous confidence-supported lower bound >= 64,simultaneous confidence-supported lower bound >= 64,64,UNIFORM_6,64,31986,042899ac254c056dcebb416c0240983d5ce1cbc3dfae38145bf8c976c8bec584,largest qualifying empirical sample grid horizon,largest qualifying empirical sample grid horizon,,,,,,no qualifying grid horizon (<32); not a measured zero horizon,no qualifying grid horizon (<32); not a measured zero horizon,231.296875,UNIFORM_6,273.939453125,31986,042899ac254c056dcebb416c0240983d5ce1cbc3dfae38145bf8c976c8bec584,0.0,UNIFORM_6,0.0,31986,042899ac254c056dcebb416c0240983d5ce1cbc3dfae38145bf8c976c8bec584
POST_HOC_BUDGET_AUDIT_SAME_TEST,0,MIXED_4_8,16,61647,3852.9375,1976,30031,630,7,MIXED_4_8;MIXED_4_8_TOP2;STOCHASTIC_4;UNIFORM_2;UNIFORM_3;UNIFORM_4;UNIFORM_5,False,"best feasible on the reused TEST sample; not DEV-selected, independent confirmation, or a superiority test","maximize the named metric, then RMST; minimize total bytes, then arm name lexicographically",lower-bound or point-estimate ordering does not establish statistical superiority,NOT_MEASURED,e637ec3a3976426612aad748fe02dfd1dc19781c0552116414218c6b34ce8267,128,MIXED_4_8,128,61647,e637ec3a3976426612aad748fe02dfd1dc19781c0552116414218c6b34ce8267,largest qualifying empirical sample grid horizon,largest qualifying empirical sample grid horizon,64,UNIFORM_5,64,61242,28a63b3bcfb341acad0bcfb5eb6ebb7d4753d2373eca6a2f3d9e120391b25b26,simultaneous confidence-supported lower bound >= 64,simultaneous confidence-supported lower bound >= 64,64,UNIFORM_5,64,61242,28a63b3bcfb341acad0bcfb5eb6ebb7d4753d2373eca6a2f3d9e120391b25b26,largest qualifying empirical sample grid horizon,largest qualifying empirical sample grid horizon,,,,,,no qualifying grid horizon (<32); not a measured zero horizon,no qualifying grid horizon (<32); not a measured zero horizon,231.296875,UNIFORM_5,235.82421875,61242,28a63b3bcfb341acad0bcfb5eb6ebb7d4753d2373eca6a2f3d9e120391b25b26,0.0,UNIFORM_5,0.0,61242,28a63b3bcfb341acad0bcfb5eb6ebb7d4753d2373eca6a2f3d9e120391b25b26
POST_HOC_BUDGET_AUDIT_SAME_TEST,0,MIXED_4_8,128,282959,2210.6171875,1976,30031,630,7,MIXED_4_8;MIXED_4_8_TOP2;STOCHASTIC_4;UNIFORM_2;UNIFORM_3;UNIFORM_4;UNIFORM_5,False,"best feasible on the reused TEST sample; not DEV-selected, independent confirmation, or a superiority test","maximize the named metric, then RMST; minimize total bytes, then arm name lexicographically",lower-bound or point-estimate ordering does not establish statistical superiority,NOT_MEASURED,e637ec3a3976426612aad748fe02dfd1dc19781c0552116414218c6b34ce8267,128,MIXED_4_8,128,282959,e637ec3a3976426612aad748fe02dfd1dc19781c0552116414218c6b34ce8267,largest qualifying empirical sample grid horizon,largest qualifying empirical sample grid horizon,64,UNIFORM_5,64,282554,28a63b3bcfb341acad0bcfb5eb6ebb7d4753d2373eca6a2f3d9e120391b25b26,simultaneous confidence-supported lower bound >= 64,simultaneous confidence-supported lower bound >= 64,64,UNIFORM_5,64,282554,28a63b3bcfb341acad0bcfb5eb6ebb7d4753d2373eca6a2f3d9e120391b25b26,largest qualifying empirical sample grid horizon,largest qualifying empirical sample grid horizon,,,,,,no qualifying grid horizon (<32); not a measured zero horizon,no qualifying grid horizon (<32); not a measured zero horizon,231.296875,UNIFORM_5,235.82421875,282554,28a63b3bcfb341acad0bcfb5eb6ebb7d4753d2373eca6a2f3d9e120391b25b26,0.0,UNIFORM_5,0.0,282554,28a63b3bcfb341acad0bcfb5eb6ebb7d4753d2373eca6a2f3d9e120391b25b26
POST_HOC_BUDGET_AUDIT_SAME_TEST,0,MIXED_4_8_TOP2,1,31815,31815.0,1784,30031,630,6,MIXED_4_8_TOP2;STOCHASTIC_4;UNIFORM_2;UNIFORM_3;UNIFORM_4;UNIFORM_5,False,"best feasible on the reused TEST sample; not DEV-selected, independent confirmation, or a superiority test","maximize the named metric, then RMST; minimize total bytes, then arm name lexicographically",lower-bound or point-estimate ordering does not establish statistical superiority,NOT_MEASURED,9ee66a503c00ee889cc40bca663f34ce37dfa9f1c385b8ad2837d36bc40a491a,64,UNIFORM_5,64,31602,28a63b3bcfb341acad0bcfb5eb6ebb7d4753d2373eca6a2f3d9e120391b25b26,largest qualifying empirical sample grid horizon,largest qualifying empirical sample grid horizon,64,UNIFORM_5,64,31602,28a63b3bcfb341acad0bcfb5eb6ebb7d4753d2373eca6a2f3d9e120391b25b26,simultaneous confidence-supported lower bound >= 64,simultaneous confidence-supported lower bound >= 64,64,UNIFORM_5,64,31602,28a63b3bcfb341acad0bcfb5eb6ebb7d4753d2373eca6a2f3d9e120391b25b26,largest qualifying empirical sample grid horizon,largest qualifying empirical sample grid horizon,,,,,,no qualifying grid horizon (<32); not a measured zero horizon,no qualifying grid horizon (<32); not a measured zero horizon,209.70703125,UNIFORM_5,235.82421875,31602,28a63b3bcfb341acad0bcfb5eb6ebb7d4753d2373eca6a2f3d9e120391b25b26,0.0,UNIFORM_5,0.0,31602,28a63b3bcfb341acad0bcfb5eb6ebb7d4753d2373eca6a2f3d9e120391b25b26
POST_HOC_BUDGET_AUDIT_SAME_TEST,0,MIXED_4_8_TOP2,16,58575,3660.9375,1784,30031,630,5,MIXED_4_8_TOP2;STOCHASTIC_4;UNIFORM_2;UNIFORM_3;UNIFORM_4,False,"best feasible on the reused TEST sample; not DEV-selected, independent confirmation, or a superiority test","maximize the named metric, then RMST; minimize total bytes, then arm name lexicographically",lower-bound or point-estimate ordering does not establish statistical superiority,NOT_MEASURED,9ee66a503c00ee889cc40bca663f34ce37dfa9f1c385b8ad2837d36bc40a491a,64,MIXED_4_8_TOP2,64,58575,9ee66a503c00ee889cc40bca663f34ce37dfa9f1c385b8ad2837d36bc40a491a,largest qualifying empirical sample grid horizon,largest qualifying empirical sample grid horizon,64,MIXED_4_8_TOP2,64,58575,9ee66a503c00ee889cc40bca663f34ce37dfa9f1c385b8ad2837d36bc40a491a,simultaneous confidence-supported lower bound >= 64,simultaneous confidence-supported lower bound >= 64,64,MIXED_4_8_TOP2,64,58575,9ee66a503c00ee889cc40bca663f34ce37dfa9f1c385b8ad2837d36bc40a491a,largest qualifying empirical sample grid horizon,largest qualifying empirical sample grid horizon,,,,,,no qualifying grid horizon (<32); not a measured zero horizon,no qualifying grid horizon (<32); not a measured zero horizon,209.70703125,MIXED_4_8_TOP2,209.70703125,58575,9ee66a503c00ee889cc40bca663f34ce37dfa9f1c385b8ad2837d36bc40a491a,0.0,MIXED_4_8_TOP2,0.0,58575,9ee66a503c00ee889cc40bca663f34ce37dfa9f1c385b8ad2837d36bc40a491a
POST_HOC_BUDGET_AUDIT_SAME_TEST,0,MIXED_4_8_TOP2,128,258383,2018.6171875,1784,30031,630,5,MIXED_4_8_TOP2;STOCHASTIC_4;UNIFORM_2;UNIFORM_3;UNIFORM_4,False,"best feasible on the reused TEST sample; not DEV-selected, independent confirmation, or a superiority test","maximize the named metric, then RMST; minimize total bytes, then arm name lexicographically",lower-bound or point-estimate ordering does not establish statistical superiority,NOT_MEASURED,9ee66a503c00ee889cc40bca663f34ce37dfa9f1c385b8ad2837d36bc40a491a,64,MIXED_4_8_TOP2,64,258383,9ee66a503c00ee889cc40bca663f34ce37dfa9f1c385b8ad2837d36bc40a491a,largest qualifying empirical sample grid horizon,largest qualifying empirical sample grid horizon,64,MIXED_4_8_TOP2,64,258383,9ee66a503c00ee889cc40bca663f34ce37dfa9f1c385b8ad2837d36bc40a491a,simultaneous confidence-supported lower bound >= 64,simultaneous confidence-supported lower bound >= 64,64,MIXED_4_8_TOP2,64,258383,9ee66a503c00ee889cc40bca663f34ce37dfa9f1c385b8ad2837d36bc40a491a,largest qualifying empirical sample grid horizon,largest qualifying empirical sample grid horizon,,,,,,no qualifying grid horizon (<32); not a measured zero horizon,no qualifying grid horizon (<32); not a measured zero horizon,209.70703125,MIXED_4_8_TOP2,209.70703125,258383,9ee66a503c00ee889cc40bca663f34ce37dfa9f1c385b8ad2837d36bc40a491a,0.0,MIXED_4_8_TOP2,0.0,258383,9ee66a503c00ee889cc40bca663f34ce37dfa9f1c385b8ad2837d36bc40a491a
POST_HOC_BUDGET_AUDIT_SAME_TEST,0,MIXED_4_8_TOP5,1,32103,32103.0,2072,30031,630,9,MIXED_4_8;MIXED_4_8_TOP2;MIXED_4_8_TOP5;STOCHASTIC_4;UNIFORM_2;UNIFORM_3;UNIFORM_4;UNIFORM_5;UNIFORM_6,False,"best feasible on the reused TEST sample; not DEV-selected, independent confirmation, or a superiority test","maximize the named metric, then RMST; minimize total bytes, then arm name lexicographically",lower-bound or point-estimate ordering does not establish statistical superiority,NOT_MEASURED,a6cd917db8176d62391caf61df81a18ecf003b8e5b93543e4eeb726acc4c81bf,128,UNIFORM_6,128,31986,042899ac254c056dcebb416c0240983d5ce1cbc3dfae38145bf8c976c8bec584,largest qualifying empirical sample grid horizon,largest qualifying empirical sample grid horizon,64,UNIFORM_6,64,31986,042899ac254c056dcebb416c0240983d5ce1cbc3dfae38145bf8c976c8bec584,simultaneous confidence-supported lower bound >= 64,simultaneous confidence-supported lower bound >= 64,64,UNIFORM_6,64,31986,042899ac254c056dcebb416c0240983d5ce1cbc3dfae38145bf8c976c8bec584,largest qualifying empirical sample grid horizon,largest qualifying empirical sample grid horizon,,,,,,no qualifying grid horizon (<32); not a measured zero horizon,no qualifying grid horizon (<32); not a measured zero horizon,228.732421875,UNIFORM_6,273.939453125,31986,042899ac254c056dcebb416c0240983d5ce1cbc3dfae38145bf8c976c8bec584,0.0,UNIFORM_6,0.0,31986,042899ac254c056dcebb416c0240983d5ce1cbc3dfae38145bf8c976c8bec584
POST_HOC_BUDGET_AUDIT_SAME_TEST,0,MIXED_4_8_TOP5,16,63183,3948.9375,2072,30031,630,8,MIXED_4_8;MIXED_4_8_TOP2;MIXED_4_8_TOP5;STOCHASTIC_4;UNIFORM_2;UNIFORM_3;UNIFORM_4;UNIFORM_5,False,"best feasible on the reused TEST sample; not DEV-selected, independent confirmation, or a superiority test","maximize the named metric, then RMST; minimize total bytes, then arm name lexicographically",lower-bound or point-estimate ordering does not establish statistical superiority,NOT_MEASURED,a6cd917db8176d62391caf61df81a18ecf003b8e5b93543e4eeb726acc4c81bf,128,MIXED_4_8,128,61647,e637ec3a3976426612aad748fe02dfd1dc19781c0552116414218c6b34ce8267,largest qualifying empirical sample grid horizon,largest qualifying empirical sample grid horizon,64,UNIFORM_5,64,61242,28a63b3bcfb341acad0bcfb5eb6ebb7d4753d2373eca6a2f3d9e120391b25b26,simultaneous confidence-supported lower bound >= 64,simultaneous confidence-supported lower bound >= 64,64,UNIFORM_5,64,61242,28a63b3bcfb341acad0bcfb5eb6ebb7d4753d2373eca6a2f3d9e120391b25b26,largest qualifying empirical sample grid horizon,largest qualifying empirical sample grid horizon,,,,,,no qualifying grid horizon (<32); not a measured zero horizon,no qualifying grid horizon (<32); not a measured zero horizon,228.732421875,UNIFORM_5,235.82421875,61242,28a63b3bcfb341acad0bcfb5eb6ebb7d4753d2373eca6a2f3d9e120391b25b26,0.0,UNIFORM_5,0.0,61242,28a63b3bcfb341acad0bcfb5eb6ebb7d4753d2373eca6a2f3d9e120391b25b26
POST_HOC_BUDGET_AUDIT_SAME_TEST,0,MIXED_4_8_TOP5,128,295247,2306.6171875,2072,30031,630,8,MIXED_4_8;MIXED_4_8_TOP2;MIXED_4_8_TOP5;STOCHASTIC_4;UNIFORM_2;UNIFORM_3;UNIFORM_4;UNIFORM_5,False,"best feasible on the reused TEST sample; not DEV-selected, independent confirmation, or a superiority test","maximize the named metric, then RMST; minimize total bytes, then arm name lexicographically",lower-bound or point-estimate ordering does not establish statistical superiority,NOT_MEASURED,a6cd917db8176d62391caf61df81a18ecf003b8e5b93543e4eeb726acc4c81bf,128,MIXED_4_8,128,282959,e637ec3a3976426612aad748fe02dfd1dc19781c0552116414218c6b34ce8267,largest qualifying empirical sample grid horizon,largest qualifying empirical sample grid horizon,64,UNIFORM_5,64,282554,28a63b3bcfb341acad0bcfb5eb6ebb7d4753d2373eca6a2f3d9e120391b25b26,simultaneous confidence-supported lower bound >= 64,simultaneous confidence-supported lower bound >= 64,64,UNIFORM_5,64,282554,28a63b3bcfb341acad0bcfb5eb6ebb7d4753d2373eca6a2f3d9e120391b25b26,largest qualifying empirical sample grid horizon,largest qualifying empirical sample grid horizon,,,,,,no qualifying grid horizon (<32); not a measured zero horizon,no qualifying grid horizon (<32); not a measured zero horizon,228.732421875,UNIFORM_5,235.82421875,282554,28a63b3bcfb341acad0bcfb5eb6ebb7d4753d2373eca6a2f3d9e120391b25b26,0.0,UNIFORM_5,0.0,282554,28a63b3bcfb341acad0bcfb5eb6ebb7d4753d2373eca6a2f3d9e120391b25b26
POST_HOC_BUDGET_AUDIT_SAME_TEST,0,MIXED_6_8,1,32775,32775.0,2744,30031,630,14,MIXED_4_8;MIXED_4_8_TOP2;MIXED_4_8_TOP5;MIXED_6_8;MIXED_6_8_TOP1;MIXED_6_8_TOP4;STOCHASTIC_4;UNIFORM_2;UNIFORM_3;UNIFORM_4;UNIFORM_5;UNIFORM_6;UNIFORM_7;UNIFORM_8,False,"best feasible on the reused TEST sample; not DEV-selected, independent confirmation, or a superiority test","maximize the named metric, then RMST; minimize total bytes, then arm name lexicographically",lower-bound or point-estimate ordering does not establish statistical superiority,NOT_MEASURED,2339246dc9135bec8b08e7fbcde7af7065f3c4784576e58662137aab13bec5cc,128,MIXED_6_8_TOP4,128,32583,5634fdc7e3a49c16c560b8bfaef3210a18bf6e51331f2b98444cb8e095e8e208,largest qualifying empirical sample grid horizon,largest qualifying empirical sample grid horizon,64,MIXED_6_8_TOP4,64,32583,5634fdc7e3a49c16c560b8bfaef3210a18bf6e51331f2b98444cb8e095e8e208,simultaneous confidence-supported lower bound >= 64,simultaneous confidence-supported lower bound >= 64,64,MIXED_6_8_TOP4,64,32583,5634fdc7e3a49c16c560b8bfaef3210a18bf6e51331f2b98444cb8e095e8e208,largest qualifying empirical sample grid horizon,largest qualifying empirical sample grid horizon,,,,,,no qualifying grid horizon (<32); not a measured zero horizon,no qualifying grid horizon (<32); not a measured zero horizon,276.1171875,MIXED_6_8_TOP4,283.775390625,32583,5634fdc7e3a49c16c560b8bfaef3210a18bf6e51331f2b98444cb8e095e8e208,0.0,MIXED_6_8_TOP4,0.0,32583,5634fdc7e3a49c16c560b8bfaef3210a18bf6e51331f2b98444cb8e095e8e208
POST_HOC_BUDGET_AUDIT_SAME_TEST,0,MIXED_6_8,16,73935,4620.9375,2744,30031,630,13,MIXED_4_8;MIXED_4_8_TOP2;MIXED_4_8_TOP5;MIXED_6_8;MIXED_6_8_TOP1;MIXED_6_8_TOP4;STOCHASTIC_4;UNIFORM_2;UNIFORM_3;UNIFORM_4;UNIFORM_5;UNIFORM_6;UNIFORM_7,False,"best feasible on the reused TEST sample; not DEV-selected, independent confirmation, or a superiority test","maximize the named metric, then RMST; minimize total bytes, then arm name lexicographically",lower-bound or point-estimate ordering does not establish statistical superiority,NOT_MEASURED,2339246dc9135bec8b08e7fbcde7af7065f3c4784576e58662137aab13bec5cc,128,MIXED_6_8_TOP4,128,70863,5634fdc7e3a49c16c560b8bfaef3210a18bf6e51331f2b98444cb8e095e8e208,largest qualifying empirical sample grid horizon,largest qualifying empirical sample grid horizon,64,MIXED_6_8_TOP4,64,70863,5634fdc7e3a49c16c560b8bfaef3210a18bf6e51331f2b98444cb8e095e8e208,simultaneous confidence-supported lower bound >= 64,simultaneous confidence-supported lower bound >= 64,64,MIXED_6_8_TOP4,64,70863,5634fdc7e3a49c16c560b8bfaef3210a18bf6e51331f2b98444cb8e095e8e208,largest qualifying empirical sample grid horizon,largest qualifying empirical sample grid horizon,,,,,,no qualifying grid horizon (<32); not a measured zero horizon,no qualifying grid horizon (<32); not a measured zero horizon,276.1171875,MIXED_6_8_TOP4,283.775390625,70863,5634fdc7e3a49c16c560b8bfaef3210a18bf6e51331f2b98444cb8e095e8e208,0.0,MIXED_6_8_TOP4,0.0,70863,5634fdc7e3a49c16c560b8bfaef3210a18bf6e51331f2b98444cb8e095e8e208
POST_HOC_BUDGET_AUDIT_SAME_TEST,0,MIXED_6_8,128,381263,2978.6171875,2744,30031,630,13,MIXED_4_8;MIXED_4_8_TOP2;MIXED_4_8_TOP5;MIXED_6_8;MIXED_6_8_TOP1;MIXED_6_8_TOP4;STOCHASTIC_4;UNIFORM_2;UNIFORM_3;UNIFORM_4;UNIFORM_5;UNIFORM_6;UNIFORM_7,False,"best feasible on the reused TEST sample; not DEV-selected, independent confirmation, or a superiority test","maximize the named metric, then RMST; minimize total bytes, then arm name lexicographically",lower-bound or point-estimate ordering does not establish statistical superiority,NOT_MEASURED,2339246dc9135bec8b08e7fbcde7af7065f3c4784576e58662137aab13bec5cc,128,MIXED_6_8_TOP4,128,356687,5634fdc7e3a49c16c560b8bfaef3210a18bf6e51331f2b98444cb8e095e8e208,largest qualifying empirical sample grid horizon,largest qualifying empirical sample grid horizon,64,MIXED_6_8_TOP4,64,356687,5634fdc7e3a49c16c560b8bfaef3210a18bf6e51331f2b98444cb8e095e8e208,simultaneous confidence-supported lower bound >= 64,simultaneous confidence-supported lower bound >= 64,64,MIXED_6_8_TOP4,64,356687,5634fdc7e3a49c16c560b8bfaef3210a18bf6e51331f2b98444cb8e095e8e208,largest qualifying empirical sample grid horizon,largest qualifying empirical sample grid horizon,,,,,,no qualifying grid horizon (<32); not a measured zero horizon,no qualifying grid horizon (<32); not a measured zero horizon,276.1171875,MIXED_6_8_TOP4,283.775390625,356687,5634fdc7e3a49c16c560b8bfaef3210a18bf6e51331f2b98444cb8e095e8e208,0.0,MIXED_6_8_TOP4,0.0,356687,5634fdc7e3a49c16c560b8bfaef3210a18bf6e51331f2b98444cb8e095e8e208
POST_HOC_BUDGET_AUDIT_SAME_TEST,0,MIXED_6_8_TOP1,1,32439,32439.0,2408,30031,630,11,MIXED_4_8;MIXED_4_8_TOP2;MIXED_4_8_TOP5;MIXED_6_8_TOP1;STOCHASTIC_4;UNIFORM_2;UNIFORM_3;UNIFORM_4;UNIFORM_5;UNIFORM_6;UNIFORM_7,False,"best feasible on the reused TEST sample; not DEV-selected, independent confirmation, or a superiority test","maximize the named metric, then RMST; minimize total bytes, then arm name lexicographically",lower-bound or point-estimate ordering does not establish statistical superiority,NOT_MEASURED,a8293492b2feae01420fa2a7c2158fae74292a166e9cfcd38c8aa2354e7fdda4,128,UNIFORM_7,128,32370,51d3ab72117ce923eb5d3ddf30d904222c8d4da963492883dc9f6b30eae29058,largest qualifying empirical sample grid horizon,largest qualifying empirical sample grid horizon,64,UNIFORM_7,64,32370,51d3ab72117ce923eb5d3ddf30d904222c8d4da963492883dc9f6b30eae29058,simultaneous confidence-supported lower bound >= 64,simultaneous confidence-supported lower bound >= 64,64,UNIFORM_7,64,32370,51d3ab72117ce923eb5d3ddf30d904222c8d4da963492883dc9f6b30eae29058,largest qualifying empirical sample grid horizon,largest qualifying empirical sample grid horizon,,,,,,no qualifying grid horizon (<32); not a measured zero horizon,no qualifying grid horizon (<32); not a measured zero horizon,273.408203125,UNIFORM_7,282.333984375,32370,51d3ab72117ce923eb5d3ddf30d904222c8d4da963492883dc9f6b30eae29058,0.0,UNIFORM_7,0.0,32370,51d3ab72117ce923eb5d3ddf30d904222c8d4da963492883dc9f6b30eae29058
POST_HOC_BUDGET_AUDIT_SAME_TEST,0,MIXED_6_8_TOP1,16,68559,4284.9375,2408,30031,630,10,MIXED_4_8;MIXED_4_8_TOP2;MIXED_4_8_TOP5;MIXED_6_8_TOP1;STOCHASTIC_4;UNIFORM_2;UNIFORM_3;UNIFORM_4;UNIFORM_5;UNIFORM_6,False,"best feasible on the reused TEST sample; not DEV-selected, independent confirmation, or a superiority test","maximize the named metric, then RMST; minimize total bytes, then arm name lexicographically",lower-bound or point-estimate ordering does not establish statistical superiority,NOT_MEASURED,a8293492b2feae01420fa2a7c2158fae74292a166e9cfcd38c8aa2354e7fdda4,128,UNIFORM_6,128,67386,042899ac254c056dcebb416c0240983d5ce1cbc3dfae38145bf8c976c8bec584,largest qualifying empirical sample grid horizon,largest qualifying empirical sample grid horizon,64,UNIFORM_6,64,67386,042899ac254c056dcebb416c0240983d5ce1cbc3dfae38145bf8c976c8bec584,simultaneous confidence-supported lower bound >= 64,simultaneous confidence-supported lower bound >= 64,64,UNIFORM_6,64,67386,042899ac254c056dcebb416c0240983d5ce1cbc3dfae38145bf8c976c8bec584,largest qualifying empirical sample grid horizon,largest qualifying empirical sample grid horizon,,,,,,no qualifying grid horizon (<32); not a measured zero horizon,no qualifying grid horizon (<32); not a measured zero horizon,273.408203125,UNIFORM_6,273.939453125,67386,042899ac254c056dcebb416c0240983d5ce1cbc3dfae38145bf8c976c8bec584,0.0,UNIFORM_6,0.0,67386,042899ac254c056dcebb416c0240983d5ce1cbc3dfae38145bf8c976c8bec584
POST_HOC_BUDGET_AUDIT_SAME_TEST,0,MIXED_6_8_TOP1,128,338255,2642.6171875,2408,30031,630,10,MIXED_4_8;MIXED_4_8_TOP2;MIXED_4_8_TOP5;MIXED_6_8_TOP1;STOCHASTIC_4;UNIFORM_2;UNIFORM_3;UNIFORM_4;UNIFORM_5;UNIFORM_6,False,"best feasible on the reused TEST sample; not DEV-selected, independent confirmation, or a superiority test","maximize the named metric, then RMST; minimize total bytes, then arm name lexicographically",lower-bound or point-estimate ordering does not establish statistical superiority,NOT_MEASURED,a8293492b2feae01420fa2a7c2158fae74292a166e9cfcd38c8aa2354e7fdda4,128,UNIFORM_6,128,331706,042899ac254c056dcebb416c0240983d5ce1cbc3dfae38145bf8c976c8bec584,largest qualifying empirical sample grid horizon,largest qualifying empirical sample grid horizon,64,UNIFORM_6,64,331706,042899ac254c056dcebb416c0240983d5ce1cbc3dfae38145bf8c976c8bec584,simultaneous confidence-supported lower bound >= 64,simultaneous confidence-supported lower bound >= 64,64,UNIFORM_6,64,331706,042899ac254c056dcebb416c0240983d5ce1cbc3dfae38145bf8c976c8bec584,largest qualifying empirical sample grid horizon,largest qualifying empirical sample grid horizon,,,,,,no qualifying grid horizon (<32); not a measured zero horizon,no qualifying grid horizon (<32); not a measured zero horizon,273.408203125,UNIFORM_6,273.939453125,331706,042899ac254c056dcebb416c0240983d5ce1cbc3dfae38145bf8c976c8bec584,0.0,UNIFORM_6,0.0,331706,042899ac254c056dcebb416c0240983d5ce1cbc3dfae38145bf8c976c8bec584
POST_HOC_BUDGET_AUDIT_SAME_TEST,0,MIXED_6_8_TOP4,1,32583,32583.0,2552,30031,630,12,MIXED_4_8;MIXED_4_8_TOP2;MIXED_4_8_TOP5;MIXED_6_8_TOP1;MIXED_6_8_TOP4;STOCHASTIC_4;UNIFORM_2;UNIFORM_3;UNIFORM_4;UNIFORM_5;UNIFORM_6;UNIFORM_7,False,"best feasible on the reused TEST sample; not DEV-selected, independent confirmation, or a superiority test","maximize the named metric, then RMST; minimize total bytes, then arm name lexicographically",lower-bound or point-estimate ordering does not establish statistical superiority,NOT_MEASURED,5634fdc7e3a49c16c560b8bfaef3210a18bf6e51331f2b98444cb8e095e8e208,128,MIXED_6_8_TOP4,128,32583,5634fdc7e3a49c16c560b8bfaef3210a18bf6e51331f2b98444cb8e095e8e208,largest qualifying empirical sample grid horizon,largest qualifying empirical sample grid horizon,64,MIXED_6_8_TOP4,64,32583,5634fdc7e3a49c16c560b8bfaef3210a18bf6e51331f2b98444cb8e095e8e208,simultaneous confidence-supported lower bound >= 64,simultaneous confidence-supported lower bound >= 64,64,MIXED_6_8_TOP4,64,32583,5634fdc7e3a49c16c560b8bfaef3210a18bf6e51331f2b98444cb8e095e8e208,largest qualifying empirical sample grid horizon,largest qualifying empirical sample grid horizon,,,,,,no qualifying grid horizon (<32); not a measured zero horizon,no qualifying grid horizon (<32); not a measured zero horizon,283.775390625,MIXED_6_8_TOP4,283.775390625,32583,5634fdc7e3a49c16c560b8bfaef3210a18bf6e51331f2b98444cb8e095e8e208,0.0,MIXED_6_8_TOP4,0.0,32583,5634fdc7e3a49c16c560b8bfaef3210a18bf6e51331f2b98444cb8e095e8e208
POST_HOC_BUDGET_AUDIT_SAME_TEST,0,MIXED_6_8_TOP4,16,70863,4428.9375,2552,30031,630,11,MIXED_4_8;MIXED_4_8_TOP2;MIXED_4_8_TOP5;MIXED_6_8_TOP1;MIXED_6_8_TOP4;STOCHASTIC_4;UNIFORM_2;UNIFORM_3;UNIFORM_4;UNIFORM_5;UNIFORM_6,False,"best feasible on the reused TEST sample; not DEV-selected, independent confirmation, or a superiority test","maximize the named metric, then RMST; minimize total bytes, then arm name lexicographically",lower-bound or point-estimate ordering does not establish statistical superiority,NOT_MEASURED,5634fdc7e3a49c16c560b8bfaef3210a18bf6e51331f2b98444cb8e095e8e208,128,MIXED_6_8_TOP4,128,70863,5634fdc7e3a49c16c560b8bfaef3210a18bf6e51331f2b98444cb8e095e8e208,largest qualifying empirical sample grid horizon,largest qualifying empirical sample grid horizon,64,MIXED_6_8_TOP4,64,70863,5634fdc7e3a49c16c560b8bfaef3210a18bf6e51331f2b98444cb8e095e8e208,simultaneous confidence-supported lower bound >= 64,simultaneous confidence-supported lower bound >= 64,64,MIXED_6_8_TOP4,64,70863,5634fdc7e3a49c16c560b8bfaef3210a18bf6e51331f2b98444cb8e095e8e208,largest qualifying empirical sample grid horizon,largest qualifying empirical sample grid horizon,,,,,,no qualifying grid horizon (<32); not a measured zero horizon,no qualifying grid horizon (<32); not a measured zero horizon,283.775390625,MIXED_6_8_TOP4,283.775390625,70863,5634fdc7e3a49c16c560b8bfaef3210a18bf6e51331f2b98444cb8e095e8e208,0.0,MIXED_6_8_TOP4,0.0,70863,5634fdc7e3a49c16c560b8bfaef3210a18bf6e51331f2b98444cb8e095e8e208
POST_HOC_BUDGET_AUDIT_SAME_TEST,0,MIXED_6_8_TOP4,128,356687,2786.6171875,2552,30031,630,11,MIXED_4_8;MIXED_4_8_TOP2;MIXED_4_8_TOP5;MIXED_6_8_TOP1;MIXED_6_8_TOP4;STOCHASTIC_4;UNIFORM_2;UNIFORM_3;UNIFORM_4;UNIFORM_5;UNIFORM_6,False,"best feasible on the reused TEST sample; not DEV-selected, independent confirmation, or a superiority test","maximize the named metric, then RMST; minimize total bytes, then arm name lexicographically",lower-bound or point-estimate ordering does not establish statistical superiority,NOT_MEASURED,5634fdc7e3a49c16c560b8bfaef3210a18bf6e51331f2b98444cb8e095e8e208,128,MIXED_6_8_TOP4,128,356687,5634fdc7e3a49c16c560b8bfaef3210a18bf6e51331f2b98444cb8e095e8e208,largest qualifying empirical sample grid horizon,largest qualifying empirical sample grid horizon,64,MIXED_6_8_TOP4,64,356687,5634fdc7e3a49c16c560b8bfaef3210a18bf6e51331f2b98444cb8e095e8e208,simultaneous confidence-supported lower bound >= 64,simultaneous confidence-supported lower bound >= 64,64,MIXED_6_8_TOP4,64,356687,5634fdc7e3a49c16c560b8bfaef3210a18bf6e51331f2b98444cb8e095e8e208,largest qualifying empirical sample grid horizon,largest qualifying empirical sample grid horizon,,,,,,no qualifying grid horizon (<32); not a measured zero horizon,no qualifying grid horizon (<32); not a measured zero horizon,283.775390625,MIXED_6_8_TOP4,283.775390625,356687,5634fdc7e3a49c16c560b8bfaef3210a18bf6e51331f2b98444cb8e095e8e208,0.0,MIXED_6_8_TOP4,0.0,356687,5634fdc7e3a49c16c560b8bfaef3210a18bf6e51331f2b98444cb8e095e8e208
POST_HOC_BUDGET_AUDIT_SAME_TEST,0,NATIVE_FP32,1,41706,41706.0,12296,29410,630,23,MIXED_4_8;MIXED_4_8_TOP2;MIXED_4_8_TOP5;MIXED_6_8;MIXED_6_8_TOP1;MIXED_6_8_TOP4;NATIVE_FP32;STOCHASTIC_4;UNIFORM_10;UNIFORM_11;UNIFORM_12;UNIFORM_13;UNIFORM_14;UNIFORM_15;UNIFORM_16;UNIFORM_2;UNIFORM_3;UNIFORM_4;UNIFORM_5;UNIFORM_6;UNIFORM_7;UNIFORM_8;UNIFORM_9,True,"best feasible on the reused TEST sample; not DEV-selected, independent confirmation, or a superiority test","maximize the named metric, then RMST; minimize total bytes, then arm name lexicographically",lower-bound or point-estimate ordering does not establish statistical superiority,NOT_MEASURED,e0bca20dcc18f266c858757eb1fc0eb221e6127ed04b34dd4e390f8822adcb93,128,UNIFORM_9,128,33138,511e9c8be2f03dce301769beadd89a8b9d83458ef8e2ac988f04803fef528c02,largest qualifying empirical sample grid horizon,largest qualifying empirical sample grid horizon,64,UNIFORM_9,64,33138,511e9c8be2f03dce301769beadd89a8b9d83458ef8e2ac988f04803fef528c02,simultaneous confidence-supported lower bound >= 64,simultaneous confidence-supported lower bound >= 64,64,UNIFORM_9,64,33138,511e9c8be2f03dce301769beadd89a8b9d83458ef8e2ac988f04803fef528c02,largest qualifying empirical sample grid horizon,largest qualifying empirical sample grid horizon,,,,,,no qualifying grid horizon (<32); not a measured zero horizon,no qualifying grid horizon (<32); not a measured zero horizon,283.099609375,UNIFORM_9,284.83203125,33138,511e9c8be2f03dce301769beadd89a8b9d83458ef8e2ac988f04803fef528c02,0.0,UNIFORM_9,0.0,33138,511e9c8be2f03dce301769beadd89a8b9d83458ef8e2ac988f04803fef528c02
POST_HOC_BUDGET_AUDIT_SAME_TEST,0,NATIVE_FP32,16,226146,14134.125,12296,29410,630,23,MIXED_4_8;MIXED_4_8_TOP2;MIXED_4_8_TOP5;MIXED_6_8;MIXED_6_8_TOP1;MIXED_6_8_TOP4;NATIVE_FP32;STOCHASTIC_4;UNIFORM_10;UNIFORM_11;UNIFORM_12;UNIFORM_13;UNIFORM_14;UNIFORM_15;UNIFORM_16;UNIFORM_2;UNIFORM_3;UNIFORM_4;UNIFORM_5;UNIFORM_6;UNIFORM_7;UNIFORM_8;UNIFORM_9,True,"best feasible on the reused TEST sample; not DEV-selected, independent confirmation, or a superiority test","maximize the named metric, then RMST; minimize total bytes, then arm name lexicographically",lower-bound or point-estimate ordering does not establish statistical superiority,NOT_MEASURED,e0bca20dcc18f266c858757eb1fc0eb221e6127ed04b34dd4e390f8822adcb93,128,UNIFORM_9,128,85818,511e9c8be2f03dce301769beadd89a8b9d83458ef8e2ac988f04803fef528c02,largest qualifying empirical sample grid horizon,largest qualifying empirical sample grid horizon,64,UNIFORM_9,64,85818,511e9c8be2f03dce301769beadd89a8b9d83458ef8e2ac988f04803fef528c02,simultaneous confidence-supported lower bound >= 64,simultaneous confidence-supported lower bound >= 64,64,UNIFORM_9,64,85818,511e9c8be2f03dce301769beadd89a8b9d83458ef8e2ac988f04803fef528c02,largest qualifying empirical sample grid horizon,largest qualifying empirical sample grid horizon,,,,,,no qualifying grid horizon (<32); not a measured zero horizon,no qualifying grid horizon (<32); not a measured zero horizon,283.099609375,UNIFORM_9,284.83203125,85818,511e9c8be2f03dce301769beadd89a8b9d83458ef8e2ac988f04803fef528c02,0.0,UNIFORM_9,0.0,85818,511e9c8be2f03dce301769beadd89a8b9d83458ef8e2ac988f04803fef528c02
POST_HOC_BUDGET_AUDIT_SAME_TEST,0,NATIVE_FP32,128,1603298,12525.765625,12296,29410,630,23,MIXED_4_8;MIXED_4_8_TOP2;MIXED_4_8_TOP5;MIXED_6_8;MIXED_6_8_TOP1;MIXED_6_8_TOP4;NATIVE_FP32;STOCHASTIC_4;UNIFORM_10;UNIFORM_11;UNIFORM_12;UNIFORM_13;UNIFORM_14;UNIFORM_15;UNIFORM_16;UNIFORM_2;UNIFORM_3;UNIFORM_4;UNIFORM_5;UNIFORM_6;UNIFORM_7;UNIFORM_8;UNIFORM_9,True,"best feasible on the reused TEST sample; not DEV-selected, independent confirmation, or a superiority test","maximize the named metric, then RMST; minimize total bytes, then arm name lexicographically",lower-bound or point-estimate ordering does not establish statistical superiority,NOT_MEASURED,e0bca20dcc18f266c858757eb1fc0eb221e6127ed04b34dd4e390f8822adcb93,128,UNIFORM_9,128,479162,511e9c8be2f03dce301769beadd89a8b9d83458ef8e2ac988f04803fef528c02,largest qualifying empirical sample grid horizon,largest qualifying empirical sample grid horizon,64,UNIFORM_9,64,479162,511e9c8be2f03dce301769beadd89a8b9d83458ef8e2ac988f04803fef528c02,simultaneous confidence-supported lower bound >= 64,simultaneous confidence-supported lower bound >= 64,64,UNIFORM_9,64,479162,511e9c8be2f03dce301769beadd89a8b9d83458ef8e2ac988f04803fef528c02,largest qualifying empirical sample grid horizon,largest qualifying empirical sample grid horizon,,,,,,no qualifying grid horizon (<32); not a measured zero horizon,no qualifying grid horizon (<32); not a measured zero horizon,283.099609375,UNIFORM_9,284.83203125,479162,511e9c8be2f03dce301769beadd89a8b9d83458ef8e2ac988f04803fef528c02,0.0,UNIFORM_9,0.0,479162,511e9c8be2f03dce301769beadd89a8b9d83458ef8e2ac988f04803fef528c02
POST_HOC_BUDGET_AUDIT_SAME_TEST,0,STOCHASTIC_4,1,31286,31286.0,1608,29678,630,4,STOCHASTIC_4;UNIFORM_2;UNIFORM_3;UNIFORM_4,False,"best feasible on the reused TEST sample; not DEV-selected, independent confirmation, or a superiority test","maximize the named metric, then RMST; minimize total bytes, then arm name lexicographically",lower-bound or point-estimate ordering does not establish statistical superiority,NOT_MEASURED,4fb0dd3414cc4affb2020cd482e337edd2ed7dc3698605e76c2e7828b2066ffd,32,UNIFORM_4,64,31218,43456578878df7cc3cdaf4b452dd3dee8f9c75cedf75a2f2dd068e3267fb350b,largest qualifying empirical sample grid horizon,largest qualifying empirical sample grid horizon,32,UNIFORM_4,32,31218,43456578878df7cc3cdaf4b452dd3dee8f9c75cedf75a2f2dd068e3267fb350b,simultaneous confidence-supported lower bound >= 32,simultaneous confidence-supported lower bound >= 32,,UNIFORM_4,32,31218,43456578878df7cc3cdaf4b452dd3dee8f9c75cedf75a2f2dd068e3267fb350b,no qualifying grid horizon (<32); not a measured zero horizon,largest qualifying empirical sample grid horizon,,,,,,no qualifying grid horizon (<32); not a measured zero horizon,no qualifying grid horizon (<32); not a measured zero horizon,80.123046875,UNIFORM_4,147.93359375,31218,43456578878df7cc3cdaf4b452dd3dee8f9c75cedf75a2f2dd068e3267fb350b,0.0,UNIFORM_4,0.0,31218,43456578878df7cc3cdaf4b452dd3dee8f9c75cedf75a2f2dd068e3267fb350b
POST_HOC_BUDGET_AUDIT_SAME_TEST,0,STOCHASTIC_4,16,55406,3462.875,1608,29678,630,4,STOCHASTIC_4;UNIFORM_2;UNIFORM_3;UNIFORM_4,False,"best feasible on the reused TEST sample; not DEV-selected, independent confirmation, or a superiority test","maximize the named metric, then RMST; minimize total bytes, then arm name lexicographically",lower-bound or point-estimate ordering does not establish statistical superiority,NOT_MEASURED,4fb0dd3414cc4affb2020cd482e337edd2ed7dc3698605e76c2e7828b2066ffd,32,UNIFORM_4,64,55098,43456578878df7cc3cdaf4b452dd3dee8f9c75cedf75a2f2dd068e3267fb350b,largest qualifying empirical sample grid horizon,largest qualifying empirical sample grid horizon,32,UNIFORM_4,32,55098,43456578878df7cc3cdaf4b452dd3dee8f9c75cedf75a2f2dd068e3267fb350b,simultaneous confidence-supported lower bound >= 32,simultaneous confidence-supported lower bound >= 32,,UNIFORM_4,32,55098,43456578878df7cc3cdaf4b452dd3dee8f9c75cedf75a2f2dd068e3267fb350b,no qualifying grid horizon (<32); not a measured zero horizon,largest qualifying empirical sample grid horizon,,,,,,no qualifying grid horizon (<32); not a measured zero horizon,no qualifying grid horizon (<32); not a measured zero horizon,80.123046875,UNIFORM_4,147.93359375,55098,43456578878df7cc3cdaf4b452dd3dee8f9c75cedf75a2f2dd068e3267fb350b,0.0,UNIFORM_4,0.0,55098,43456578878df7cc3cdaf4b452dd3dee8f9c75cedf75a2f2dd068e3267fb350b
POST_HOC_BUDGET_AUDIT_SAME_TEST,0,STOCHASTIC_4,128,235502,1839.859375,1608,29678,630,4,STOCHASTIC_4;UNIFORM_2;UNIFORM_3;UNIFORM_4,False,"best feasible on the reused TEST sample; not DEV-selected, independent confirmation, or a superiority test","maximize the named metric, then RMST; minimize total bytes, then arm name lexicographically",lower-bound or point-estimate ordering does not establish statistical superiority,NOT_MEASURED,4fb0dd3414cc4affb2020cd482e337edd2ed7dc3698605e76c2e7828b2066ffd,32,UNIFORM_4,64,233402,43456578878df7cc3cdaf4b452dd3dee8f9c75cedf75a2f2dd068e3267fb350b,largest qualifying empirical sample grid horizon,largest qualifying empirical sample grid horizon,32,UNIFORM_4,32,233402,43456578878df7cc3cdaf4b452dd3dee8f9c75cedf75a2f2dd068e3267fb350b,simultaneous confidence-supported lower bound >= 32,simultaneous confidence-supported lower bound >= 32,,UNIFORM_4,32,233402,43456578878df7cc3cdaf4b452dd3dee8f9c75cedf75a2f2dd068e3267fb350b,no qualifying grid horizon (<32); not a measured zero horizon,largest qualifying empirical sample grid horizon,,,,,,no qualifying grid horizon (<32); not a measured zero horizon,no qualifying grid horizon (<32); not a measured zero horizon,80.123046875,UNIFORM_4,147.93359375,233402,43456578878df7cc3cdaf4b452dd3dee8f9c75cedf75a2f2dd068e3267fb350b,0.0,UNIFORM_4,0.0,233402,43456578878df7cc3cdaf4b452dd3dee8f9c75cedf75a2f2dd068e3267fb350b
POST_HOC_BUDGET_AUDIT_SAME_TEST,0,UNIFORM_10,1,33523,33523.0,3896,29627,630,16,MIXED_4_8;MIXED_4_8_TOP2;MIXED_4_8_TOP5;MIXED_6_8;MIXED_6_8_TOP1;MIXED_6_8_TOP4;STOCHASTIC_4;UNIFORM_10;UNIFORM_2;UNIFORM_3;UNIFORM_4;UNIFORM_5;UNIFORM_6;UNIFORM_7;UNIFORM_8;UNIFORM_9,False,"best feasible on the reused TEST sample; not DEV-selected, independent confirmation, or a superiority test","maximize the named metric, then RMST; minimize total bytes, then arm name lexicographically",lower-bound or point-estimate ordering does not establish statistical superiority,NOT_MEASURED,4f371bf745278051b9ecabf1f0e422a2d6f5d33b16117c01594710026eb11267,128,UNIFORM_9,128,33138,511e9c8be2f03dce301769beadd89a8b9d83458ef8e2ac988f04803fef528c02,largest qualifying empirical sample grid horizon,largest qualifying empirical sample grid horizon,64,UNIFORM_9,64,33138,511e9c8be2f03dce301769beadd89a8b9d83458ef8e2ac988f04803fef528c02,simultaneous confidence-supported lower bound >= 64,simultaneous confidence-supported lower bound >= 64,64,UNIFORM_9,64,33138,511e9c8be2f03dce301769beadd89a8b9d83458ef8e2ac988f04803fef528c02,largest qualifying empirical sample grid horizon,largest qualifying empirical sample grid horizon,,,,,,no qualifying grid horizon (<32); not a measured zero horizon,no qualifying grid horizon (<32); not a measured zero horizon,283.822265625,UNIFORM_9,284.83203125,33138,511e9c8be2f03dce301769beadd89a8b9d83458ef8e2ac988f04803fef528c02,0.0,UNIFORM_9,0.0,33138,511e9c8be2f03dce301769beadd89a8b9d83458ef8e2ac988f04803fef528c02
POST_HOC_BUDGET_AUDIT_SAME_TEST,0,UNIFORM_10,16,91963,5747.6875,3896,29627,630,16,MIXED_4_8;MIXED_4_8_TOP2;MIXED_4_8_TOP5;MIXED_6_8;MIXED_6_8_TOP1;MIXED_6_8_TOP4;STOCHASTIC_4;UNIFORM_10;UNIFORM_2;UNIFORM_3;UNIFORM_4;UNIFORM_5;UNIFORM_6;UNIFORM_7;UNIFORM_8;UNIFORM_9,False,"best feasible on the reused TEST sample; not DEV-selected, independent confirmation, or a superiority test","maximize the named metric, then RMST; minimize total bytes, then arm name lexicographically",lower-bound or point-estimate ordering does not establish statistical superiority,NOT_MEASURED,4f371bf745278051b9ecabf1f0e422a2d6f5d33b16117c01594710026eb11267,128,UNIFORM_9,128,85818,511e9c8be2f03dce301769beadd89a8b9d83458ef8e2ac988f04803fef528c02,largest qualifying empirical sample grid horizon,largest qualifying empirical sample grid horizon,64,UNIFORM_9,64,85818,511e9c8be2f03dce301769beadd89a8b9d83458ef8e2ac988f04803fef528c02,simultaneous confidence-supported lower bound >= 64,simultaneous confidence-supported lower bound >= 64,64,UNIFORM_9,64,85818,511e9c8be2f03dce301769beadd89a8b9d83458ef8e2ac988f04803fef528c02,largest qualifying empirical sample grid horizon,largest qualifying empirical sample grid horizon,,,,,,no qualifying grid horizon (<32); not a measured zero horizon,no qualifying grid horizon (<32); not a measured zero horizon,283.822265625,UNIFORM_9,284.83203125,85818,511e9c8be2f03dce301769beadd89a8b9d83458ef8e2ac988f04803fef528c02,0.0,UNIFORM_9,0.0,85818,511e9c8be2f03dce301769beadd89a8b9d83458ef8e2ac988f04803fef528c02
POST_HOC_BUDGET_AUDIT_SAME_TEST,0,UNIFORM_10,128,528315,4127.4609375,3896,29627,630,16,MIXED_4_8;MIXED_4_8_TOP2;MIXED_4_8_TOP5;MIXED_6_8;MIXED_6_8_TOP1;MIXED_6_8_TOP4;STOCHASTIC_4;UNIFORM_10;UNIFORM_2;UNIFORM_3;UNIFORM_4;UNIFORM_5;UNIFORM_6;UNIFORM_7;UNIFORM_8;UNIFORM_9,False,"best feasible on the reused TEST sample; not DEV-selected, independent confirmation, or a superiority test","maximize the named metric, then RMST; minimize total bytes, then arm name lexicographically",lower-bound or point-estimate ordering does not establish statistical superiority,NOT_MEASURED,4f371bf745278051b9ecabf1f0e422a2d6f5d33b16117c01594710026eb11267,128,UNIFORM_9,128,479162,511e9c8be2f03dce301769beadd89a8b9d83458ef8e2ac988f04803fef528c02,largest qualifying empirical sample grid horizon,largest qualifying empirical sample grid horizon,64,UNIFORM_9,64,479162,511e9c8be2f03dce301769beadd89a8b9d83458ef8e2ac988f04803fef528c02,simultaneous confidence-supported lower bound >= 64,simultaneous confidence-supported lower bound >= 64,64,UNIFORM_9,64,479162,511e9c8be2f03dce301769beadd89a8b9d83458ef8e2ac988f04803fef528c02,largest qualifying empirical sample grid horizon,largest qualifying empirical sample grid horizon,,,,,,no qualifying grid horizon (<32); not a measured zero horizon,no qualifying grid horizon (<32); not a measured zero horizon,283.822265625,UNIFORM_9,284.83203125,479162,511e9c8be2f03dce301769beadd89a8b9d83458ef8e2ac988f04803fef528c02,0.0,UNIFORM_9,0.0,479162,511e9c8be2f03dce301769beadd89a8b9d83458ef8e2ac988f04803fef528c02
POST_HOC_BUDGET_AUDIT_SAME_TEST,0,UNIFORM_11,1,33907,33907.0,4280,29627,630,17,MIXED_4_8;MIXED_4_8_TOP2;MIXED_4_8_TOP5;MIXED_6_8;MIXED_6_8_TOP1;MIXED_6_8_TOP4;STOCHASTIC_4;UNIFORM_10;UNIFORM_11;UNIFORM_2;UNIFORM_3;UNIFORM_4;UNIFORM_5;UNIFORM_6;UNIFORM_7;UNIFORM_8;UNIFORM_9,False,"best feasible on the reused TEST sample; not DEV-selected, independent confirmation, or a superiority test","maximize the named metric, then RMST; minimize total bytes, then arm name lexicographically",lower-bound or point-estimate ordering does not establish statistical superiority,NOT_MEASURED,d26a66e069a77d5a4a21974d65f97e2c0796b2fc96527006b39eb81406f01867,128,UNIFORM_9,128,33138,511e9c8be2f03dce301769beadd89a8b9d83458ef8e2ac988f04803fef528c02,largest qualifying empirical sample grid horizon,largest qualifying empirical sample grid horizon,64,UNIFORM_9,64,33138,511e9c8be2f03dce301769beadd89a8b9d83458ef8e2ac988f04803fef528c02,simultaneous confidence-supported lower bound >= 64,simultaneous confidence-supported lower bound >= 64,64,UNIFORM_9,64,33138,511e9c8be2f03dce301769beadd89a8b9d83458ef8e2ac988f04803fef528c02,largest qualifying empirical sample grid horizon,largest qualifying empirical sample grid horizon,,,,,,no qualifying grid horizon (<32); not a measured zero horizon,no qualifying grid horizon (<32); not a measured zero horizon,282.34765625,UNIFORM_9,284.83203125,33138,511e9c8be2f03dce301769beadd89a8b9d83458ef8e2ac988f04803fef528c02,0.0,UNIFORM_9,0.0,33138,511e9c8be2f03dce301769beadd89a8b9d83458ef8e2ac988f04803fef528c02
POST_HOC_BUDGET_AUDIT_SAME_TEST,0,UNIFORM_11,16,98107,6131.6875,4280,29627,630,17,MIXED_4_8;MIXED_4_8_TOP2;MIXED_4_8_TOP5;MIXED_6_8;MIXED_6_8_TOP1;MIXED_6_8_TOP4;STOCHASTIC_4;UNIFORM_10;UNIFORM_11;UNIFORM_2;UNIFORM_3;UNIFORM_4;UNIFORM_5;UNIFORM_6;UNIFORM_7;UNIFORM_8;UNIFORM_9,False,"best feasible on the reused TEST sample; not DEV-selected, independent confirmation, or a superiority test","maximize the named metric, then RMST; minimize total bytes, then arm name lexicographically",lower-bound or point-estimate ordering does not establish statistical superiority,NOT_MEASURED,d26a66e069a77d5a4a21974d65f97e2c0796b2fc96527006b39eb81406f01867,128,UNIFORM_9,128,85818,511e9c8be2f03dce301769beadd89a8b9d83458ef8e2ac988f04803fef528c02,largest qualifying empirical sample grid horizon,largest qualifying empirical sample grid horizon,64,UNIFORM_9,64,85818,511e9c8be2f03dce301769beadd89a8b9d83458ef8e2ac988f04803fef528c02,simultaneous confidence-supported lower bound >= 64,simultaneous confidence-supported lower bound >= 64,64,UNIFORM_9,64,85818,511e9c8be2f03dce301769beadd89a8b9d83458ef8e2ac988f04803fef528c02,largest qualifying empirical sample grid horizon,largest qualifying empirical sample grid horizon,,,,,,no qualifying grid horizon (<32); not a measured zero horizon,no qualifying grid horizon (<32); not a measured zero horizon,282.34765625,UNIFORM_9,284.83203125,85818,511e9c8be2f03dce301769beadd89a8b9d83458ef8e2ac988f04803fef528c02,0.0,UNIFORM_9,0.0,85818,511e9c8be2f03dce301769beadd89a8b9d83458ef8e2ac988f04803fef528c02
POST_HOC_BUDGET_AUDIT_SAME_TEST,0,UNIFORM_11,128,577467,4511.4609375,4280,29627,630,17,MIXED_4_8;MIXED_4_8_TOP2;MIXED_4_8_TOP5;MIXED_6_8;MIXED_6_8_TOP1;MIXED_6_8_TOP4;STOCHASTIC_4;UNIFORM_10;UNIFORM_11;UNIFORM_2;UNIFORM_3;UNIFORM_4;UNIFORM_5;UNIFORM_6;UNIFORM_7;UNIFORM_8;UNIFORM_9,False,"best feasible on the reused TEST sample; not DEV-selected, independent confirmation, or a superiority test","maximize the named metric, then RMST; minimize total bytes, then arm name lexicographically",lower-bound or point-estimate ordering does not establish statistical superiority,NOT_MEASURED,d26a66e069a77d5a4a21974d65f97e2c0796b2fc96527006b39eb81406f01867,128,UNIFORM_9,128,479162,511e9c8be2f03dce301769beadd89a8b9d83458ef8e2ac988f04803fef528c02,largest qualifying empirical sample grid horizon,largest qualifying empirical sample grid horizon,64,UNIFORM_9,64,479162,511e9c8be2f03dce301769beadd89a8b9d83458ef8e2ac988f04803fef528c02,simultaneous confidence-supported lower bound >= 64,simultaneous confidence-supported lower bound >= 64,64,UNIFORM_9,64,479162,511e9c8be2f03dce301769beadd89a8b9d83458ef8e2ac988f04803fef528c02,largest qualifying empirical sample grid horizon,largest qualifying empirical sample grid horizon,,,,,,no qualifying grid horizon (<32); not a measured zero horizon,no qualifying grid horizon (<32); not a measured zero horizon,282.34765625,UNIFORM_9,284.83203125,479162,511e9c8be2f03dce301769beadd89a8b9d83458ef8e2ac988f04803fef528c02,0.0,UNIFORM_9,0.0,479162,511e9c8be2f03dce301769beadd89a8b9d83458ef8e2ac988f04803fef528c02
POST_HOC_BUDGET_AUDIT_SAME_TEST,0,UNIFORM_12,1,34291,34291.0,4664,29627,630,18,MIXED_4_8;MIXED_4_8_TOP2;MIXED_4_8_TOP5;MIXED_6_8;MIXED_6_8_TOP1;MIXED_6_8_TOP4;STOCHASTIC_4;UNIFORM_10;UNIFORM_11;UNIFORM_12;UNIFORM_2;UNIFORM_3;UNIFORM_4;UNIFORM_5;UNIFORM_6;UNIFORM_7;UNIFORM_8;UNIFORM_9,False,"best feasible on the reused TEST sample; not DEV-selected, independent confirmation, or a superiority test","maximize the named metric, then RMST; minimize total bytes, then arm name lexicographically",lower-bound or point-estimate ordering does not establish statistical superiority,NOT_MEASURED,a7339aba82a52e1980efed92cd2364c585802ce15c4e4dc2cf9280587cd22f4c,128,UNIFORM_9,128,33138,511e9c8be2f03dce301769beadd89a8b9d83458ef8e2ac988f04803fef528c02,largest qualifying empirical sample grid horizon,largest qualifying empirical sample grid horizon,64,UNIFORM_9,64,33138,511e9c8be2f03dce301769beadd89a8b9d83458ef8e2ac988f04803fef528c02,simultaneous confidence-supported lower bound >= 64,simultaneous confidence-supported lower bound >= 64,64,UNIFORM_9,64,33138,511e9c8be2f03dce301769beadd89a8b9d83458ef8e2ac988f04803fef528c02,largest qualifying empirical sample grid horizon,largest qualifying empirical sample grid horizon,,,,,,no qualifying grid horizon (<32); not a measured zero horizon,no qualifying grid horizon (<32); not a measured zero horizon,282.982421875,UNIFORM_9,284.83203125,33138,511e9c8be2f03dce301769beadd89a8b9d83458ef8e2ac988f04803fef528c02,0.0,UNIFORM_9,0.0,33138,511e9c8be2f03dce301769beadd89a8b9d83458ef8e2ac988f04803fef528c02
POST_HOC_BUDGET_AUDIT_SAME_TEST,0,UNIFORM_12,16,104251,6515.6875,4664,29627,630,18,MIXED_4_8;MIXED_4_8_TOP2;MIXED_4_8_TOP5;MIXED_6_8;MIXED_6_8_TOP1;MIXED_6_8_TOP4;STOCHASTIC_4;UNIFORM_10;UNIFORM_11;UNIFORM_12;UNIFORM_2;UNIFORM_3;UNIFORM_4;UNIFORM_5;UNIFORM_6;UNIFORM_7;UNIFORM_8;UNIFORM_9,False,"best feasible on the reused TEST sample; not DEV-selected, independent confirmation, or a superiority test","maximize the named metric, then RMST; minimize total bytes, then arm name lexicographically",lower-bound or point-estimate ordering does not establish statistical superiority,NOT_MEASURED,a7339aba82a52e1980efed92cd2364c585802ce15c4e4dc2cf9280587cd22f4c,128,UNIFORM_9,128,85818,511e9c8be2f03dce301769beadd89a8b9d83458ef8e2ac988f04803fef528c02,largest qualifying empirical sample grid horizon,largest qualifying empirical sample grid horizon,64,UNIFORM_9,64,85818,511e9c8be2f03dce301769beadd89a8b9d83458ef8e2ac988f04803fef528c02,simultaneous confidence-supported lower bound >= 64,simultaneous confidence-supported lower bound >= 64,64,UNIFORM_9,64,85818,511e9c8be2f03dce301769beadd89a8b9d83458ef8e2ac988f04803fef528c02,largest qualifying empirical sample grid horizon,largest qualifying empirical sample grid horizon,,,,,,no qualifying grid horizon (<32); not a measured zero horizon,no qualifying grid horizon (<32); not a measured zero horizon,282.982421875,UNIFORM_9,284.83203125,85818,511e9c8be2f03dce301769beadd89a8b9d83458ef8e2ac988f04803fef528c02,0.0,UNIFORM_9,0.0,85818,511e9c8be2f03dce301769beadd89a8b9d83458ef8e2ac988f04803fef528c02
POST_HOC_BUDGET_AUDIT_SAME_TEST,0,UNIFORM_12,128,626619,4895.4609375,4664,29627,630,18,MIXED_4_8;MIXED_4_8_TOP2;MIXED_4_8_TOP5;MIXED_6_8;MIXED_6_8_TOP1;MIXED_6_8_TOP4;STOCHASTIC_4;UNIFORM_10;UNIFORM_11;UNIFORM_12;UNIFORM_2;UNIFORM_3;UNIFORM_4;UNIFORM_5;UNIFORM_6;UNIFORM_7;UNIFORM_8;UNIFORM_9,False,"best feasible on the reused TEST sample; not DEV-selected, independent confirmation, or a superiority test","maximize the named metric, then RMST; minimize total bytes, then arm name lexicographically",lower-bound or point-estimate ordering does not establish statistical superiority,NOT_MEASURED,a7339aba82a52e1980efed92cd2364c585802ce15c4e4dc2cf9280587cd22f4c,128,UNIFORM_9,128,479162,511e9c8be2f03dce301769beadd89a8b9d83458ef8e2ac988f04803fef528c02,largest qualifying empirical sample grid horizon,largest qualifying empirical sample grid horizon,64,UNIFORM_9,64,479162,511e9c8be2f03dce301769beadd89a8b9d83458ef8e2ac988f04803fef528c02,simultaneous confidence-supported lower bound >= 64,simultaneous confidence-supported lower bound >= 64,64,UNIFORM_9,64,479162,511e9c8be2f03dce301769beadd89a8b9d83458ef8e2ac988f04803fef528c02,largest qualifying empirical sample grid horizon,largest qualifying empirical sample grid horizon,,,,,,no qualifying grid horizon (<32); not a measured zero horizon,no qualifying grid horizon (<32); not a measured zero horizon,282.982421875,UNIFORM_9,284.83203125,479162,511e9c8be2f03dce301769beadd89a8b9d83458ef8e2ac988f04803fef528c02,0.0,UNIFORM_9,0.0,479162,511e9c8be2f03dce301769beadd89a8b9d83458ef8e2ac988f04803fef528c02
POST_HOC_BUDGET_AUDIT_SAME_TEST,0,UNIFORM_13,1,34675,34675.0,5048,29627,630,19,MIXED_4_8;MIXED_4_8_TOP2;MIXED_4_8_TOP5;MIXED_6_8;MIXED_6_8_TOP1;MIXED_6_8_TOP4;STOCHASTIC_4;UNIFORM_10;UNIFORM_11;UNIFORM_12;UNIFORM_13;UNIFORM_2;UNIFORM_3;UNIFORM_4;UNIFORM_5;UNIFORM_6;UNIFORM_7;UNIFORM_8;UNIFORM_9,False,"best feasible on the reused TEST sample; not DEV-selected, independent confirmation, or a superiority test","maximize the named metric, then RMST; minimize total bytes, then arm name lexicographically",lower-bound or point-estimate ordering does not establish statistical superiority,NOT_MEASURED,0ec4b9c5ececb2e5d412ad39b2705d1bf59083b91e7629f69ad18f2dec64492d,128,UNIFORM_9,128,33138,511e9c8be2f03dce301769beadd89a8b9d83458ef8e2ac988f04803fef528c02,largest qualifying empirical sample grid horizon,largest qualifying empirical sample grid horizon,64,UNIFORM_9,64,33138,511e9c8be2f03dce301769beadd89a8b9d83458ef8e2ac988f04803fef528c02,simultaneous confidence-supported lower bound >= 64,simultaneous confidence-supported lower bound >= 64,64,UNIFORM_9,64,33138,511e9c8be2f03dce301769beadd89a8b9d83458ef8e2ac988f04803fef528c02,largest qualifying empirical sample grid horizon,largest qualifying empirical sample grid horizon,,,,,,no qualifying grid horizon (<32); not a measured zero horizon,no qualifying grid horizon (<32); not a measured zero horizon,283.041015625,UNIFORM_9,284.83203125,33138,511e9c8be2f03dce301769beadd89a8b9d83458ef8e2ac988f04803fef528c02,0.0,UNIFORM_9,0.0,33138,511e9c8be2f03dce301769beadd89a8b9d83458ef8e2ac988f04803fef528c02
POST_HOC_BUDGET_AUDIT_SAME_TEST,0,UNIFORM_13,16,110395,6899.6875,5048,29627,630,19,MIXED_4_8;MIXED_4_8_TOP2;MIXED_4_8_TOP5;MIXED_6_8;MIXED_6_8_TOP1;MIXED_6_8_TOP4;STOCHASTIC_4;UNIFORM_10;UNIFORM_11;UNIFORM_12;UNIFORM_13;UNIFORM_2;UNIFORM_3;UNIFORM_4;UNIFORM_5;UNIFORM_6;UNIFORM_7;UNIFORM_8;UNIFORM_9,False,"best feasible on the reused TEST sample; not DEV-selected, independent confirmation, or a superiority test","maximize the named metric, then RMST; minimize total bytes, then arm name lexicographically",lower-bound or point-estimate ordering does not establish statistical superiority,NOT_MEASURED,0ec4b9c5ececb2e5d412ad39b2705d1bf59083b91e7629f69ad18f2dec64492d,128,UNIFORM_9,128,85818,511e9c8be2f03dce301769beadd89a8b9d83458ef8e2ac988f04803fef528c02,largest qualifying empirical sample grid horizon,largest qualifying empirical sample grid horizon,64,UNIFORM_9,64,85818,511e9c8be2f03dce301769beadd89a8b9d83458ef8e2ac988f04803fef528c02,simultaneous confidence-supported lower bound >= 64,simultaneous confidence-supported lower bound >= 64,64,UNIFORM_9,64,85818,511e9c8be2f03dce301769beadd89a8b9d83458ef8e2ac988f04803fef528c02,largest qualifying empirical sample grid horizon,largest qualifying empirical sample grid horizon,,,,,,no qualifying grid horizon (<32); not a measured zero horizon,no qualifying grid horizon (<32); not a measured zero horizon,283.041015625,UNIFORM_9,284.83203125,85818,511e9c8be2f03dce301769beadd89a8b9d83458ef8e2ac988f04803fef528c02,0.0,UNIFORM_9,0.0,85818,511e9c8be2f03dce301769beadd89a8b9d83458ef8e2ac988f04803fef528c02
POST_HOC_BUDGET_AUDIT_SAME_TEST,0,UNIFORM_13,128,675771,5279.4609375,5048,29627,630,19,MIXED_4_8;MIXED_4_8_TOP2;MIXED_4_8_TOP5;MIXED_6_8;MIXED_6_8_TOP1;MIXED_6_8_TOP4;STOCHASTIC_4;UNIFORM_10;UNIFORM_11;UNIFORM_12;UNIFORM_13;UNIFORM_2;UNIFORM_3;UNIFORM_4;UNIFORM_5;UNIFORM_6;UNIFORM_7;UNIFORM_8;UNIFORM_9,False,"best feasible on the reused TEST sample; not DEV-selected, independent confirmation, or a superiority test","maximize the named metric, then RMST; minimize total bytes, then arm name lexicographically",lower-bound or point-estimate ordering does not establish statistical superiority,NOT_MEASURED,0ec4b9c5ececb2e5d412ad39b2705d1bf59083b91e7629f69ad18f2dec64492d,128,UNIFORM_9,128,479162,511e9c8be2f03dce301769beadd89a8b9d83458ef8e2ac988f04803fef528c02,largest qualifying empirical sample grid horizon,largest qualifying empirical sample grid horizon,64,UNIFORM_9,64,479162,511e9c8be2f03dce301769beadd89a8b9d83458ef8e2ac988f04803fef528c02,simultaneous confidence-supported lower bound >= 64,simultaneous confidence-supported lower bound >= 64,64,UNIFORM_9,64,479162,511e9c8be2f03dce301769beadd89a8b9d83458ef8e2ac988f04803fef528c02,largest qualifying empirical sample grid horizon,largest qualifying empirical sample grid horizon,,,,,,no qualifying grid horizon (<32); not a measured zero horizon,no qualifying grid horizon (<32); not a measured zero horizon,283.041015625,UNIFORM_9,284.83203125,479162,511e9c8be2f03dce301769beadd89a8b9d83458ef8e2ac988f04803fef528c02,0.0,UNIFORM_9,0.0,479162,511e9c8be2f03dce301769beadd89a8b9d83458ef8e2ac988f04803fef528c02
POST_HOC_BUDGET_AUDIT_SAME_TEST,0,UNIFORM_14,1,35059,35059.0,5432,29627,630,20,MIXED_4_8;MIXED_4_8_TOP2;MIXED_4_8_TOP5;MIXED_6_8;MIXED_6_8_TOP1;MIXED_6_8_TOP4;STOCHASTIC_4;UNIFORM_10;UNIFORM_11;UNIFORM_12;UNIFORM_13;UNIFORM_14;UNIFORM_2;UNIFORM_3;UNIFORM_4;UNIFORM_5;UNIFORM_6;UNIFORM_7;UNIFORM_8;UNIFORM_9,False,"best feasible on the reused TEST sample; not DEV-selected, independent confirmation, or a superiority test","maximize the named metric, then RMST; minimize total bytes, then arm name lexicographically",lower-bound or point-estimate ordering does not establish statistical superiority,NOT_MEASURED,7ec11fcdaf29caa21a47b723efabdc7a40afb582fc2b69495c543515e5a9c5d4,128,UNIFORM_9,128,33138,511e9c8be2f03dce301769beadd89a8b9d83458ef8e2ac988f04803fef528c02,largest qualifying empirical sample grid horizon,largest qualifying empirical sample grid horizon,64,UNIFORM_9,64,33138,511e9c8be2f03dce301769beadd89a8b9d83458ef8e2ac988f04803fef528c02,simultaneous confidence-supported lower bound >= 64,simultaneous confidence-supported lower bound >= 64,64,UNIFORM_9,64,33138,511e9c8be2f03dce301769beadd89a8b9d83458ef8e2ac988f04803fef528c02,largest qualifying empirical sample grid horizon,largest qualifying empirical sample grid horizon,,,,,,no qualifying grid horizon (<32); not a measured zero horizon,no qualifying grid horizon (<32); not a measured zero horizon,283.125,UNIFORM_9,284.83203125,33138,511e9c8be2f03dce301769beadd89a8b9d83458ef8e2ac988f04803fef528c02,0.0,UNIFORM_9,0.0,33138,511e9c8be2f03dce301769beadd89a8b9d83458ef8e2ac988f04803fef528c02
POST_HOC_BUDGET_AUDIT_SAME_TEST,0,UNIFORM_14,16,116539,7283.6875,5432,29627,630,20,MIXED_4_8;MIXED_4_8_TOP2;MIXED_4_8_TOP5;MIXED_6_8;MIXED_6_8_TOP1;MIXED_6_8_TOP4;STOCHASTIC_4;UNIFORM_10;UNIFORM_11;UNIFORM_12;UNIFORM_13;UNIFORM_14;UNIFORM_2;UNIFORM_3;UNIFORM_4;UNIFORM_5;UNIFORM_6;UNIFORM_7;UNIFORM_8;UNIFORM_9,False,"best feasible on the reused TEST sample; not DEV-selected, independent confirmation, or a superiority test","maximize the named metric, then RMST; minimize total bytes, then arm name lexicographically",lower-bound or point-estimate ordering does not establish statistical superiority,NOT_MEASURED,7ec11fcdaf29caa21a47b723efabdc7a40afb582fc2b69495c543515e5a9c5d4,128,UNIFORM_9,128,85818,511e9c8be2f03dce301769beadd89a8b9d83458ef8e2ac988f04803fef528c02,largest qualifying empirical sample grid horizon,largest qualifying empirical sample grid horizon,64,UNIFORM_9,64,85818,511e9c8be2f03dce301769beadd89a8b9d83458ef8e2ac988f04803fef528c02,simultaneous confidence-supported lower bound >= 64,simultaneous confidence-supported lower bound >= 64,64,UNIFORM_9,64,85818,511e9c8be2f03dce301769beadd89a8b9d83458ef8e2ac988f04803fef528c02,largest qualifying empirical sample grid horizon,largest qualifying empirical sample grid horizon,,,,,,no qualifying grid horizon (<32); not a measured zero horizon,no qualifying grid horizon (<32); not a measured zero horizon,283.125,UNIFORM_9,284.83203125,85818,511e9c8be2f03dce301769beadd89a8b9d83458ef8e2ac988f04803fef528c02,0.0,UNIFORM_9,0.0,85818,511e9c8be2f03dce301769beadd89a8b9d83458ef8e2ac988f04803fef528c02
POST_HOC_BUDGET_AUDIT_SAME_TEST,0,UNIFORM_14,128,724923,5663.4609375,5432,29627,630,20,MIXED_4_8;MIXED_4_8_TOP2;MIXED_4_8_TOP5;MIXED_6_8;MIXED_6_8_TOP1;MIXED_6_8_TOP4;STOCHASTIC_4;UNIFORM_10;UNIFORM_11;UNIFORM_12;UNIFORM_13;UNIFORM_14;UNIFORM_2;UNIFORM_3;UNIFORM_4;UNIFORM_5;UNIFORM_6;UNIFORM_7;UNIFORM_8;UNIFORM_9,False,"best feasible on the reused TEST sample; not DEV-selected, independent confirmation, or a superiority test","maximize the named metric, then RMST; minimize total bytes, then arm name lexicographically",lower-bound or point-estimate ordering does not establish statistical superiority,NOT_MEASURED,7ec11fcdaf29caa21a47b723efabdc7a40afb582fc2b69495c543515e5a9c5d4,128,UNIFORM_9,128,479162,511e9c8be2f03dce301769beadd89a8b9d83458ef8e2ac988f04803fef528c02,largest qualifying empirical sample grid horizon,largest qualifying empirical sample grid horizon,64,UNIFORM_9,64,479162,511e9c8be2f03dce301769beadd89a8b9d83458ef8e2ac988f04803fef528c02,simultaneous confidence-supported lower bound >= 64,simultaneous confidence-supported lower bound >= 64,64,UNIFORM_9,64,479162,511e9c8be2f03dce301769beadd89a8b9d83458ef8e2ac988f04803fef528c02,largest qualifying empirical sample grid horizon,largest qualifying empirical sample grid horizon,,,,,,no qualifying grid horizon (<32); not a measured zero horizon,no qualifying grid horizon (<32); not a measured zero horizon,283.125,UNIFORM_9,284.83203125,479162,511e9c8be2f03dce301769beadd89a8b9d83458ef8e2ac988f04803fef528c02,0.0,UNIFORM_9,0.0,479162,511e9c8be2f03dce301769beadd89a8b9d83458ef8e2ac988f04803fef528c02
POST_HOC_BUDGET_AUDIT_SAME_TEST,0,UNIFORM_15,1,35443,35443.0,5816,29627,630,21,MIXED_4_8;MIXED_4_8_TOP2;MIXED_4_8_TOP5;MIXED_6_8;MIXED_6_8_TOP1;MIXED_6_8_TOP4;STOCHASTIC_4;UNIFORM_10;UNIFORM_11;UNIFORM_12;UNIFORM_13;UNIFORM_14;UNIFORM_15;UNIFORM_2;UNIFORM_3;UNIFORM_4;UNIFORM_5;UNIFORM_6;UNIFORM_7;UNIFORM_8;UNIFORM_9,False,"best feasible on the reused TEST sample; not DEV-selected, independent confirmation, or a superiority test","maximize the named metric, then RMST; minimize total bytes, then arm name lexicographically",lower-bound or point-estimate ordering does not establish statistical superiority,NOT_MEASURED,a6b5f5df4acca2ca7adb8efa49598a1da393dae48e1d7e63150e34d6df75b717,128,UNIFORM_9,128,33138,511e9c8be2f03dce301769beadd89a8b9d83458ef8e2ac988f04803fef528c02,largest qualifying empirical sample grid horizon,largest qualifying empirical sample grid horizon,64,UNIFORM_9,64,33138,511e9c8be2f03dce301769beadd89a8b9d83458ef8e2ac988f04803fef528c02,simultaneous confidence-supported lower bound >= 64,simultaneous confidence-supported lower bound >= 64,64,UNIFORM_9,64,33138,511e9c8be2f03dce301769beadd89a8b9d83458ef8e2ac988f04803fef528c02,largest qualifying empirical sample grid horizon,largest qualifying empirical sample grid horizon,,,,,,no qualifying grid horizon (<32); not a measured zero horizon,no qualifying grid horizon (<32); not a measured zero horizon,282.8125,UNIFORM_9,284.83203125,33138,511e9c8be2f03dce301769beadd89a8b9d83458ef8e2ac988f04803fef528c02,0.0,UNIFORM_9,0.0,33138,511e9c8be2f03dce301769beadd89a8b9d83458ef8e2ac988f04803fef528c02
POST_HOC_BUDGET_AUDIT_SAME_TEST,0,UNIFORM_15,16,122683,7667.6875,5816,29627,630,21,MIXED_4_8;MIXED_4_8_TOP2;MIXED_4_8_TOP5;MIXED_6_8;MIXED_6_8_TOP1;MIXED_6_8_TOP4;STOCHASTIC_4;UNIFORM_10;UNIFORM_11;UNIFORM_12;UNIFORM_13;UNIFORM_14;UNIFORM_15;UNIFORM_2;UNIFORM_3;UNIFORM_4;UNIFORM_5;UNIFORM_6;UNIFORM_7;UNIFORM_8;UNIFORM_9,False,"best feasible on the reused TEST sample; not DEV-selected, independent confirmation, or a superiority test","maximize the named metric, then RMST; minimize total bytes, then arm name lexicographically",lower-bound or point-estimate ordering does not establish statistical superiority,NOT_MEASURED,a6b5f5df4acca2ca7adb8efa49598a1da393dae48e1d7e63150e34d6df75b717,128,UNIFORM_9,128,85818,511e9c8be2f03dce301769beadd89a8b9d83458ef8e2ac988f04803fef528c02,largest qualifying empirical sample grid horizon,largest qualifying empirical sample grid horizon,64,UNIFORM_9,64,85818,511e9c8be2f03dce301769beadd89a8b9d83458ef8e2ac988f04803fef528c02,simultaneous confidence-supported lower bound >= 64,simultaneous confidence-supported lower bound >= 64,64,UNIFORM_9,64,85818,511e9c8be2f03dce301769beadd89a8b9d83458ef8e2ac988f04803fef528c02,largest qualifying empirical sample grid horizon,largest qualifying empirical sample grid horizon,,,,,,no qualifying grid horizon (<32); not a measured zero horizon,no qualifying grid horizon (<32); not a measured zero horizon,282.8125,UNIFORM_9,284.83203125,85818,511e9c8be2f03dce301769beadd89a8b9d83458ef8e2ac988f04803fef528c02,0.0,UNIFORM_9,0.0,85818,511e9c8be2f03dce301769beadd89a8b9d83458ef8e2ac988f04803fef528c02
POST_HOC_BUDGET_AUDIT_SAME_TEST,0,UNIFORM_15,128,774075,6047.4609375,5816,29627,630,21,MIXED_4_8;MIXED_4_8_TOP2;MIXED_4_8_TOP5;MIXED_6_8;MIXED_6_8_TOP1;MIXED_6_8_TOP4;STOCHASTIC_4;UNIFORM_10;UNIFORM_11;UNIFORM_12;UNIFORM_13;UNIFORM_14;UNIFORM_15;UNIFORM_2;UNIFORM_3;UNIFORM_4;UNIFORM_5;UNIFORM_6;UNIFORM_7;UNIFORM_8;UNIFORM_9,False,"best feasible on the reused TEST sample; not DEV-selected, independent confirmation, or a superiority test","maximize the named metric, then RMST; minimize total bytes, then arm name lexicographically",lower-bound or point-estimate ordering does not establish statistical superiority,NOT_MEASURED,a6b5f5df4acca2ca7adb8efa49598a1da393dae48e1d7e63150e34d6df75b717,128,UNIFORM_9,128,479162,511e9c8be2f03dce301769beadd89a8b9d83458ef8e2ac988f04803fef528c02,largest qualifying empirical sample grid horizon,largest qualifying empirical sample grid horizon,64,UNIFORM_9,64,479162,511e9c8be2f03dce301769beadd89a8b9d83458ef8e2ac988f04803fef528c02,simultaneous confidence-supported lower bound >= 64,simultaneous confidence-supported lower bound >= 64,64,UNIFORM_9,64,479162,511e9c8be2f03dce301769beadd89a8b9d83458ef8e2ac988f04803fef528c02,largest qualifying empirical sample grid horizon,largest qualifying empirical sample grid horizon,,,,,,no qualifying grid horizon (<32); not a measured zero horizon,no qualifying grid horizon (<32); not a measured zero horizon,282.8125,UNIFORM_9,284.83203125,479162,511e9c8be2f03dce301769beadd89a8b9d83458ef8e2ac988f04803fef528c02,0.0,UNIFORM_9,0.0,479162,511e9c8be2f03dce301769beadd89a8b9d83458ef8e2ac988f04803fef528c02
POST_HOC_BUDGET_AUDIT_SAME_TEST,0,UNIFORM_16,1,35827,35827.0,6200,29627,630,22,MIXED_4_8;MIXED_4_8_TOP2;MIXED_4_8_TOP5;MIXED_6_8;MIXED_6_8_TOP1;MIXED_6_8_TOP4;STOCHASTIC_4;UNIFORM_10;UNIFORM_11;UNIFORM_12;UNIFORM_13;UNIFORM_14;UNIFORM_15;UNIFORM_16;UNIFORM_2;UNIFORM_3;UNIFORM_4;UNIFORM_5;UNIFORM_6;UNIFORM_7;UNIFORM_8;UNIFORM_9,False,"best feasible on the reused TEST sample; not DEV-selected, independent confirmation, or a superiority test","maximize the named metric, then RMST; minimize total bytes, then arm name lexicographically",lower-bound or point-estimate ordering does not establish statistical superiority,NOT_MEASURED,5aa22cdd63f2419dedfce7aa3d63d771ee2b8b3ea85108b058d5c109d8d24256,128,UNIFORM_9,128,33138,511e9c8be2f03dce301769beadd89a8b9d83458ef8e2ac988f04803fef528c02,largest qualifying empirical sample grid horizon,largest qualifying empirical sample grid horizon,64,UNIFORM_9,64,33138,511e9c8be2f03dce301769beadd89a8b9d83458ef8e2ac988f04803fef528c02,simultaneous confidence-supported lower bound >= 64,simultaneous confidence-supported lower bound >= 64,64,UNIFORM_9,64,33138,511e9c8be2f03dce301769beadd89a8b9d83458ef8e2ac988f04803fef528c02,largest qualifying empirical sample grid horizon,largest qualifying empirical sample grid horizon,,,,,,no qualifying grid horizon (<32); not a measured zero horizon,no qualifying grid horizon (<32); not a measured zero horizon,283.099609375,UNIFORM_9,284.83203125,33138,511e9c8be2f03dce301769beadd89a8b9d83458ef8e2ac988f04803fef528c02,0.0,UNIFORM_9,0.0,33138,511e9c8be2f03dce301769beadd89a8b9d83458ef8e2ac988f04803fef528c02
POST_HOC_BUDGET_AUDIT_SAME_TEST,0,UNIFORM_16,16,128827,8051.6875,6200,29627,630,22,MIXED_4_8;MIXED_4_8_TOP2;MIXED_4_8_TOP5;MIXED_6_8;MIXED_6_8_TOP1;MIXED_6_8_TOP4;STOCHASTIC_4;UNIFORM_10;UNIFORM_11;UNIFORM_12;UNIFORM_13;UNIFORM_14;UNIFORM_15;UNIFORM_16;UNIFORM_2;UNIFORM_3;UNIFORM_4;UNIFORM_5;UNIFORM_6;UNIFORM_7;UNIFORM_8;UNIFORM_9,False,"best feasible on the reused TEST sample; not DEV-selected, independent confirmation, or a superiority test","maximize the named metric, then RMST; minimize total bytes, then arm name lexicographically",lower-bound or point-estimate ordering does not establish statistical superiority,NOT_MEASURED,5aa22cdd63f2419dedfce7aa3d63d771ee2b8b3ea85108b058d5c109d8d24256,128,UNIFORM_9,128,85818,511e9c8be2f03dce301769beadd89a8b9d83458ef8e2ac988f04803fef528c02,largest qualifying empirical sample grid horizon,largest qualifying empirical sample grid horizon,64,UNIFORM_9,64,85818,511e9c8be2f03dce301769beadd89a8b9d83458ef8e2ac988f04803fef528c02,simultaneous confidence-supported lower bound >= 64,simultaneous confidence-supported lower bound >= 64,64,UNIFORM_9,64,85818,511e9c8be2f03dce301769beadd89a8b9d83458ef8e2ac988f04803fef528c02,largest qualifying empirical sample grid horizon,largest qualifying empirical sample grid horizon,,,,,,no qualifying grid horizon (<32); not a measured zero horizon,no qualifying grid horizon (<32); not a measured zero horizon,283.099609375,UNIFORM_9,284.83203125,85818,511e9c8be2f03dce301769beadd89a8b9d83458ef8e2ac988f04803fef528c02,0.0,UNIFORM_9,0.0,85818,511e9c8be2f03dce301769beadd89a8b9d83458ef8e2ac988f04803fef528c02
POST_HOC_BUDGET_AUDIT_SAME_TEST,0,UNIFORM_16,128,823227,6431.4609375,6200,29627,630,22,MIXED_4_8;MIXED_4_8_TOP2;MIXED_4_8_TOP5;MIXED_6_8;MIXED_6_8_TOP1;MIXED_6_8_TOP4;STOCHASTIC_4;UNIFORM_10;UNIFORM_11;UNIFORM_12;UNIFORM_13;UNIFORM_14;UNIFORM_15;UNIFORM_16;UNIFORM_2;UNIFORM_3;UNIFORM_4;UNIFORM_5;UNIFORM_6;UNIFORM_7;UNIFORM_8;UNIFORM_9,False,"best feasible on the reused TEST sample; not DEV-selected, independent confirmation, or a superiority test","maximize the named metric, then RMST; minimize total bytes, then arm name lexicographically",lower-bound or point-estimate ordering does not establish statistical superiority,NOT_MEASURED,5aa22cdd63f2419dedfce7aa3d63d771ee2b8b3ea85108b058d5c109d8d24256,128,UNIFORM_9,128,479162,511e9c8be2f03dce301769beadd89a8b9d83458ef8e2ac988f04803fef528c02,largest qualifying empirical sample grid horizon,largest qualifying empirical sample grid horizon,64,UNIFORM_9,64,479162,511e9c8be2f03dce301769beadd89a8b9d83458ef8e2ac988f04803fef528c02,simultaneous confidence-supported lower bound >= 64,simultaneous confidence-supported lower bound >= 64,64,UNIFORM_9,64,479162,511e9c8be2f03dce301769beadd89a8b9d83458ef8e2ac988f04803fef528c02,largest qualifying empirical sample grid horizon,largest qualifying empirical sample grid horizon,,,,,,no qualifying grid horizon (<32); not a measured zero horizon,no qualifying grid horizon (<32); not a measured zero horizon,283.099609375,UNIFORM_9,284.83203125,479162,511e9c8be2f03dce301769beadd89a8b9d83458ef8e2ac988f04803fef528c02,0.0,UNIFORM_9,0.0,479162,511e9c8be2f03dce301769beadd89a8b9d83458ef8e2ac988f04803fef528c02
POST_HOC_BUDGET_AUDIT_SAME_TEST,0,UNIFORM_2,1,30450,30450.0,824,29626,630,1,UNIFORM_2,False,"best feasible on the reused TEST sample; not DEV-selected, independent confirmation, or a superiority test","maximize the named metric, then RMST; minimize total bytes, then arm name lexicographically",lower-bound or point-estimate ordering does not establish statistical superiority,NOT_MEASURED,c1f092699a0dcdba243a34e2132912f388770cbd7a35a9738c053ed451f59c6f,,,,,,no qualifying grid horizon (<32); not a measured zero horizon,no qualifying grid horizon (<32); not a measured zero horizon,,,,,,no qualifying grid horizon (<32); not a measured zero horizon,no qualifying grid horizon (<32); not a measured zero horizon,,,,,,no qualifying grid horizon (<32); not a measured zero horizon,no qualifying grid horizon (<32); not a measured zero horizon,,,,,,no qualifying grid horizon (<32); not a measured zero horizon,no qualifying grid horizon (<32); not a measured zero horizon,7.962890625,UNIFORM_2,7.962890625,30450,c1f092699a0dcdba243a34e2132912f388770cbd7a35a9738c053ed451f59c6f,0.0,UNIFORM_2,0.0,30450,c1f092699a0dcdba243a34e2132912f388770cbd7a35a9738c053ed451f59c6f
POST_HOC_BUDGET_AUDIT_SAME_TEST,0,UNIFORM_2,16,42810,2675.625,824,29626,630,1,UNIFORM_2,False,"best feasible on the reused TEST sample; not DEV-selected, independent confirmation, or a superiority test","maximize the named metric, then RMST; minimize total bytes, then arm name lexicographically",lower-bound or point-estimate ordering does not establish statistical superiority,NOT_MEASURED,c1f092699a0dcdba243a34e2132912f388770cbd7a35a9738c053ed451f59c6f,,,,,,no qualifying grid horizon (<32); not a measured zero horizon,no qualifying grid horizon (<32); not a measured zero horizon,,,,,,no qualifying grid horizon (<32); not a measured zero horizon,no qualifying grid horizon (<32); not a measured zero horizon,,,,,,no qualifying grid horizon (<32); not a measured zero horizon,no qualifying grid horizon (<32); not a measured zero horizon,,,,,,no qualifying grid horizon (<32); not a measured zero horizon,no qualifying grid horizon (<32); not a measured zero horizon,7.962890625,UNIFORM_2,7.962890625,42810,c1f092699a0dcdba243a34e2132912f388770cbd7a35a9738c053ed451f59c6f,0.0,UNIFORM_2,0.0,42810,c1f092699a0dcdba243a34e2132912f388770cbd7a35a9738c053ed451f59c6f
POST_HOC_BUDGET_AUDIT_SAME_TEST,0,UNIFORM_2,128,135098,1055.453125,824,29626,630,1,UNIFORM_2,False,"best feasible on the reused TEST sample; not DEV-selected, independent confirmation, or a superiority test","maximize the named metric, then RMST; minimize total bytes, then arm name lexicographically",lower-bound or point-estimate ordering does not establish statistical superiority,NOT_MEASURED,c1f092699a0dcdba243a34e2132912f388770cbd7a35a9738c053ed451f59c6f,,,,,,no qualifying grid horizon (<32); not a measured zero horizon,no qualifying grid horizon (<32); not a measured zero horizon,,,,,,no qualifying grid horizon (<32); not a measured zero horizon,no qualifying grid horizon (<32); not a measured zero horizon,,,,,,no qualifying grid horizon (<32); not a measured zero horizon,no qualifying grid horizon (<32); not a measured zero horizon,,,,,,no qualifying grid horizon (<32); not a measured zero horizon,no qualifying grid horizon (<32); not a measured zero horizon,7.962890625,UNIFORM_2,7.962890625,135098,c1f092699a0dcdba243a34e2132912f388770cbd7a35a9738c053ed451f59c6f,0.0,UNIFORM_2,0.0,135098,c1f092699a0dcdba243a34e2132912f388770cbd7a35a9738c053ed451f59c6f
POST_HOC_BUDGET_AUDIT_SAME_TEST,0,UNIFORM_3,1,30834,30834.0,1208,29626,630,2,UNIFORM_2;UNIFORM_3,False,"best feasible on the reused TEST sample; not DEV-selected, independent confirmation, or a superiority test","maximize the named metric, then RMST; minimize total bytes, then arm name lexicographically",lower-bound or point-estimate ordering does not establish statistical superiority,NOT_MEASURED,ea90ece33f6c5123790a272c5a9826126928d1253d98c87889fce66fd7ff109a,,,,,,no qualifying grid horizon (<32); not a measured zero horizon,no qualifying grid horizon (<32); not a measured zero horizon,,,,,,no qualifying grid horizon (<32); not a measured zero horizon,no qualifying grid horizon (<32); not a measured zero horizon,,,,,,no qualifying grid horizon (<32); not a measured zero horizon,no qualifying grid horizon (<32); not a measured zero horizon,,,,,,no qualifying grid horizon (<32); not a measured zero horizon,no qualifying grid horizon (<32); not a measured zero horizon,50.783203125,UNIFORM_3,50.783203125,30834,ea90ece33f6c5123790a272c5a9826126928d1253d98c87889fce66fd7ff109a,0.0,UNIFORM_3,0.0,30834,ea90ece33f6c5123790a272c5a9826126928d1253d98c87889fce66fd7ff109a
POST_HOC_BUDGET_AUDIT_SAME_TEST,0,UNIFORM_3,16,48954,3059.625,1208,29626,630,2,UNIFORM_2;UNIFORM_3,False,"best feasible on the reused TEST sample; not DEV-selected, independent confirmation, or a superiority test","maximize the named metric, then RMST; minimize total bytes, then arm name lexicographically",lower-bound or point-estimate ordering does not establish statistical superiority,NOT_MEASURED,ea90ece33f6c5123790a272c5a9826126928d1253d98c87889fce66fd7ff109a,,,,,,no qualifying grid horizon (<32); not a measured zero horizon,no qualifying grid horizon (<32); not a measured zero horizon,,,,,,no qualifying grid horizon (<32); not a measured zero horizon,no qualifying grid horizon (<32); not a measured zero horizon,,,,,,no qualifying grid horizon (<32); not a measured zero horizon,no qualifying grid horizon (<32); not a measured zero horizon,,,,,,no qualifying grid horizon (<32); not a measured zero horizon,no qualifying grid horizon (<32); not a measured zero horizon,50.783203125,UNIFORM_3,50.783203125,48954,ea90ece33f6c5123790a272c5a9826126928d1253d98c87889fce66fd7ff109a,0.0,UNIFORM_3,0.0,48954,ea90ece33f6c5123790a272c5a9826126928d1253d98c87889fce66fd7ff109a
POST_HOC_BUDGET_AUDIT_SAME_TEST,0,UNIFORM_3,128,184250,1439.453125,1208,29626,630,2,UNIFORM_2;UNIFORM_3,False,"best feasible on the reused TEST sample; not DEV-selected, independent confirmation, or a superiority test","maximize the named metric, then RMST; minimize total bytes, then arm name lexicographically",lower-bound or point-estimate ordering does not establish statistical superiority,NOT_MEASURED,ea90ece33f6c5123790a272c5a9826126928d1253d98c87889fce66fd7ff109a,,,,,,no qualifying grid horizon (<32); not a measured zero horizon,no qualifying grid horizon (<32); not a measured zero horizon,,,,,,no qualifying grid horizon (<32); not a measured zero horizon,no qualifying grid horizon (<32); not a measured zero horizon,,,,,,no qualifying grid horizon (<32); not a measured zero horizon,no qualifying grid horizon (<32); not a measured zero horizon,,,,,,no qualifying grid horizon (<32); not a measured zero horizon,no qualifying grid horizon (<32); not a measured zero horizon,50.783203125,UNIFORM_3,50.783203125,184250,ea90ece33f6c5123790a272c5a9826126928d1253d98c87889fce66fd7ff109a,0.0,UNIFORM_3,0.0,184250,ea90ece33f6c5123790a272c5a9826126928d1253d98c87889fce66fd7ff109a
POST_HOC_BUDGET_AUDIT_SAME_TEST,0,UNIFORM_4,1,31218,31218.0,1592,29626,630,3,UNIFORM_2;UNIFORM_3;UNIFORM_4,False,"best feasible on the reused TEST sample; not DEV-selected, independent confirmation, or a superiority test","maximize the named metric, then RMST; minimize total bytes, then arm name lexicographically",lower-bound or point-estimate ordering does not establish statistical superiority,NOT_MEASURED,43456578878df7cc3cdaf4b452dd3dee8f9c75cedf75a2f2dd068e3267fb350b,64,UNIFORM_4,64,31218,43456578878df7cc3cdaf4b452dd3dee8f9c75cedf75a2f2dd068e3267fb350b,largest qualifying empirical sample grid horizon,largest qualifying empirical sample grid horizon,32,UNIFORM_4,32,31218,43456578878df7cc3cdaf4b452dd3dee8f9c75cedf75a2f2dd068e3267fb350b,simultaneous confidence-supported lower bound >= 32,simultaneous confidence-supported lower bound >= 32,32,UNIFORM_4,32,31218,43456578878df7cc3cdaf4b452dd3dee8f9c75cedf75a2f2dd068e3267fb350b,largest qualifying empirical sample grid horizon,largest qualifying empirical sample grid horizon,,,,,,no qualifying grid horizon (<32); not a measured zero horizon,no qualifying grid horizon (<32); not a measured zero horizon,147.93359375,UNIFORM_4,147.93359375,31218,43456578878df7cc3cdaf4b452dd3dee8f9c75cedf75a2f2dd068e3267fb350b,0.0,UNIFORM_4,0.0,31218,43456578878df7cc3cdaf4b452dd3dee8f9c75cedf75a2f2dd068e3267fb350b
POST_HOC_BUDGET_AUDIT_SAME_TEST,0,UNIFORM_4,16,55098,3443.625,1592,29626,630,3,UNIFORM_2;UNIFORM_3;UNIFORM_4,False,"best feasible on the reused TEST sample; not DEV-selected, independent confirmation, or a superiority test","maximize the named metric, then RMST; minimize total bytes, then arm name lexicographically",lower-bound or point-estimate ordering does not establish statistical superiority,NOT_MEASURED,43456578878df7cc3cdaf4b452dd3dee8f9c75cedf75a2f2dd068e3267fb350b,64,UNIFORM_4,64,55098,43456578878df7cc3cdaf4b452dd3dee8f9c75cedf75a2f2dd068e3267fb350b,largest qualifying empirical sample grid horizon,largest qualifying empirical sample grid horizon,32,UNIFORM_4,32,55098,43456578878df7cc3cdaf4b452dd3dee8f9c75cedf75a2f2dd068e3267fb350b,simultaneous confidence-supported lower bound >= 32,simultaneous confidence-supported lower bound >= 32,32,UNIFORM_4,32,55098,43456578878df7cc3cdaf4b452dd3dee8f9c75cedf75a2f2dd068e3267fb350b,largest qualifying empirical sample grid horizon,largest qualifying empirical sample grid horizon,,,,,,no qualifying grid horizon (<32); not a measured zero horizon,no qualifying grid horizon (<32); not a measured zero horizon,147.93359375,UNIFORM_4,147.93359375,55098,43456578878df7cc3cdaf4b452dd3dee8f9c75cedf75a2f2dd068e3267fb350b,0.0,UNIFORM_4,0.0,55098,43456578878df7cc3cdaf4b452dd3dee8f9c75cedf75a2f2dd068e3267fb350b
POST_HOC_BUDGET_AUDIT_SAME_TEST,0,UNIFORM_4,128,233402,1823.453125,1592,29626,630,3,UNIFORM_2;UNIFORM_3;UNIFORM_4,False,"best feasible on the reused TEST sample; not DEV-selected, independent confirmation, or a superiority test","maximize the named metric, then RMST; minimize total bytes, then arm name lexicographically",lower-bound or point-estimate ordering does not establish statistical superiority,NOT_MEASURED,43456578878df7cc3cdaf4b452dd3dee8f9c75cedf75a2f2dd068e3267fb350b,64,UNIFORM_4,64,233402,43456578878df7cc3cdaf4b452dd3dee8f9c75cedf75a2f2dd068e3267fb350b,largest qualifying empirical sample grid horizon,largest qualifying empirical sample grid horizon,32,UNIFORM_4,32,233402,43456578878df7cc3cdaf4b452dd3dee8f9c75cedf75a2f2dd068e3267fb350b,simultaneous confidence-supported lower bound >= 32,simultaneous confidence-supported lower bound >= 32,32,UNIFORM_4,32,233402,43456578878df7cc3cdaf4b452dd3dee8f9c75cedf75a2f2dd068e3267fb350b,largest qualifying empirical sample grid horizon,largest qualifying empirical sample grid horizon,,,,,,no qualifying grid horizon (<32); not a measured zero horizon,no qualifying grid horizon (<32); not a measured zero horizon,147.93359375,UNIFORM_4,147.93359375,233402,43456578878df7cc3cdaf4b452dd3dee8f9c75cedf75a2f2dd068e3267fb350b,0.0,UNIFORM_4,0.0,233402,43456578878df7cc3cdaf4b452dd3dee8f9c75cedf75a2f2dd068e3267fb350b
POST_HOC_BUDGET_AUDIT_SAME_TEST,0,UNIFORM_5,1,31602,31602.0,1976,29626,630,5,STOCHASTIC_4;UNIFORM_2;UNIFORM_3;UNIFORM_4;UNIFORM_5,False,"best feasible on the reused TEST sample; not DEV-selected, independent confirmation, or a superiority test","maximize the named metric, then RMST; minimize total bytes, then arm name lexicographically",lower-bound or point-estimate ordering does not establish statistical superiority,NOT_MEASURED,28a63b3bcfb341acad0bcfb5eb6ebb7d4753d2373eca6a2f3d9e120391b25b26,64,UNIFORM_5,64,31602,28a63b3bcfb341acad0bcfb5eb6ebb7d4753d2373eca6a2f3d9e120391b25b26,largest qualifying empirical sample grid horizon,largest qualifying empirical sample grid horizon,64,UNIFORM_5,64,31602,28a63b3bcfb341acad0bcfb5eb6ebb7d4753d2373eca6a2f3d9e120391b25b26,simultaneous confidence-supported lower bound >= 64,simultaneous confidence-supported lower bound >= 64,64,UNIFORM_5,64,31602,28a63b3bcfb341acad0bcfb5eb6ebb7d4753d2373eca6a2f3d9e120391b25b26,largest qualifying empirical sample grid horizon,largest qualifying empirical sample grid horizon,,,,,,no qualifying grid horizon (<32); not a measured zero horizon,no qualifying grid horizon (<32); not a measured zero horizon,235.82421875,UNIFORM_5,235.82421875,31602,28a63b3bcfb341acad0bcfb5eb6ebb7d4753d2373eca6a2f3d9e120391b25b26,0.0,UNIFORM_5,0.0,31602,28a63b3bcfb341acad0bcfb5eb6ebb7d4753d2373eca6a2f3d9e120391b25b26
POST_HOC_BUDGET_AUDIT_SAME_TEST,0,UNIFORM_5,16,61242,3827.625,1976,29626,630,6,MIXED_4_8_TOP2;STOCHASTIC_4;UNIFORM_2;UNIFORM_3;UNIFORM_4;UNIFORM_5,False,"best feasible on the reused TEST sample; not DEV-selected, independent confirmation, or a superiority test","maximize the named metric, then RMST; minimize total bytes, then arm name lexicographically",lower-bound or point-estimate ordering does not establish statistical superiority,NOT_MEASURED,28a63b3bcfb341acad0bcfb5eb6ebb7d4753d2373eca6a2f3d9e120391b25b26,64,UNIFORM_5,64,61242,28a63b3bcfb341acad0bcfb5eb6ebb7d4753d2373eca6a2f3d9e120391b25b26,largest qualifying empirical sample grid horizon,largest qualifying empirical sample grid horizon,64,UNIFORM_5,64,61242,28a63b3bcfb341acad0bcfb5eb6ebb7d4753d2373eca6a2f3d9e120391b25b26,simultaneous confidence-supported lower bound >= 64,simultaneous confidence-supported lower bound >= 64,64,UNIFORM_5,64,61242,28a63b3bcfb341acad0bcfb5eb6ebb7d4753d2373eca6a2f3d9e120391b25b26,largest qualifying empirical sample grid horizon,largest qualifying empirical sample grid horizon,,,,,,no qualifying grid horizon (<32); not a measured zero horizon,no qualifying grid horizon (<32); not a measured zero horizon,235.82421875,UNIFORM_5,235.82421875,61242,28a63b3bcfb341acad0bcfb5eb6ebb7d4753d2373eca6a2f3d9e120391b25b26,0.0,UNIFORM_5,0.0,61242,28a63b3bcfb341acad0bcfb5eb6ebb7d4753d2373eca6a2f3d9e120391b25b26
POST_HOC_BUDGET_AUDIT_SAME_TEST,0,UNIFORM_5,128,282554,2207.453125,1976,29626,630,6,MIXED_4_8_TOP2;STOCHASTIC_4;UNIFORM_2;UNIFORM_3;UNIFORM_4;UNIFORM_5,False,"best feasible on the reused TEST sample; not DEV-selected, independent confirmation, or a superiority test","maximize the named metric, then RMST; minimize total bytes, then arm name lexicographically",lower-bound or point-estimate ordering does not establish statistical superiority,NOT_MEASURED,28a63b3bcfb341acad0bcfb5eb6ebb7d4753d2373eca6a2f3d9e120391b25b26,64,UNIFORM_5,64,282554,28a63b3bcfb341acad0bcfb5eb6ebb7d4753d2373eca6a2f3d9e120391b25b26,largest qualifying empirical sample grid horizon,largest qualifying empirical sample grid horizon,64,UNIFORM_5,64,282554,28a63b3bcfb341acad0bcfb5eb6ebb7d4753d2373eca6a2f3d9e120391b25b26,simultaneous confidence-supported lower bound >= 64,simultaneous confidence-supported lower bound >= 64,64,UNIFORM_5,64,282554,28a63b3bcfb341acad0bcfb5eb6ebb7d4753d2373eca6a2f3d9e120391b25b26,largest qualifying empirical sample grid horizon,largest qualifying empirical sample grid horizon,,,,,,no qualifying grid horizon (<32); not a measured zero horizon,no qualifying grid horizon (<32); not a measured zero horizon,235.82421875,UNIFORM_5,235.82421875,282554,28a63b3bcfb341acad0bcfb5eb6ebb7d4753d2373eca6a2f3d9e120391b25b26,0.0,UNIFORM_5,0.0,282554,28a63b3bcfb341acad0bcfb5eb6ebb7d4753d2373eca6a2f3d9e120391b25b26
POST_HOC_BUDGET_AUDIT_SAME_TEST,0,UNIFORM_6,1,31986,31986.0,2360,29626,630,7,MIXED_4_8_TOP2;STOCHASTIC_4;UNIFORM_2;UNIFORM_3;UNIFORM_4;UNIFORM_5;UNIFORM_6,False,"best feasible on the reused TEST sample; not DEV-selected, independent confirmation, or a superiority test","maximize the named metric, then RMST; minimize total bytes, then arm name lexicographically",lower-bound or point-estimate ordering does not establish statistical superiority,NOT_MEASURED,042899ac254c056dcebb416c0240983d5ce1cbc3dfae38145bf8c976c8bec584,128,UNIFORM_6,128,31986,042899ac254c056dcebb416c0240983d5ce1cbc3dfae38145bf8c976c8bec584,largest qualifying empirical sample grid horizon,largest qualifying empirical sample grid horizon,64,UNIFORM_6,64,31986,042899ac254c056dcebb416c0240983d5ce1cbc3dfae38145bf8c976c8bec584,simultaneous confidence-supported lower bound >= 64,simultaneous confidence-supported lower bound >= 64,64,UNIFORM_6,64,31986,042899ac254c056dcebb416c0240983d5ce1cbc3dfae38145bf8c976c8bec584,largest qualifying empirical sample grid horizon,largest qualifying empirical sample grid horizon,,,,,,no qualifying grid horizon (<32); not a measured zero horizon,no qualifying grid horizon (<32); not a measured zero horizon,273.939453125,UNIFORM_6,273.939453125,31986,042899ac254c056dcebb416c0240983d5ce1cbc3dfae38145bf8c976c8bec584,0.0,UNIFORM_6,0.0,31986,042899ac254c056dcebb416c0240983d5ce1cbc3dfae38145bf8c976c8bec584
POST_HOC_BUDGET_AUDIT_SAME_TEST,0,UNIFORM_6,16,67386,4211.625,2360,29626,630,9,MIXED_4_8;MIXED_4_8_TOP2;MIXED_4_8_TOP5;STOCHASTIC_4;UNIFORM_2;UNIFORM_3;UNIFORM_4;UNIFORM_5;UNIFORM_6,False,"best feasible on the reused TEST sample; not DEV-selected, independent confirmation, or a superiority test","maximize the named metric, then RMST; minimize total bytes, then arm name lexicographically",lower-bound or point-estimate ordering does not establish statistical superiority,NOT_MEASURED,042899ac254c056dcebb416c0240983d5ce1cbc3dfae38145bf8c976c8bec584,128,UNIFORM_6,128,67386,042899ac254c056dcebb416c0240983d5ce1cbc3dfae38145bf8c976c8bec584,largest qualifying empirical sample grid horizon,largest qualifying empirical sample grid horizon,64,UNIFORM_6,64,67386,042899ac254c056dcebb416c0240983d5ce1cbc3dfae38145bf8c976c8bec584,simultaneous confidence-supported lower bound >= 64,simultaneous confidence-supported lower bound >= 64,64,UNIFORM_6,64,67386,042899ac254c056dcebb416c0240983d5ce1cbc3dfae38145bf8c976c8bec584,largest qualifying empirical sample grid horizon,largest qualifying empirical sample grid horizon,,,,,,no qualifying grid horizon (<32); not a measured zero horizon,no qualifying grid horizon (<32); not a measured zero horizon,273.939453125,UNIFORM_6,273.939453125,67386,042899ac254c056dcebb416c0240983d5ce1cbc3dfae38145bf8c976c8bec584,0.0,UNIFORM_6,0.0,67386,042899ac254c056dcebb416c0240983d5ce1cbc3dfae38145bf8c976c8bec584
POST_HOC_BUDGET_AUDIT_SAME_TEST,0,UNIFORM_6,128,331706,2591.453125,2360,29626,630,9,MIXED_4_8;MIXED_4_8_TOP2;MIXED_4_8_TOP5;STOCHASTIC_4;UNIFORM_2;UNIFORM_3;UNIFORM_4;UNIFORM_5;UNIFORM_6,False,"best feasible on the reused TEST sample; not DEV-selected, independent confirmation, or a superiority test","maximize the named metric, then RMST; minimize total bytes, then arm name lexicographically",lower-bound or point-estimate ordering does not establish statistical superiority,NOT_MEASURED,042899ac254c056dcebb416c0240983d5ce1cbc3dfae38145bf8c976c8bec584,128,UNIFORM_6,128,331706,042899ac254c056dcebb416c0240983d5ce1cbc3dfae38145bf8c976c8bec584,largest qualifying empirical sample grid horizon,largest qualifying empirical sample grid horizon,64,UNIFORM_6,64,331706,042899ac254c056dcebb416c0240983d5ce1cbc3dfae38145bf8c976c8bec584,simultaneous confidence-supported lower bound >= 64,simultaneous confidence-supported lower bound >= 64,64,UNIFORM_6,64,331706,042899ac254c056dcebb416c0240983d5ce1cbc3dfae38145bf8c976c8bec584,largest qualifying empirical sample grid horizon,largest qualifying empirical sample grid horizon,,,,,,no qualifying grid horizon (<32); not a measured zero horizon,no qualifying grid horizon (<32); not a measured zero horizon,273.939453125,UNIFORM_6,273.939453125,331706,042899ac254c056dcebb416c0240983d5ce1cbc3dfae38145bf8c976c8bec584,0.0,UNIFORM_6,0.0,331706,042899ac254c056dcebb416c0240983d5ce1cbc3dfae38145bf8c976c8bec584
POST_HOC_BUDGET_AUDIT_SAME_TEST,0,UNIFORM_7,1,32370,32370.0,2744,29626,630,10,MIXED_4_8;MIXED_4_8_TOP2;MIXED_4_8_TOP5;STOCHASTIC_4;UNIFORM_2;UNIFORM_3;UNIFORM_4;UNIFORM_5;UNIFORM_6;UNIFORM_7,False,"best feasible on the reused TEST sample; not DEV-selected, independent confirmation, or a superiority test","maximize the named metric, then RMST; minimize total bytes, then arm name lexicographically",lower-bound or point-estimate ordering does not establish statistical superiority,NOT_MEASURED,51d3ab72117ce923eb5d3ddf30d904222c8d4da963492883dc9f6b30eae29058,128,UNIFORM_7,128,32370,51d3ab72117ce923eb5d3ddf30d904222c8d4da963492883dc9f6b30eae29058,largest qualifying empirical sample grid horizon,largest qualifying empirical sample grid horizon,64,UNIFORM_7,64,32370,51d3ab72117ce923eb5d3ddf30d904222c8d4da963492883dc9f6b30eae29058,simultaneous confidence-supported lower bound >= 64,simultaneous confidence-supported lower bound >= 64,64,UNIFORM_7,64,32370,51d3ab72117ce923eb5d3ddf30d904222c8d4da963492883dc9f6b30eae29058,largest qualifying empirical sample grid horizon,largest qualifying empirical sample grid horizon,,,,,,no qualifying grid horizon (<32); not a measured zero horizon,no qualifying grid horizon (<32); not a measured zero horizon,282.333984375,UNIFORM_7,282.333984375,32370,51d3ab72117ce923eb5d3ddf30d904222c8d4da963492883dc9f6b30eae29058,0.0,UNIFORM_7,0.0,32370,51d3ab72117ce923eb5d3ddf30d904222c8d4da963492883dc9f6b30eae29058
POST_HOC_BUDGET_AUDIT_SAME_TEST,0,UNIFORM_7,16,73530,4595.625,2744,29626,630,12,MIXED_4_8;MIXED_4_8_TOP2;MIXED_4_8_TOP5;MIXED_6_8_TOP1;MIXED_6_8_TOP4;STOCHASTIC_4;UNIFORM_2;UNIFORM_3;UNIFORM_4;UNIFORM_5;UNIFORM_6;UNIFORM_7,False,"best feasible on the reused TEST sample; not DEV-selected, independent confirmation, or a superiority test","maximize the named metric, then RMST; minimize total bytes, then arm name lexicographically",lower-bound or point-estimate ordering does not establish statistical superiority,NOT_MEASURED,51d3ab72117ce923eb5d3ddf30d904222c8d4da963492883dc9f6b30eae29058,128,MIXED_6_8_TOP4,128,70863,5634fdc7e3a49c16c560b8bfaef3210a18bf6e51331f2b98444cb8e095e8e208,largest qualifying empirical sample grid horizon,largest qualifying empirical sample grid horizon,64,MIXED_6_8_TOP4,64,70863,5634fdc7e3a49c16c560b8bfaef3210a18bf6e51331f2b98444cb8e095e8e208,simultaneous confidence-supported lower bound >= 64,simultaneous confidence-supported lower bound >= 64,64,MIXED_6_8_TOP4,64,70863,5634fdc7e3a49c16c560b8bfaef3210a18bf6e51331f2b98444cb8e095e8e208,largest qualifying empirical sample grid horizon,largest qualifying empirical sample grid horizon,,,,,,no qualifying grid horizon (<32); not a measured zero horizon,no qualifying grid horizon (<32); not a measured zero horizon,282.333984375,MIXED_6_8_TOP4,283.775390625,70863,5634fdc7e3a49c16c560b8bfaef3210a18bf6e51331f2b98444cb8e095e8e208,0.0,MIXED_6_8_TOP4,0.0,70863,5634fdc7e3a49c16c560b8bfaef3210a18bf6e51331f2b98444cb8e095e8e208
POST_HOC_BUDGET_AUDIT_SAME_TEST,0,UNIFORM_7,128,380858,2975.453125,2744,29626,630,12,MIXED_4_8;MIXED_4_8_TOP2;MIXED_4_8_TOP5;MIXED_6_8_TOP1;MIXED_6_8_TOP4;STOCHASTIC_4;UNIFORM_2;UNIFORM_3;UNIFORM_4;UNIFORM_5;UNIFORM_6;UNIFORM_7,False,"best feasible on the reused TEST sample; not DEV-selected, independent confirmation, or a superiority test","maximize the named metric, then RMST; minimize total bytes, then arm name lexicographically",lower-bound or point-estimate ordering does not establish statistical superiority,NOT_MEASURED,51d3ab72117ce923eb5d3ddf30d904222c8d4da963492883dc9f6b30eae29058,128,MIXED_6_8_TOP4,128,356687,5634fdc7e3a49c16c560b8bfaef3210a18bf6e51331f2b98444cb8e095e8e208,largest qualifying empirical sample grid horizon,largest qualifying empirical sample grid horizon,64,MIXED_6_8_TOP4,64,356687,5634fdc7e3a49c16c560b8bfaef3210a18bf6e51331f2b98444cb8e095e8e208,simultaneous confidence-supported lower bound >= 64,simultaneous confidence-supported lower bound >= 64,64,MIXED_6_8_TOP4,64,356687,5634fdc7e3a49c16c560b8bfaef3210a18bf6e51331f2b98444cb8e095e8e208,largest qualifying empirical sample grid horizon,largest qualifying empirical sample grid horizon,,,,,,no qualifying grid horizon (<32); not a measured zero horizon,no qualifying grid horizon (<32); not a measured zero horizon,282.333984375,MIXED_6_8_TOP4,283.775390625,356687,5634fdc7e3a49c16c560b8bfaef3210a18bf6e51331f2b98444cb8e095e8e208,0.0,MIXED_6_8_TOP4,0.0,356687,5634fdc7e3a49c16c560b8bfaef3210a18bf6e51331f2b98444cb8e095e8e208
POST_HOC_BUDGET_AUDIT_SAME_TEST,0,UNIFORM_8,1,32754,32754.0,3128,29626,630,13,MIXED_4_8;MIXED_4_8_TOP2;MIXED_4_8_TOP5;MIXED_6_8_TOP1;MIXED_6_8_TOP4;STOCHASTIC_4;UNIFORM_2;UNIFORM_3;UNIFORM_4;UNIFORM_5;UNIFORM_6;UNIFORM_7;UNIFORM_8,False,"best feasible on the reused TEST sample; not DEV-selected, independent confirmation, or a superiority test","maximize the named metric, then RMST; minimize total bytes, then arm name lexicographically",lower-bound or point-estimate ordering does not establish statistical superiority,NOT_MEASURED,a1ef414ff1c797757b086e266dfa748ed98d4a5af7169ef2ebcc6c5a704fa520,128,MIXED_6_8_TOP4,128,32583,5634fdc7e3a49c16c560b8bfaef3210a18bf6e51331f2b98444cb8e095e8e208,largest qualifying empirical sample grid horizon,largest qualifying empirical sample grid horizon,64,MIXED_6_8_TOP4,64,32583,5634fdc7e3a49c16c560b8bfaef3210a18bf6e51331f2b98444cb8e095e8e208,simultaneous confidence-supported lower bound >= 64,simultaneous confidence-supported lower bound >= 64,64,MIXED_6_8_TOP4,64,32583,5634fdc7e3a49c16c560b8bfaef3210a18bf6e51331f2b98444cb8e095e8e208,largest qualifying empirical sample grid horizon,largest qualifying empirical sample grid horizon,,,,,,no qualifying grid horizon (<32); not a measured zero horizon,no qualifying grid horizon (<32); not a measured zero horizon,283.435546875,MIXED_6_8_TOP4,283.775390625,32583,5634fdc7e3a49c16c560b8bfaef3210a18bf6e51331f2b98444cb8e095e8e208,0.0,MIXED_6_8_TOP4,0.0,32583,5634fdc7e3a49c16c560b8bfaef3210a18bf6e51331f2b98444cb8e095e8e208
POST_HOC_BUDGET_AUDIT_SAME_TEST,0,UNIFORM_8,16,79674,4979.625,3128,29626,630,14,MIXED_4_8;MIXED_4_8_TOP2;MIXED_4_8_TOP5;MIXED_6_8;MIXED_6_8_TOP1;MIXED_6_8_TOP4;STOCHASTIC_4;UNIFORM_2;UNIFORM_3;UNIFORM_4;UNIFORM_5;UNIFORM_6;UNIFORM_7;UNIFORM_8,False,"best feasible on the reused TEST sample; not DEV-selected, independent confirmation, or a superiority test","maximize the named metric, then RMST; minimize total bytes, then arm name lexicographically",lower-bound or point-estimate ordering does not establish statistical superiority,NOT_MEASURED,a1ef414ff1c797757b086e266dfa748ed98d4a5af7169ef2ebcc6c5a704fa520,128,MIXED_6_8_TOP4,128,70863,5634fdc7e3a49c16c560b8bfaef3210a18bf6e51331f2b98444cb8e095e8e208,largest qualifying empirical sample grid horizon,largest qualifying empirical sample grid horizon,64,MIXED_6_8_TOP4,64,70863,5634fdc7e3a49c16c560b8bfaef3210a18bf6e51331f2b98444cb8e095e8e208,simultaneous confidence-supported lower bound >= 64,simultaneous confidence-supported lower bound >= 64,64,MIXED_6_8_TOP4,64,70863,5634fdc7e3a49c16c560b8bfaef3210a18bf6e51331f2b98444cb8e095e8e208,largest qualifying empirical sample grid horizon,largest qualifying empirical sample grid horizon,,,,,,no qualifying grid horizon (<32); not a measured zero horizon,no qualifying grid horizon (<32); not a measured zero horizon,283.435546875,MIXED_6_8_TOP4,283.775390625,70863,5634fdc7e3a49c16c560b8bfaef3210a18bf6e51331f2b98444cb8e095e8e208,0.0,MIXED_6_8_TOP4,0.0,70863,5634fdc7e3a49c16c560b8bfaef3210a18bf6e51331f2b98444cb8e095e8e208
POST_HOC_BUDGET_AUDIT_SAME_TEST,0,UNIFORM_8,128,430010,3359.453125,3128,29626,630,14,MIXED_4_8;MIXED_4_8_TOP2;MIXED_4_8_TOP5;MIXED_6_8;MIXED_6_8_TOP1;MIXED_6_8_TOP4;STOCHASTIC_4;UNIFORM_2;UNIFORM_3;UNIFORM_4;UNIFORM_5;UNIFORM_6;UNIFORM_7;UNIFORM_8,False,"best feasible on the reused TEST sample; not DEV-selected, independent confirmation, or a superiority test","maximize the named metric, then RMST; minimize total bytes, then arm name lexicographically",lower-bound or point-estimate ordering does not establish statistical superiority,NOT_MEASURED,a1ef414ff1c797757b086e266dfa748ed98d4a5af7169ef2ebcc6c5a704fa520,128,MIXED_6_8_TOP4,128,356687,5634fdc7e3a49c16c560b8bfaef3210a18bf6e51331f2b98444cb8e095e8e208,largest qualifying empirical sample grid horizon,largest qualifying empirical sample grid horizon,64,MIXED_6_8_TOP4,64,356687,5634fdc7e3a49c16c560b8bfaef3210a18bf6e51331f2b98444cb8e095e8e208,simultaneous confidence-supported lower bound >= 64,simultaneous confidence-supported lower bound >= 64,64,MIXED_6_8_TOP4,64,356687,5634fdc7e3a49c16c560b8bfaef3210a18bf6e51331f2b98444cb8e095e8e208,largest qualifying empirical sample grid horizon,largest qualifying empirical sample grid horizon,,,,,,no qualifying grid horizon (<32); not a measured zero horizon,no qualifying grid horizon (<32); not a measured zero horizon,283.435546875,MIXED_6_8_TOP4,283.775390625,356687,5634fdc7e3a49c16c560b8bfaef3210a18bf6e51331f2b98444cb8e095e8e208,0.0,MIXED_6_8_TOP4,0.0,356687,5634fdc7e3a49c16c560b8bfaef3210a18bf6e51331f2b98444cb8e095e8e208
POST_HOC_BUDGET_AUDIT_SAME_TEST,0,UNIFORM_9,1,33138,33138.0,3512,29626,630,15,MIXED_4_8;MIXED_4_8_TOP2;MIXED_4_8_TOP5;MIXED_6_8;MIXED_6_8_TOP1;MIXED_6_8_TOP4;STOCHASTIC_4;UNIFORM_2;UNIFORM_3;UNIFORM_4;UNIFORM_5;UNIFORM_6;UNIFORM_7;UNIFORM_8;UNIFORM_9,False,"best feasible on the reused TEST sample; not DEV-selected, independent confirmation, or a superiority test","maximize the named metric, then RMST; minimize total bytes, then arm name lexicographically",lower-bound or point-estimate ordering does not establish statistical superiority,NOT_MEASURED,511e9c8be2f03dce301769beadd89a8b9d83458ef8e2ac988f04803fef528c02,128,UNIFORM_9,128,33138,511e9c8be2f03dce301769beadd89a8b9d83458ef8e2ac988f04803fef528c02,largest qualifying empirical sample grid horizon,largest qualifying empirical sample grid horizon,64,UNIFORM_9,64,33138,511e9c8be2f03dce301769beadd89a8b9d83458ef8e2ac988f04803fef528c02,simultaneous confidence-supported lower bound >= 64,simultaneous confidence-supported lower bound >= 64,64,UNIFORM_9,64,33138,511e9c8be2f03dce301769beadd89a8b9d83458ef8e2ac988f04803fef528c02,largest qualifying empirical sample grid horizon,largest qualifying empirical sample grid horizon,,,,,,no qualifying grid horizon (<32); not a measured zero horizon,no qualifying grid horizon (<32); not a measured zero horizon,284.83203125,UNIFORM_9,284.83203125,33138,511e9c8be2f03dce301769beadd89a8b9d83458ef8e2ac988f04803fef528c02,0.0,UNIFORM_9,0.0,33138,511e9c8be2f03dce301769beadd89a8b9d83458ef8e2ac988f04803fef528c02
POST_HOC_BUDGET_AUDIT_SAME_TEST,0,UNIFORM_9,16,85818,5363.625,3512,29626,630,15,MIXED_4_8;MIXED_4_8_TOP2;MIXED_4_8_TOP5;MIXED_6_8;MIXED_6_8_TOP1;MIXED_6_8_TOP4;STOCHASTIC_4;UNIFORM_2;UNIFORM_3;UNIFORM_4;UNIFORM_5;UNIFORM_6;UNIFORM_7;UNIFORM_8;UNIFORM_9,False,"best feasible on the reused TEST sample; not DEV-selected, independent confirmation, or a superiority test","maximize the named metric, then RMST; minimize total bytes, then arm name lexicographically",lower-bound or point-estimate ordering does not establish statistical superiority,NOT_MEASURED,511e9c8be2f03dce301769beadd89a8b9d83458ef8e2ac988f04803fef528c02,128,UNIFORM_9,128,85818,511e9c8be2f03dce301769beadd89a8b9d83458ef8e2ac988f04803fef528c02,largest qualifying empirical sample grid horizon,largest qualifying empirical sample grid horizon,64,UNIFORM_9,64,85818,511e9c8be2f03dce301769beadd89a8b9d83458ef8e2ac988f04803fef528c02,simultaneous confidence-supported lower bound >= 64,simultaneous confidence-supported lower bound >= 64,64,UNIFORM_9,64,85818,511e9c8be2f03dce301769beadd89a8b9d83458ef8e2ac988f04803fef528c02,largest qualifying empirical sample grid horizon,largest qualifying empirical sample grid horizon,,,,,,no qualifying grid horizon (<32); not a measured zero horizon,no qualifying grid horizon (<32); not a measured zero horizon,284.83203125,UNIFORM_9,284.83203125,85818,511e9c8be2f03dce301769beadd89a8b9d83458ef8e2ac988f04803fef528c02,0.0,UNIFORM_9,0.0,85818,511e9c8be2f03dce301769beadd89a8b9d83458ef8e2ac988f04803fef528c02
POST_HOC_BUDGET_AUDIT_SAME_TEST,0,UNIFORM_9,128,479162,3743.453125,3512,29626,630,15,MIXED_4_8;MIXED_4_8_TOP2;MIXED_4_8_TOP5;MIXED_6_8;MIXED_6_8_TOP1;MIXED_6_8_TOP4;STOCHASTIC_4;UNIFORM_2;UNIFORM_3;UNIFORM_4;UNIFORM_5;UNIFORM_6;UNIFORM_7;UNIFORM_8;UNIFORM_9,False,"best feasible on the reused TEST sample; not DEV-selected, independent confirmation, or a superiority test","maximize the named metric, then RMST; minimize total bytes, then arm name lexicographically",lower-bound or point-estimate ordering does not establish statistical superiority,NOT_MEASURED,511e9c8be2f03dce301769beadd89a8b9d83458ef8e2ac988f04803fef528c02,128,UNIFORM_9,128,479162,511e9c8be2f03dce301769beadd89a8b9d83458ef8e2ac988f04803fef528c02,largest qualifying empirical sample grid horizon,largest qualifying empirical sample grid horizon,64,UNIFORM_9,64,479162,511e9c8be2f03dce301769beadd89a8b9d83458ef8e2ac988f04803fef528c02,simultaneous confidence-supported lower bound >= 64,simultaneous confidence-supported lower bound >= 64,64,UNIFORM_9,64,479162,511e9c8be2f03dce301769beadd89a8b9d83458ef8e2ac988f04803fef528c02,largest qualifying empirical sample grid horizon,largest qualifying empirical sample grid horizon,,,,,,no qualifying grid horizon (<32); not a measured zero horizon,no qualifying grid horizon (<32); not a measured zero horizon,284.83203125,UNIFORM_9,284.83203125,479162,511e9c8be2f03dce301769beadd89a8b9d83458ef8e2ac988f04803fef528c02,0.0,UNIFORM_9,0.0,479162,511e9c8be2f03dce301769beadd89a8b9d83458ef8e2ac988f04803fef528c02
POST_HOC_BUDGET_AUDIT_SAME_TEST,0,UNTRANSPORTED_4_4,1,33112,33112.0,3176,29936,630,14,MIXED_4_8;MIXED_4_8_TOP2;MIXED_4_8_TOP5;MIXED_6_8;MIXED_6_8_TOP1;MIXED_6_8_TOP4;STOCHASTIC_4;UNIFORM_2;UNIFORM_3;UNIFORM_4;UNIFORM_5;UNIFORM_6;UNIFORM_7;UNIFORM_8,False,"best feasible on the reused TEST sample; not DEV-selected, independent confirmation, or a superiority test","maximize the named metric, then RMST; minimize total bytes, then arm name lexicographically",lower-bound or point-estimate ordering does not establish statistical superiority,NOT_MEASURED,5cb3460c19ec1d12f853e12c3377bc59ade75c5dbd857a0a6a192224ec03a657,32,MIXED_6_8_TOP4,128,32583,5634fdc7e3a49c16c560b8bfaef3210a18bf6e51331f2b98444cb8e095e8e208,largest qualifying empirical sample grid horizon,largest qualifying empirical sample grid horizon,32,MIXED_6_8_TOP4,64,32583,5634fdc7e3a49c16c560b8bfaef3210a18bf6e51331f2b98444cb8e095e8e208,simultaneous confidence-supported lower bound >= 32,simultaneous confidence-supported lower bound >= 64,,MIXED_6_8_TOP4,64,32583,5634fdc7e3a49c16c560b8bfaef3210a18bf6e51331f2b98444cb8e095e8e208,no qualifying grid horizon (<32); not a measured zero horizon,largest qualifying empirical sample grid horizon,,,,,,no qualifying grid horizon (<32); not a measured zero horizon,no qualifying grid horizon (<32); not a measured zero horizon,84.509765625,MIXED_6_8_TOP4,283.775390625,32583,5634fdc7e3a49c16c560b8bfaef3210a18bf6e51331f2b98444cb8e095e8e208,0.0,MIXED_6_8_TOP4,0.0,32583,5634fdc7e3a49c16c560b8bfaef3210a18bf6e51331f2b98444cb8e095e8e208
POST_HOC_BUDGET_AUDIT_SAME_TEST,0,UNTRANSPORTED_4_4,16,80752,5047.0,3176,29936,630,14,MIXED_4_8;MIXED_4_8_TOP2;MIXED_4_8_TOP5;MIXED_6_8;MIXED_6_8_TOP1;MIXED_6_8_TOP4;STOCHASTIC_4;UNIFORM_2;UNIFORM_3;UNIFORM_4;UNIFORM_5;UNIFORM_6;UNIFORM_7;UNIFORM_8,False,"best feasible on the reused TEST sample; not DEV-selected, independent confirmation, or a superiority test","maximize the named metric, then RMST; minimize total bytes, then arm name lexicographically",lower-bound or point-estimate ordering does not establish statistical superiority,NOT_MEASURED,5cb3460c19ec1d12f853e12c3377bc59ade75c5dbd857a0a6a192224ec03a657,32,MIXED_6_8_TOP4,128,70863,5634fdc7e3a49c16c560b8bfaef3210a18bf6e51331f2b98444cb8e095e8e208,largest qualifying empirical sample grid horizon,largest qualifying empirical sample grid horizon,32,MIXED_6_8_TOP4,64,70863,5634fdc7e3a49c16c560b8bfaef3210a18bf6e51331f2b98444cb8e095e8e208,simultaneous confidence-supported lower bound >= 32,simultaneous confidence-supported lower bound >= 64,,MIXED_6_8_TOP4,64,70863,5634fdc7e3a49c16c560b8bfaef3210a18bf6e51331f2b98444cb8e095e8e208,no qualifying grid horizon (<32); not a measured zero horizon,largest qualifying empirical sample grid horizon,,,,,,no qualifying grid horizon (<32); not a measured zero horizon,no qualifying grid horizon (<32); not a measured zero horizon,84.509765625,MIXED_6_8_TOP4,283.775390625,70863,5634fdc7e3a49c16c560b8bfaef3210a18bf6e51331f2b98444cb8e095e8e208,0.0,MIXED_6_8_TOP4,0.0,70863,5634fdc7e3a49c16c560b8bfaef3210a18bf6e51331f2b98444cb8e095e8e208
POST_HOC_BUDGET_AUDIT_SAME_TEST,0,UNTRANSPORTED_4_4,128,436464,3409.875,3176,29936,630,14,MIXED_4_8;MIXED_4_8_TOP2;MIXED_4_8_TOP5;MIXED_6_8;MIXED_6_8_TOP1;MIXED_6_8_TOP4;STOCHASTIC_4;UNIFORM_2;UNIFORM_3;UNIFORM_4;UNIFORM_5;UNIFORM_6;UNIFORM_7;UNIFORM_8,False,"best feasible on the reused TEST sample; not DEV-selected, independent confirmation, or a superiority test","maximize the named metric, then RMST; minimize total bytes, then arm name lexicographically",lower-bound or point-estimate ordering does not establish statistical superiority,NOT_MEASURED,5cb3460c19ec1d12f853e12c3377bc59ade75c5dbd857a0a6a192224ec03a657,32,MIXED_6_8_TOP4,128,356687,5634fdc7e3a49c16c560b8bfaef3210a18bf6e51331f2b98444cb8e095e8e208,largest qualifying empirical sample grid horizon,largest qualifying empirical sample grid horizon,32,MIXED_6_8_TOP4,64,356687,5634fdc7e3a49c16c560b8bfaef3210a18bf6e51331f2b98444cb8e095e8e208,simultaneous confidence-supported lower bound >= 32,simultaneous confidence-supported lower bound >= 64,,MIXED_6_8_TOP4,64,356687,5634fdc7e3a49c16c560b8bfaef3210a18bf6e51331f2b98444cb8e095e8e208,no qualifying grid horizon (<32); not a measured zero horizon,largest qualifying empirical sample grid horizon,,,,,,no qualifying grid horizon (<32); not a measured zero horizon,no qualifying grid horizon (<32); not a measured zero horizon,84.509765625,MIXED_6_8_TOP4,283.775390625,356687,5634fdc7e3a49c16c560b8bfaef3210a18bf6e51331f2b98444cb8e095e8e208,0.0,MIXED_6_8_TOP4,0.0,356687,5634fdc7e3a49c16c560b8bfaef3210a18bf6e51331f2b98444cb8e095e8e208
POST_HOC_BUDGET_AUDIT_SAME_TEST,1,FULL_RESIDUAL_4_4,1,33110,33110.0,3176,29934,630,14,MIXED_4_8;MIXED_4_8_TOP2;MIXED_4_8_TOP5;MIXED_6_8;MIXED_6_8_TOP1;MIXED_6_8_TOP4;STOCHASTIC_4;UNIFORM_2;UNIFORM_3;UNIFORM_4;UNIFORM_5;UNIFORM_6;UNIFORM_7;UNIFORM_8,False,"best feasible on the reused TEST sample; not DEV-selected, independent confirmation, or a superiority test","maximize the named metric, then RMST; minimize total bytes, then arm name lexicographically",lower-bound or point-estimate ordering does not establish statistical superiority,NOT_MEASURED,a6e5ed66efa593a5c276cf3f17a2021fb5b19c064201df87c3511365f0c5c2ae,64,MIXED_6_8,64,32775,34ce2c5ff44b3535f259142f5a863e45185b3b9a026a9627485e795f724d8910,largest qualifying empirical sample grid horizon,largest qualifying empirical sample grid horizon,64,MIXED_6_8,64,32775,34ce2c5ff44b3535f259142f5a863e45185b3b9a026a9627485e795f724d8910,simultaneous confidence-supported lower bound >= 64,simultaneous confidence-supported lower bound >= 64,64,MIXED_6_8,64,32775,34ce2c5ff44b3535f259142f5a863e45185b3b9a026a9627485e795f724d8910,largest qualifying empirical sample grid horizon,largest qualifying empirical sample grid horizon,,,,,,no qualifying grid horizon (<32); not a measured zero horizon,no qualifying grid horizon (<32); not a measured zero horizon,270.021484375,MIXED_6_8,271.06640625,32775,34ce2c5ff44b3535f259142f5a863e45185b3b9a026a9627485e795f724d8910,0.0,MIXED_6_8,0.0,32775,34ce2c5ff44b3535f259142f5a863e45185b3b9a026a9627485e795f724d8910
POST_HOC_BUDGET_AUDIT_SAME_TEST,1,FULL_RESIDUAL_4_4,16,80750,5046.875,3176,29934,630,14,MIXED_4_8;MIXED_4_8_TOP2;MIXED_4_8_TOP5;MIXED_6_8;MIXED_6_8_TOP1;MIXED_6_8_TOP4;STOCHASTIC_4;UNIFORM_2;UNIFORM_3;UNIFORM_4;UNIFORM_5;UNIFORM_6;UNIFORM_7;UNIFORM_8,False,"best feasible on the reused TEST sample; not DEV-selected, independent confirmation, or a superiority test","maximize the named metric, then RMST; minimize total bytes, then arm name lexicographically",lower-bound or point-estimate ordering does not establish statistical superiority,NOT_MEASURED,a6e5ed66efa593a5c276cf3f17a2021fb5b19c064201df87c3511365f0c5c2ae,64,MIXED_6_8,64,73935,34ce2c5ff44b3535f259142f5a863e45185b3b9a026a9627485e795f724d8910,largest qualifying empirical sample grid horizon,largest qualifying empirical sample grid horizon,64,MIXED_6_8,64,73935,34ce2c5ff44b3535f259142f5a863e45185b3b9a026a9627485e795f724d8910,simultaneous confidence-supported lower bound >= 64,simultaneous confidence-supported lower bound >= 64,64,MIXED_6_8,64,73935,34ce2c5ff44b3535f259142f5a863e45185b3b9a026a9627485e795f724d8910,largest qualifying empirical sample grid horizon,largest qualifying empirical sample grid horizon,,,,,,no qualifying grid horizon (<32); not a measured zero horizon,no qualifying grid horizon (<32); not a measured zero horizon,270.021484375,MIXED_6_8,271.06640625,73935,34ce2c5ff44b3535f259142f5a863e45185b3b9a026a9627485e795f724d8910,0.0,MIXED_6_8,0.0,73935,34ce2c5ff44b3535f259142f5a863e45185b3b9a026a9627485e795f724d8910
POST_HOC_BUDGET_AUDIT_SAME_TEST,1,FULL_RESIDUAL_4_4,128,436462,3409.859375,3176,29934,630,14,MIXED_4_8;MIXED_4_8_TOP2;MIXED_4_8_TOP5;MIXED_6_8;MIXED_6_8_TOP1;MIXED_6_8_TOP4;STOCHASTIC_4;UNIFORM_2;UNIFORM_3;UNIFORM_4;UNIFORM_5;UNIFORM_6;UNIFORM_7;UNIFORM_8,False,"best feasible on the reused TEST sample; not DEV-selected, independent confirmation, or a superiority test","maximize the named metric, then RMST; minimize total bytes, then arm name lexicographically",lower-bound or point-estimate ordering does not establish statistical superiority,NOT_MEASURED,a6e5ed66efa593a5c276cf3f17a2021fb5b19c064201df87c3511365f0c5c2ae,64,MIXED_6_8,64,381263,34ce2c5ff44b3535f259142f5a863e45185b3b9a026a9627485e795f724d8910,largest qualifying empirical sample grid horizon,largest qualifying empirical sample grid horizon,64,MIXED_6_8,64,381263,34ce2c5ff44b3535f259142f5a863e45185b3b9a026a9627485e795f724d8910,simultaneous confidence-supported lower bound >= 64,simultaneous confidence-supported lower bound >= 64,64,MIXED_6_8,64,381263,34ce2c5ff44b3535f259142f5a863e45185b3b9a026a9627485e795f724d8910,largest qualifying empirical sample grid horizon,largest qualifying empirical sample grid horizon,,,,,,no qualifying grid horizon (<32); not a measured zero horizon,no qualifying grid horizon (<32); not a measured zero horizon,270.021484375,MIXED_6_8,271.06640625,381263,34ce2c5ff44b3535f259142f5a863e45185b3b9a026a9627485e795f724d8910,0.0,MIXED_6_8,0.0,381263,34ce2c5ff44b3535f259142f5a863e45185b3b9a026a9627485e795f724d8910
POST_HOC_BUDGET_AUDIT_SAME_TEST,1,FULL_RESIDUAL_4_8,1,34646,34646.0,4712,29934,630,18,MIXED_4_8;MIXED_4_8_TOP2;MIXED_4_8_TOP5;MIXED_6_8;MIXED_6_8_TOP1;MIXED_6_8_TOP4;STOCHASTIC_4;UNIFORM_10;UNIFORM_11;UNIFORM_12;UNIFORM_2;UNIFORM_3;UNIFORM_4;UNIFORM_5;UNIFORM_6;UNIFORM_7;UNIFORM_8;UNIFORM_9,False,"best feasible on the reused TEST sample; not DEV-selected, independent confirmation, or a superiority test","maximize the named metric, then RMST; minimize total bytes, then arm name lexicographically",lower-bound or point-estimate ordering does not establish statistical superiority,NOT_MEASURED,5461fdcde3de881d021039ca2b4c9bdb6a03b29988a99bb9296fab942801c056,64,UNIFORM_9,64,33138,a2ec5cfe40b1efa8dca6b1e858e72b78f3d033fa7f6468a5d0e7bc05bc4a5a67,largest qualifying empirical sample grid horizon,largest qualifying empirical sample grid horizon,64,UNIFORM_9,64,33138,a2ec5cfe40b1efa8dca6b1e858e72b78f3d033fa7f6468a5d0e7bc05bc4a5a67,simultaneous confidence-supported lower bound >= 64,simultaneous confidence-supported lower bound >= 64,64,UNIFORM_9,64,33138,a2ec5cfe40b1efa8dca6b1e858e72b78f3d033fa7f6468a5d0e7bc05bc4a5a67,largest qualifying empirical sample grid horizon,largest qualifying empirical sample grid horizon,,,,,,no qualifying grid horizon (<32); not a measured zero horizon,no qualifying grid horizon (<32); not a measured zero horizon,271.46875,UNIFORM_9,272.65625,33138,a2ec5cfe40b1efa8dca6b1e858e72b78f3d033fa7f6468a5d0e7bc05bc4a5a67,0.0,UNIFORM_9,0.0,33138,a2ec5cfe40b1efa8dca6b1e858e72b78f3d033fa7f6468a5d0e7bc05bc4a5a67
POST_HOC_BUDGET_AUDIT_SAME_TEST,1,FULL_RESIDUAL_4_8,16,105326,6582.875,4712,29934,630,18,MIXED_4_8;MIXED_4_8_TOP2;MIXED_4_8_TOP5;MIXED_6_8;MIXED_6_8_TOP1;MIXED_6_8_TOP4;STOCHASTIC_4;UNIFORM_10;UNIFORM_11;UNIFORM_12;UNIFORM_2;UNIFORM_3;UNIFORM_4;UNIFORM_5;UNIFORM_6;UNIFORM_7;UNIFORM_8;UNIFORM_9,False,"best feasible on the reused TEST sample; not DEV-selected, independent confirmation, or a superiority test","maximize the named metric, then RMST; minimize total bytes, then arm name lexicographically",lower-bound or point-estimate ordering does not establish statistical superiority,NOT_MEASURED,5461fdcde3de881d021039ca2b4c9bdb6a03b29988a99bb9296fab942801c056,64,UNIFORM_9,64,85818,a2ec5cfe40b1efa8dca6b1e858e72b78f3d033fa7f6468a5d0e7bc05bc4a5a67,largest qualifying empirical sample grid horizon,largest qualifying empirical sample grid horizon,64,UNIFORM_9,64,85818,a2ec5cfe40b1efa8dca6b1e858e72b78f3d033fa7f6468a5d0e7bc05bc4a5a67,simultaneous confidence-supported lower bound >= 64,simultaneous confidence-supported lower bound >= 64,64,UNIFORM_9,64,85818,a2ec5cfe40b1efa8dca6b1e858e72b78f3d033fa7f6468a5d0e7bc05bc4a5a67,largest qualifying empirical sample grid horizon,largest qualifying empirical sample grid horizon,,,,,,no qualifying grid horizon (<32); not a measured zero horizon,no qualifying grid horizon (<32); not a measured zero horizon,271.46875,UNIFORM_9,272.65625,85818,a2ec5cfe40b1efa8dca6b1e858e72b78f3d033fa7f6468a5d0e7bc05bc4a5a67,0.0,UNIFORM_9,0.0,85818,a2ec5cfe40b1efa8dca6b1e858e72b78f3d033fa7f6468a5d0e7bc05bc4a5a67
POST_HOC_BUDGET_AUDIT_SAME_TEST,1,FULL_RESIDUAL_4_8,128,633070,4945.859375,4712,29934,630,18,MIXED_4_8;MIXED_4_8_TOP2;MIXED_4_8_TOP5;MIXED_6_8;MIXED_6_8_TOP1;MIXED_6_8_TOP4;STOCHASTIC_4;UNIFORM_10;UNIFORM_11;UNIFORM_12;UNIFORM_2;UNIFORM_3;UNIFORM_4;UNIFORM_5;UNIFORM_6;UNIFORM_7;UNIFORM_8;UNIFORM_9,False,"best feasible on the reused TEST sample; not DEV-selected, independent confirmation, or a superiority test","maximize the named metric, then RMST; minimize total bytes, then arm name lexicographically",lower-bound or point-estimate ordering does not establish statistical superiority,NOT_MEASURED,5461fdcde3de881d021039ca2b4c9bdb6a03b29988a99bb9296fab942801c056,64,UNIFORM_9,64,479162,a2ec5cfe40b1efa8dca6b1e858e72b78f3d033fa7f6468a5d0e7bc05bc4a5a67,largest qualifying empirical sample grid horizon,largest qualifying empirical sample grid horizon,64,UNIFORM_9,64,479162,a2ec5cfe40b1efa8dca6b1e858e72b78f3d033fa7f6468a5d0e7bc05bc4a5a67,simultaneous confidence-supported lower bound >= 64,simultaneous confidence-supported lower bound >= 64,64,UNIFORM_9,64,479162,a2ec5cfe40b1efa8dca6b1e858e72b78f3d033fa7f6468a5d0e7bc05bc4a5a67,largest qualifying empirical sample grid horizon,largest qualifying empirical sample grid horizon,,,,,,no qualifying grid horizon (<32); not a measured zero horizon,no qualifying grid horizon (<32); not a measured zero horizon,271.46875,UNIFORM_9,272.65625,479162,a2ec5cfe40b1efa8dca6b1e858e72b78f3d033fa7f6468a5d0e7bc05bc4a5a67,0.0,UNIFORM_9,0.0,479162,a2ec5cfe40b1efa8dca6b1e858e72b78f3d033fa7f6468a5d0e7bc05bc4a5a67
POST_HOC_BUDGET_AUDIT_SAME_TEST,1,FULL_RESIDUAL_4_FP32,1,43598,43598.0,13880,29718,630,23,MIXED_4_8;MIXED_4_8_TOP2;MIXED_4_8_TOP5;MIXED_6_8;MIXED_6_8_TOP1;MIXED_6_8_TOP4;NATIVE_FP32;STOCHASTIC_4;UNIFORM_10;UNIFORM_11;UNIFORM_12;UNIFORM_13;UNIFORM_14;UNIFORM_15;UNIFORM_16;UNIFORM_2;UNIFORM_3;UNIFORM_4;UNIFORM_5;UNIFORM_6;UNIFORM_7;UNIFORM_8;UNIFORM_9,True,"best feasible on the reused TEST sample; not DEV-selected, independent confirmation, or a superiority test","maximize the named metric, then RMST; minimize total bytes, then arm name lexicographically",lower-bound or point-estimate ordering does not establish statistical superiority,NOT_MEASURED,7f7e69ee11503bb594031127c8a713dd251f2a8acadba8f87a73a03a0a94ecd4,64,UNIFORM_9,64,33138,a2ec5cfe40b1efa8dca6b1e858e72b78f3d033fa7f6468a5d0e7bc05bc4a5a67,largest qualifying empirical sample grid horizon,largest qualifying empirical sample grid horizon,64,UNIFORM_9,64,33138,a2ec5cfe40b1efa8dca6b1e858e72b78f3d033fa7f6468a5d0e7bc05bc4a5a67,simultaneous confidence-supported lower bound >= 64,simultaneous confidence-supported lower bound >= 64,64,UNIFORM_9,64,33138,a2ec5cfe40b1efa8dca6b1e858e72b78f3d033fa7f6468a5d0e7bc05bc4a5a67,largest qualifying empirical sample grid horizon,largest qualifying empirical sample grid horizon,,,,,,no qualifying grid horizon (<32); not a measured zero horizon,no qualifying grid horizon (<32); not a measured zero horizon,271.23828125,UNIFORM_9,272.65625,33138,a2ec5cfe40b1efa8dca6b1e858e72b78f3d033fa7f6468a5d0e7bc05bc4a5a67,0.0,UNIFORM_9,0.0,33138,a2ec5cfe40b1efa8dca6b1e858e72b78f3d033fa7f6468a5d0e7bc05bc4a5a67
POST_HOC_BUDGET_AUDIT_SAME_TEST,1,FULL_RESIDUAL_4_FP32,16,251798,15737.375,13880,29718,630,23,MIXED_4_8;MIXED_4_8_TOP2;MIXED_4_8_TOP5;MIXED_6_8;MIXED_6_8_TOP1;MIXED_6_8_TOP4;NATIVE_FP32;STOCHASTIC_4;UNIFORM_10;UNIFORM_11;UNIFORM_12;UNIFORM_13;UNIFORM_14;UNIFORM_15;UNIFORM_16;UNIFORM_2;UNIFORM_3;UNIFORM_4;UNIFORM_5;UNIFORM_6;UNIFORM_7;UNIFORM_8;UNIFORM_9,True,"best feasible on the reused TEST sample; not DEV-selected, independent confirmation, or a superiority test","maximize the named metric, then RMST; minimize total bytes, then arm name lexicographically",lower-bound or point-estimate ordering does not establish statistical superiority,NOT_MEASURED,7f7e69ee11503bb594031127c8a713dd251f2a8acadba8f87a73a03a0a94ecd4,64,UNIFORM_9,64,85818,a2ec5cfe40b1efa8dca6b1e858e72b78f3d033fa7f6468a5d0e7bc05bc4a5a67,largest qualifying empirical sample grid horizon,largest qualifying empirical sample grid horizon,64,UNIFORM_9,64,85818,a2ec5cfe40b1efa8dca6b1e858e72b78f3d033fa7f6468a5d0e7bc05bc4a5a67,simultaneous confidence-supported lower bound >= 64,simultaneous confidence-supported lower bound >= 64,64,UNIFORM_9,64,85818,a2ec5cfe40b1efa8dca6b1e858e72b78f3d033fa7f6468a5d0e7bc05bc4a5a67,largest qualifying empirical sample grid horizon,largest qualifying empirical sample grid horizon,,,,,,no qualifying grid horizon (<32); not a measured zero horizon,no qualifying grid horizon (<32); not a measured zero horizon,271.23828125,UNIFORM_9,272.65625,85818,a2ec5cfe40b1efa8dca6b1e858e72b78f3d033fa7f6468a5d0e7bc05bc4a5a67,0.0,UNIFORM_9,0.0,85818,a2ec5cfe40b1efa8dca6b1e858e72b78f3d033fa7f6468a5d0e7bc05bc4a5a67
POST_HOC_BUDGET_AUDIT_SAME_TEST,1,FULL_RESIDUAL_4_FP32,128,1806358,14112.171875,13880,29718,630,23,MIXED_4_8;MIXED_4_8_TOP2;MIXED_4_8_TOP5;MIXED_6_8;MIXED_6_8_TOP1;MIXED_6_8_TOP4;NATIVE_FP32;STOCHASTIC_4;UNIFORM_10;UNIFORM_11;UNIFORM_12;UNIFORM_13;UNIFORM_14;UNIFORM_15;UNIFORM_16;UNIFORM_2;UNIFORM_3;UNIFORM_4;UNIFORM_5;UNIFORM_6;UNIFORM_7;UNIFORM_8;UNIFORM_9,True,"best feasible on the reused TEST sample; not DEV-selected, independent confirmation, or a superiority test","maximize the named metric, then RMST; minimize total bytes, then arm name lexicographically",lower-bound or point-estimate ordering does not establish statistical superiority,NOT_MEASURED,7f7e69ee11503bb594031127c8a713dd251f2a8acadba8f87a73a03a0a94ecd4,64,UNIFORM_9,64,479162,a2ec5cfe40b1efa8dca6b1e858e72b78f3d033fa7f6468a5d0e7bc05bc4a5a67,largest qualifying empirical sample grid horizon,largest qualifying empirical sample grid horizon,64,UNIFORM_9,64,479162,a2ec5cfe40b1efa8dca6b1e858e72b78f3d033fa7f6468a5d0e7bc05bc4a5a67,simultaneous confidence-supported lower bound >= 64,simultaneous confidence-supported lower bound >= 64,64,UNIFORM_9,64,479162,a2ec5cfe40b1efa8dca6b1e858e72b78f3d033fa7f6468a5d0e7bc05bc4a5a67,largest qualifying empirical sample grid horizon,largest qualifying empirical sample grid horizon,,,,,,no qualifying grid horizon (<32); not a measured zero horizon,no qualifying grid horizon (<32); not a measured zero horizon,271.23828125,UNIFORM_9,272.65625,479162,a2ec5cfe40b1efa8dca6b1e858e72b78f3d033fa7f6468a5d0e7bc05bc4a5a67,0.0,UNIFORM_9,0.0,479162,a2ec5cfe40b1efa8dca6b1e858e72b78f3d033fa7f6468a5d0e7bc05bc4a5a67
POST_HOC_BUDGET_AUDIT_SAME_TEST,1,LOWRANK_4_8_R1,1,32539,32539.0,1832,30707,630,11,MIXED_4_8;MIXED_4_8_TOP2;MIXED_4_8_TOP5;MIXED_6_8_TOP1;STOCHASTIC_4;UNIFORM_2;UNIFORM_3;UNIFORM_4;UNIFORM_5;UNIFORM_6;UNIFORM_7,False,"best feasible on the reused TEST sample; not DEV-selected, independent confirmation, or a superiority test","maximize the named metric, then RMST; minimize total bytes, then arm name lexicographically",lower-bound or point-estimate ordering does not establish statistical superiority,NOT_MEASURED,cfac91215152db73250a532de61b5cb86ffa2d82e6df33879715bf2ac1cf7ea1,64,UNIFORM_7,64,32370,7f24773a066c5b53cb91c90c688eb7def83c8bcb1c44d65563ffa42b192ff7be,largest qualifying empirical sample grid horizon,largest qualifying empirical sample grid horizon,32,UNIFORM_7,64,32370,7f24773a066c5b53cb91c90c688eb7def83c8bcb1c44d65563ffa42b192ff7be,simultaneous confidence-supported lower bound >= 32,simultaneous confidence-supported lower bound >= 64,32,UNIFORM_7,64,32370,7f24773a066c5b53cb91c90c688eb7def83c8bcb1c44d65563ffa42b192ff7be,largest qualifying empirical sample grid horizon,largest qualifying empirical sample grid horizon,,,,,,no qualifying grid horizon (<32); not a measured zero horizon,no qualifying grid horizon (<32); not a measured zero horizon,176.75,UNIFORM_7,268.951171875,32370,7f24773a066c5b53cb91c90c688eb7def83c8bcb1c44d65563ffa42b192ff7be,0.0,UNIFORM_7,0.0,32370,7f24773a066c5b53cb91c90c688eb7def83c8bcb1c44d65563ffa42b192ff7be
POST_HOC_BUDGET_AUDIT_SAME_TEST,1,LOWRANK_4_8_R1,16,60019,3751.1875,1832,30707,630,5,MIXED_4_8_TOP2;STOCHASTIC_4;UNIFORM_2;UNIFORM_3;UNIFORM_4,False,"best feasible on the reused TEST sample; not DEV-selected, independent confirmation, or a superiority test","maximize the named metric, then RMST; minimize total bytes, then arm name lexicographically",lower-bound or point-estimate ordering does not establish statistical superiority,NOT_MEASURED,cfac91215152db73250a532de61b5cb86ffa2d82e6df33879715bf2ac1cf7ea1,64,MIXED_4_8_TOP2,64,58575,82486a86c96434c37e831223c0ffaf738dee2a76fb3a9724b512ec6d59cd2010,largest qualifying empirical sample grid horizon,largest qualifying empirical sample grid horizon,32,MIXED_4_8_TOP2,64,58575,82486a86c96434c37e831223c0ffaf738dee2a76fb3a9724b512ec6d59cd2010,simultaneous confidence-supported lower bound >= 32,simultaneous confidence-supported lower bound >= 64,32,MIXED_4_8_TOP2,32,58575,82486a86c96434c37e831223c0ffaf738dee2a76fb3a9724b512ec6d59cd2010,largest qualifying empirical sample grid horizon,largest qualifying empirical sample grid horizon,,,,,,no qualifying grid horizon (<32); not a measured zero horizon,no qualifying grid horizon (<32); not a measured zero horizon,176.75,MIXED_4_8_TOP2,183.43359375,58575,82486a86c96434c37e831223c0ffaf738dee2a76fb3a9724b512ec6d59cd2010,0.0,MIXED_4_8_TOP2,0.0,58575,82486a86c96434c37e831223c0ffaf738dee2a76fb3a9724b512ec6d59cd2010
POST_HOC_BUDGET_AUDIT_SAME_TEST,1,LOWRANK_4_8_R1,128,265203,2071.8984375,1832,30707,630,5,MIXED_4_8_TOP2;STOCHASTIC_4;UNIFORM_2;UNIFORM_3;UNIFORM_4,False,"best feasible on the reused TEST sample; not DEV-selected, independent confirmation, or a superiority test","maximize the named metric, then RMST; minimize total bytes, then arm name lexicographically",lower-bound or point-estimate ordering does not establish statistical superiority,NOT_MEASURED,cfac91215152db73250a532de61b5cb86ffa2d82e6df33879715bf2ac1cf7ea1,64,MIXED_4_8_TOP2,64,258383,82486a86c96434c37e831223c0ffaf738dee2a76fb3a9724b512ec6d59cd2010,largest qualifying empirical sample grid horizon,largest qualifying empirical sample grid horizon,32,MIXED_4_8_TOP2,64,258383,82486a86c96434c37e831223c0ffaf738dee2a76fb3a9724b512ec6d59cd2010,simultaneous confidence-supported lower bound >= 32,simultaneous confidence-supported lower bound >= 64,32,MIXED_4_8_TOP2,32,258383,82486a86c96434c37e831223c0ffaf738dee2a76fb3a9724b512ec6d59cd2010,largest qualifying empirical sample grid horizon,largest qualifying empirical sample grid horizon,,,,,,no qualifying grid horizon (<32); not a measured zero horizon,no qualifying grid horizon (<32); not a measured zero horizon,176.75,MIXED_4_8_TOP2,183.43359375,258383,82486a86c96434c37e831223c0ffaf738dee2a76fb3a9724b512ec6d59cd2010,0.0,MIXED_4_8_TOP2,0.0,258383,82486a86c96434c37e831223c0ffaf738dee2a76fb3a9724b512ec6d59cd2010
POST_HOC_BUDGET_AUDIT_SAME_TEST,1,LOWRANK_4_8_R2,1,33499,33499.0,2024,31475,630,15,MIXED_4_8;MIXED_4_8_TOP2;MIXED_4_8_TOP5;MIXED_6_8;MIXED_6_8_TOP1;MIXED_6_8_TOP4;STOCHASTIC_4;UNIFORM_2;UNIFORM_3;UNIFORM_4;UNIFORM_5;UNIFORM_6;UNIFORM_7;UNIFORM_8;UNIFORM_9,False,"best feasible on the reused TEST sample; not DEV-selected, independent confirmation, or a superiority test","maximize the named metric, then RMST; minimize total bytes, then arm name lexicographically",lower-bound or point-estimate ordering does not establish statistical superiority,NOT_MEASURED,ea20454f599f9c2a50a0e2794c9e1862c84462e88d97af26c178a5222a38e781,64,UNIFORM_9,64,33138,a2ec5cfe40b1efa8dca6b1e858e72b78f3d033fa7f6468a5d0e7bc05bc4a5a67,largest qualifying empirical sample grid horizon,largest qualifying empirical sample grid horizon,64,UNIFORM_9,64,33138,a2ec5cfe40b1efa8dca6b1e858e72b78f3d033fa7f6468a5d0e7bc05bc4a5a67,simultaneous confidence-supported lower bound >= 64,simultaneous confidence-supported lower bound >= 64,64,UNIFORM_9,64,33138,a2ec5cfe40b1efa8dca6b1e858e72b78f3d033fa7f6468a5d0e7bc05bc4a5a67,largest qualifying empirical sample grid horizon,largest qualifying empirical sample grid horizon,,,,,,no qualifying grid horizon (<32); not a measured zero horizon,no qualifying grid horizon (<32); not a measured zero horizon,218.3984375,UNIFORM_9,272.65625,33138,a2ec5cfe40b1efa8dca6b1e858e72b78f3d033fa7f6468a5d0e7bc05bc4a5a67,0.0,UNIFORM_9,0.0,33138,a2ec5cfe40b1efa8dca6b1e858e72b78f3d033fa7f6468a5d0e7bc05bc4a5a67
POST_HOC_BUDGET_AUDIT_SAME_TEST,1,LOWRANK_4_8_R2,16,63859,3991.1875,2024,31475,630,8,MIXED_4_8;MIXED_4_8_TOP2;MIXED_4_8_TOP5;STOCHASTIC_4;UNIFORM_2;UNIFORM_3;UNIFORM_4;UNIFORM_5,False,"best feasible on the reused TEST sample; not DEV-selected, independent confirmation, or a superiority test","maximize the named metric, then RMST; minimize total bytes, then arm name lexicographically",lower-bound or point-estimate ordering does not establish statistical superiority,NOT_MEASURED,ea20454f599f9c2a50a0e2794c9e1862c84462e88d97af26c178a5222a38e781,64,MIXED_4_8_TOP5,64,63183,f9d5aa2e6d3ac38ec17941c7c3cbfffa0f77c71d9b81f054b3c018fcf42a615b,largest qualifying empirical sample grid horizon,largest qualifying empirical sample grid horizon,64,MIXED_4_8_TOP5,64,63183,f9d5aa2e6d3ac38ec17941c7c3cbfffa0f77c71d9b81f054b3c018fcf42a615b,simultaneous confidence-supported lower bound >= 64,simultaneous confidence-supported lower bound >= 64,64,MIXED_4_8_TOP5,64,63183,f9d5aa2e6d3ac38ec17941c7c3cbfffa0f77c71d9b81f054b3c018fcf42a615b,largest qualifying empirical sample grid horizon,largest qualifying empirical sample grid horizon,,,,,,no qualifying grid horizon (<32); not a measured zero horizon,no qualifying grid horizon (<32); not a measured zero horizon,218.3984375,MIXED_4_8_TOP5,217.3046875,63183,f9d5aa2e6d3ac38ec17941c7c3cbfffa0f77c71d9b81f054b3c018fcf42a615b,0.0,MIXED_4_8_TOP5,0.0,63183,f9d5aa2e6d3ac38ec17941c7c3cbfffa0f77c71d9b81f054b3c018fcf42a615b
POST_HOC_BUDGET_AUDIT_SAME_TEST,1,LOWRANK_4_8_R2,128,290547,2269.8984375,2024,31475,630,7,MIXED_4_8;MIXED_4_8_TOP2;STOCHASTIC_4;UNIFORM_2;UNIFORM_3;UNIFORM_4;UNIFORM_5,False,"best feasible on the reused TEST sample; not DEV-selected, independent confirmation, or a superiority test","maximize the named metric, then RMST; minimize total bytes, then arm name lexicographically",lower-bound or point-estimate ordering does not establish statistical superiority,NOT_MEASURED,ea20454f599f9c2a50a0e2794c9e1862c84462e88d97af26c178a5222a38e781,64,UNIFORM_5,64,282554,c870e39d5845253d09cadb257b6401d6bb63e7e2a433ddd695320a35e3e8c627,largest qualifying empirical sample grid horizon,largest qualifying empirical sample grid horizon,64,UNIFORM_5,64,282554,c870e39d5845253d09cadb257b6401d6bb63e7e2a433ddd695320a35e3e8c627,simultaneous confidence-supported lower bound >= 64,simultaneous confidence-supported lower bound >= 64,64,UNIFORM_5,64,282554,c870e39d5845253d09cadb257b6401d6bb63e7e2a433ddd695320a35e3e8c627,largest qualifying empirical sample grid horizon,largest qualifying empirical sample grid horizon,,,,,,no qualifying grid horizon (<32); not a measured zero horizon,no qualifying grid horizon (<32); not a measured zero horizon,218.3984375,UNIFORM_5,211.859375,282554,c870e39d5845253d09cadb257b6401d6bb63e7e2a433ddd695320a35e3e8c627,0.0,UNIFORM_5,0.0,282554,c870e39d5845253d09cadb257b6401d6bb63e7e2a433ddd695320a35e3e8c627
POST_HOC_BUDGET_AUDIT_SAME_TEST,1,LOWRANK_4_8_R4,1,35419,35419.0,2408,33011,630,20,MIXED_4_8;MIXED_4_8_TOP2;MIXED_4_8_TOP5;MIXED_6_8;MIXED_6_8_TOP1;MIXED_6_8_TOP4;STOCHASTIC_4;UNIFORM_10;UNIFORM_11;UNIFORM_12;UNIFORM_13;UNIFORM_14;UNIFORM_2;UNIFORM_3;UNIFORM_4;UNIFORM_5;UNIFORM_6;UNIFORM_7;UNIFORM_8;UNIFORM_9,False,"best feasible on the reused TEST sample; not DEV-selected, independent confirmation, or a superiority test","maximize the named metric, then RMST; minimize total bytes, then arm name lexicographically",lower-bound or point-estimate ordering does not establish statistical superiority,NOT_MEASURED,619fef9cadbdc677a4c7c3649af7852e6c4a8e5c374fb408c1ab22fdd9f46f56,64,UNIFORM_9,64,33138,a2ec5cfe40b1efa8dca6b1e858e72b78f3d033fa7f6468a5d0e7bc05bc4a5a67,largest qualifying empirical sample grid horizon,largest qualifying empirical sample grid horizon,64,UNIFORM_9,64,33138,a2ec5cfe40b1efa8dca6b1e858e72b78f3d033fa7f6468a5d0e7bc05bc4a5a67,simultaneous confidence-supported lower bound >= 64,simultaneous confidence-supported lower bound >= 64,64,UNIFORM_9,64,33138,a2ec5cfe40b1efa8dca6b1e858e72b78f3d033fa7f6468a5d0e7bc05bc4a5a67,largest qualifying empirical sample grid horizon,largest qualifying empirical sample grid horizon,,,,,,no qualifying grid horizon (<32); not a measured zero horizon,no qualifying grid horizon (<32); not a measured zero horizon,235.818359375,UNIFORM_9,272.65625,33138,a2ec5cfe40b1efa8dca6b1e858e72b78f3d033fa7f6468a5d0e7bc05bc4a5a67,0.0,UNIFORM_9,0.0,33138,a2ec5cfe40b1efa8dca6b1e858e72b78f3d033fa7f6468a5d0e7bc05bc4a5a67
POST_HOC_BUDGET_AUDIT_SAME_TEST,1,LOWRANK_4_8_R4,16,71539,4471.1875,2408,33011,630,11,MIXED_4_8;MIXED_4_8_TOP2;MIXED_4_8_TOP5;MIXED_6_8_TOP1;MIXED_6_8_TOP4;STOCHASTIC_4;UNIFORM_2;UNIFORM_3;UNIFORM_4;UNIFORM_5;UNIFORM_6,False,"best feasible on the reused TEST sample; not DEV-selected, independent confirmation, or a superiority test","maximize the named metric, then RMST; minimize total bytes, then arm name lexicographically",lower-bound or point-estimate ordering does not establish statistical superiority,NOT_MEASURED,619fef9cadbdc677a4c7c3649af7852e6c4a8e5c374fb408c1ab22fdd9f46f56,64,MIXED_6_8_TOP4,64,70863,7aba6198324c190b1fa1a632687cb3dc0e7aa96446b43178e1e14923ce158741,largest qualifying empirical sample grid horizon,largest qualifying empirical sample grid horizon,64,MIXED_6_8_TOP4,64,70863,7aba6198324c190b1fa1a632687cb3dc0e7aa96446b43178e1e14923ce158741,simultaneous confidence-supported lower bound >= 64,simultaneous confidence-supported lower bound >= 64,64,MIXED_6_8_TOP4,64,70863,7aba6198324c190b1fa1a632687cb3dc0e7aa96446b43178e1e14923ce158741,largest qualifying empirical sample grid horizon,largest qualifying empirical sample grid horizon,,,,,,no qualifying grid horizon (<32); not a measured zero horizon,no qualifying grid horizon (<32); not a measured zero horizon,235.818359375,MIXED_6_8_TOP4,268.65625,70863,7aba6198324c190b1fa1a632687cb3dc0e7aa96446b43178e1e14923ce158741,0.0,MIXED_6_8_TOP4,0.0,70863,7aba6198324c190b1fa1a632687cb3dc0e7aa96446b43178e1e14923ce158741
POST_HOC_BUDGET_AUDIT_SAME_TEST,1,LOWRANK_4_8_R4,128,341235,2665.8984375,2408,33011,630,10,MIXED_4_8;MIXED_4_8_TOP2;MIXED_4_8_TOP5;MIXED_6_8_TOP1;STOCHASTIC_4;UNIFORM_2;UNIFORM_3;UNIFORM_4;UNIFORM_5;UNIFORM_6,False,"best feasible on the reused TEST sample; not DEV-selected, independent confirmation, or a superiority test","maximize the named metric, then RMST; minimize total bytes, then arm name lexicographically",lower-bound or point-estimate ordering does not establish statistical superiority,NOT_MEASURED,619fef9cadbdc677a4c7c3649af7852e6c4a8e5c374fb408c1ab22fdd9f46f56,64,MIXED_6_8_TOP1,64,338255,d210e7c903c11ca581eec1fa1598553c881e688314b4911ef368251a40a1055c,largest qualifying empirical sample grid horizon,largest qualifying empirical sample grid horizon,64,MIXED_6_8_TOP1,64,338255,d210e7c903c11ca581eec1fa1598553c881e688314b4911ef368251a40a1055c,simultaneous confidence-supported lower bound >= 64,simultaneous confidence-supported lower bound >= 64,64,MIXED_6_8_TOP1,64,338255,d210e7c903c11ca581eec1fa1598553c881e688314b4911ef368251a40a1055c,largest qualifying empirical sample grid horizon,largest qualifying empirical sample grid horizon,,,,,,no qualifying grid horizon (<32); not a measured zero horizon,no qualifying grid horizon (<32); not a measured zero horizon,235.818359375,MIXED_6_8_TOP1,259.166015625,338255,d210e7c903c11ca581eec1fa1598553c881e688314b4911ef368251a40a1055c,0.0,MIXED_6_8_TOP1,0.0,338255,d210e7c903c11ca581eec1fa1598553c881e688314b4911ef368251a40a1055c
POST_HOC_BUDGET_AUDIT_SAME_TEST,1,MIXED_4_8,1,32007,32007.0,1976,30031,630,8,MIXED_4_8;MIXED_4_8_TOP2;STOCHASTIC_4;UNIFORM_2;UNIFORM_3;UNIFORM_4;UNIFORM_5;UNIFORM_6,False,"best feasible on the reused TEST sample; not DEV-selected, independent confirmation, or a superiority test","maximize the named metric, then RMST; minimize total bytes, then arm name lexicographically",lower-bound or point-estimate ordering does not establish statistical superiority,NOT_MEASURED,9b19c756584ffacc6c327a266a4efd3737d927949fd2778fb8d6d157eef7aed2,64,UNIFORM_6,64,31986,bf99452872b8814a375b5e1fc680fc26931a22bcf2c839d91d59ae1f34a33d7c,largest qualifying empirical sample grid horizon,largest qualifying empirical sample grid horizon,64,UNIFORM_6,64,31986,bf99452872b8814a375b5e1fc680fc26931a22bcf2c839d91d59ae1f34a33d7c,simultaneous confidence-supported lower bound >= 64,simultaneous confidence-supported lower bound >= 64,64,UNIFORM_6,64,31986,bf99452872b8814a375b5e1fc680fc26931a22bcf2c839d91d59ae1f34a33d7c,largest qualifying empirical sample grid horizon,largest qualifying empirical sample grid horizon,,,,,,no qualifying grid horizon (<32); not a measured zero horizon,no qualifying grid horizon (<32); not a measured zero horizon,196.529296875,UNIFORM_6,258.01953125,31986,bf99452872b8814a375b5e1fc680fc26931a22bcf2c839d91d59ae1f34a33d7c,0.0,UNIFORM_6,0.0,31986,bf99452872b8814a375b5e1fc680fc26931a22bcf2c839d91d59ae1f34a33d7c
POST_HOC_BUDGET_AUDIT_SAME_TEST,1,MIXED_4_8,16,61647,3852.9375,1976,30031,630,7,MIXED_4_8;MIXED_4_8_TOP2;STOCHASTIC_4;UNIFORM_2;UNIFORM_3;UNIFORM_4;UNIFORM_5,False,"best feasible on the reused TEST sample; not DEV-selected, independent confirmation, or a superiority test","maximize the named metric, then RMST; minimize total bytes, then arm name lexicographically",lower-bound or point-estimate ordering does not establish statistical superiority,NOT_MEASURED,9b19c756584ffacc6c327a266a4efd3737d927949fd2778fb8d6d157eef7aed2,64,UNIFORM_5,64,61242,c870e39d5845253d09cadb257b6401d6bb63e7e2a433ddd695320a35e3e8c627,largest qualifying empirical sample grid horizon,largest qualifying empirical sample grid horizon,64,UNIFORM_5,64,61242,c870e39d5845253d09cadb257b6401d6bb63e7e2a433ddd695320a35e3e8c627,simultaneous confidence-supported lower bound >= 64,simultaneous confidence-supported lower bound >= 64,64,UNIFORM_5,64,61242,c870e39d5845253d09cadb257b6401d6bb63e7e2a433ddd695320a35e3e8c627,largest qualifying empirical sample grid horizon,largest qualifying empirical sample grid horizon,,,,,,no qualifying grid horizon (<32); not a measured zero horizon,no qualifying grid horizon (<32); not a measured zero horizon,196.529296875,UNIFORM_5,211.859375,61242,c870e39d5845253d09cadb257b6401d6bb63e7e2a433ddd695320a35e3e8c627,0.0,UNIFORM_5,0.0,61242,c870e39d5845253d09cadb257b6401d6bb63e7e2a433ddd695320a35e3e8c627
POST_HOC_BUDGET_AUDIT_SAME_TEST,1,MIXED_4_8,128,282959,2210.6171875,1976,30031,630,7,MIXED_4_8;MIXED_4_8_TOP2;STOCHASTIC_4;UNIFORM_2;UNIFORM_3;UNIFORM_4;UNIFORM_5,False,"best feasible on the reused TEST sample; not DEV-selected, independent confirmation, or a superiority test","maximize the named metric, then RMST; minimize total bytes, then arm name lexicographically",lower-bound or point-estimate ordering does not establish statistical superiority,NOT_MEASURED,9b19c756584ffacc6c327a266a4efd3737d927949fd2778fb8d6d157eef7aed2,64,UNIFORM_5,64,282554,c870e39d5845253d09cadb257b6401d6bb63e7e2a433ddd695320a35e3e8c627,largest qualifying empirical sample grid horizon,largest qualifying empirical sample grid horizon,64,UNIFORM_5,64,282554,c870e39d5845253d09cadb257b6401d6bb63e7e2a433ddd695320a35e3e8c627,simultaneous confidence-supported lower bound >= 64,simultaneous confidence-supported lower bound >= 64,64,UNIFORM_5,64,282554,c870e39d5845253d09cadb257b6401d6bb63e7e2a433ddd695320a35e3e8c627,largest qualifying empirical sample grid horizon,largest qualifying empirical sample grid horizon,,,,,,no qualifying grid horizon (<32); not a measured zero horizon,no qualifying grid horizon (<32); not a measured zero horizon,196.529296875,UNIFORM_5,211.859375,282554,c870e39d5845253d09cadb257b6401d6bb63e7e2a433ddd695320a35e3e8c627,0.0,UNIFORM_5,0.0,282554,c870e39d5845253d09cadb257b6401d6bb63e7e2a433ddd695320a35e3e8c627
POST_HOC_BUDGET_AUDIT_SAME_TEST,1,MIXED_4_8_TOP2,1,31815,31815.0,1784,30031,630,6,MIXED_4_8_TOP2;STOCHASTIC_4;UNIFORM_2;UNIFORM_3;UNIFORM_4;UNIFORM_5,False,"best feasible on the reused TEST sample; not DEV-selected, independent confirmation, or a superiority test","maximize the named metric, then RMST; minimize total bytes, then arm name lexicographically",lower-bound or point-estimate ordering does not establish statistical superiority,NOT_MEASURED,82486a86c96434c37e831223c0ffaf738dee2a76fb3a9724b512ec6d59cd2010,64,UNIFORM_5,64,31602,c870e39d5845253d09cadb257b6401d6bb63e7e2a433ddd695320a35e3e8c627,largest qualifying empirical sample grid horizon,largest qualifying empirical sample grid horizon,64,UNIFORM_5,64,31602,c870e39d5845253d09cadb257b6401d6bb63e7e2a433ddd695320a35e3e8c627,simultaneous confidence-supported lower bound >= 64,simultaneous confidence-supported lower bound >= 64,32,UNIFORM_5,64,31602,c870e39d5845253d09cadb257b6401d6bb63e7e2a433ddd695320a35e3e8c627,largest qualifying empirical sample grid horizon,largest qualifying empirical sample grid horizon,,,,,,no qualifying grid horizon (<32); not a measured zero horizon,no qualifying grid horizon (<32); not a measured zero horizon,183.43359375,UNIFORM_5,211.859375,31602,c870e39d5845253d09cadb257b6401d6bb63e7e2a433ddd695320a35e3e8c627,0.0,UNIFORM_5,0.0,31602,c870e39d5845253d09cadb257b6401d6bb63e7e2a433ddd695320a35e3e8c627
POST_HOC_BUDGET_AUDIT_SAME_TEST,1,MIXED_4_8_TOP2,16,58575,3660.9375,1784,30031,630,5,MIXED_4_8_TOP2;STOCHASTIC_4;UNIFORM_2;UNIFORM_3;UNIFORM_4,False,"best feasible on the reused TEST sample; not DEV-selected, independent confirmation, or a superiority test","maximize the named metric, then RMST; minimize total bytes, then arm name lexicographically",lower-bound or point-estimate ordering does not establish statistical superiority,NOT_MEASURED,82486a86c96434c37e831223c0ffaf738dee2a76fb3a9724b512ec6d59cd2010,64,MIXED_4_8_TOP2,64,58575,82486a86c96434c37e831223c0ffaf738dee2a76fb3a9724b512ec6d59cd2010,largest qualifying empirical sample grid horizon,largest qualifying empirical sample grid horizon,64,MIXED_4_8_TOP2,64,58575,82486a86c96434c37e831223c0ffaf738dee2a76fb3a9724b512ec6d59cd2010,simultaneous confidence-supported lower bound >= 64,simultaneous confidence-supported lower bound >= 64,32,MIXED_4_8_TOP2,32,58575,82486a86c96434c37e831223c0ffaf738dee2a76fb3a9724b512ec6d59cd2010,largest qualifying empirical sample grid horizon,largest qualifying empirical sample grid horizon,,,,,,no qualifying grid horizon (<32); not a measured zero horizon,no qualifying grid horizon (<32); not a measured zero horizon,183.43359375,MIXED_4_8_TOP2,183.43359375,58575,82486a86c96434c37e831223c0ffaf738dee2a76fb3a9724b512ec6d59cd2010,0.0,MIXED_4_8_TOP2,0.0,58575,82486a86c96434c37e831223c0ffaf738dee2a76fb3a9724b512ec6d59cd2010
POST_HOC_BUDGET_AUDIT_SAME_TEST,1,MIXED_4_8_TOP2,128,258383,2018.6171875,1784,30031,630,5,MIXED_4_8_TOP2;STOCHASTIC_4;UNIFORM_2;UNIFORM_3;UNIFORM_4,False,"best feasible on the reused TEST sample; not DEV-selected, independent confirmation, or a superiority test","maximize the named metric, then RMST; minimize total bytes, then arm name lexicographically",lower-bound or point-estimate ordering does not establish statistical superiority,NOT_MEASURED,82486a86c96434c37e831223c0ffaf738dee2a76fb3a9724b512ec6d59cd2010,64,MIXED_4_8_TOP2,64,258383,82486a86c96434c37e831223c0ffaf738dee2a76fb3a9724b512ec6d59cd2010,largest qualifying empirical sample grid horizon,largest qualifying empirical sample grid horizon,64,MIXED_4_8_TOP2,64,258383,82486a86c96434c37e831223c0ffaf738dee2a76fb3a9724b512ec6d59cd2010,simultaneous confidence-supported lower bound >= 64,simultaneous confidence-supported lower bound >= 64,32,MIXED_4_8_TOP2,32,258383,82486a86c96434c37e831223c0ffaf738dee2a76fb3a9724b512ec6d59cd2010,largest qualifying empirical sample grid horizon,largest qualifying empirical sample grid horizon,,,,,,no qualifying grid horizon (<32); not a measured zero horizon,no qualifying grid horizon (<32); not a measured zero horizon,183.43359375,MIXED_4_8_TOP2,183.43359375,258383,82486a86c96434c37e831223c0ffaf738dee2a76fb3a9724b512ec6d59cd2010,0.0,MIXED_4_8_TOP2,0.0,258383,82486a86c96434c37e831223c0ffaf738dee2a76fb3a9724b512ec6d59cd2010
POST_HOC_BUDGET_AUDIT_SAME_TEST,1,MIXED_4_8_TOP5,1,32103,32103.0,2072,30031,630,9,MIXED_4_8;MIXED_4_8_TOP2;MIXED_4_8_TOP5;STOCHASTIC_4;UNIFORM_2;UNIFORM_3;UNIFORM_4;UNIFORM_5;UNIFORM_6,False,"best feasible on the reused TEST sample; not DEV-selected, independent confirmation, or a superiority test","maximize the named metric, then RMST; minimize total bytes, then arm name lexicographically",lower-bound or point-estimate ordering does not establish statistical superiority,NOT_MEASURED,f9d5aa2e6d3ac38ec17941c7c3cbfffa0f77c71d9b81f054b3c018fcf42a615b,64,UNIFORM_6,64,31986,bf99452872b8814a375b5e1fc680fc26931a22bcf2c839d91d59ae1f34a33d7c,largest qualifying empirical sample grid horizon,largest qualifying empirical sample grid horizon,64,UNIFORM_6,64,31986,bf99452872b8814a375b5e1fc680fc26931a22bcf2c839d91d59ae1f34a33d7c,simultaneous confidence-supported lower bound >= 64,simultaneous confidence-supported lower bound >= 64,64,UNIFORM_6,64,31986,bf99452872b8814a375b5e1fc680fc26931a22bcf2c839d91d59ae1f34a33d7c,largest qualifying empirical sample grid horizon,largest qualifying empirical sample grid horizon,,,,,,no qualifying grid horizon (<32); not a measured zero horizon,no qualifying grid horizon (<32); not a measured zero horizon,217.3046875,UNIFORM_6,258.01953125,31986,bf99452872b8814a375b5e1fc680fc26931a22bcf2c839d91d59ae1f34a33d7c,0.0,UNIFORM_6,0.0,31986,bf99452872b8814a375b5e1fc680fc26931a22bcf2c839d91d59ae1f34a33d7c
POST_HOC_BUDGET_AUDIT_SAME_TEST,1,MIXED_4_8_TOP5,16,63183,3948.9375,2072,30031,630,8,MIXED_4_8;MIXED_4_8_TOP2;MIXED_4_8_TOP5;STOCHASTIC_4;UNIFORM_2;UNIFORM_3;UNIFORM_4;UNIFORM_5,False,"best feasible on the reused TEST sample; not DEV-selected, independent confirmation, or a superiority test","maximize the named metric, then RMST; minimize total bytes, then arm name lexicographically",lower-bound or point-estimate ordering does not establish statistical superiority,NOT_MEASURED,f9d5aa2e6d3ac38ec17941c7c3cbfffa0f77c71d9b81f054b3c018fcf42a615b,64,MIXED_4_8_TOP5,64,63183,f9d5aa2e6d3ac38ec17941c7c3cbfffa0f77c71d9b81f054b3c018fcf42a615b,largest qualifying empirical sample grid horizon,largest qualifying empirical sample grid horizon,64,MIXED_4_8_TOP5,64,63183,f9d5aa2e6d3ac38ec17941c7c3cbfffa0f77c71d9b81f054b3c018fcf42a615b,simultaneous confidence-supported lower bound >= 64,simultaneous confidence-supported lower bound >= 64,64,MIXED_4_8_TOP5,64,63183,f9d5aa2e6d3ac38ec17941c7c3cbfffa0f77c71d9b81f054b3c018fcf42a615b,largest qualifying empirical sample grid horizon,largest qualifying empirical sample grid horizon,,,,,,no qualifying grid horizon (<32); not a measured zero horizon,no qualifying grid horizon (<32); not a measured zero horizon,217.3046875,MIXED_4_8_TOP5,217.3046875,63183,f9d5aa2e6d3ac38ec17941c7c3cbfffa0f77c71d9b81f054b3c018fcf42a615b,0.0,MIXED_4_8_TOP5,0.0,63183,f9d5aa2e6d3ac38ec17941c7c3cbfffa0f77c71d9b81f054b3c018fcf42a615b
POST_HOC_BUDGET_AUDIT_SAME_TEST,1,MIXED_4_8_TOP5,128,295247,2306.6171875,2072,30031,630,8,MIXED_4_8;MIXED_4_8_TOP2;MIXED_4_8_TOP5;STOCHASTIC_4;UNIFORM_2;UNIFORM_3;UNIFORM_4;UNIFORM_5,False,"best feasible on the reused TEST sample; not DEV-selected, independent confirmation, or a superiority test","maximize the named metric, then RMST; minimize total bytes, then arm name lexicographically",lower-bound or point-estimate ordering does not establish statistical superiority,NOT_MEASURED,f9d5aa2e6d3ac38ec17941c7c3cbfffa0f77c71d9b81f054b3c018fcf42a615b,64,MIXED_4_8_TOP5,64,295247,f9d5aa2e6d3ac38ec17941c7c3cbfffa0f77c71d9b81f054b3c018fcf42a615b,largest qualifying empirical sample grid horizon,largest qualifying empirical sample grid horizon,64,MIXED_4_8_TOP5,64,295247,f9d5aa2e6d3ac38ec17941c7c3cbfffa0f77c71d9b81f054b3c018fcf42a615b,simultaneous confidence-supported lower bound >= 64,simultaneous confidence-supported lower bound >= 64,64,MIXED_4_8_TOP5,64,295247,f9d5aa2e6d3ac38ec17941c7c3cbfffa0f77c71d9b81f054b3c018fcf42a615b,largest qualifying empirical sample grid horizon,largest qualifying empirical sample grid horizon,,,,,,no qualifying grid horizon (<32); not a measured zero horizon,no qualifying grid horizon (<32); not a measured zero horizon,217.3046875,MIXED_4_8_TOP5,217.3046875,295247,f9d5aa2e6d3ac38ec17941c7c3cbfffa0f77c71d9b81f054b3c018fcf42a615b,0.0,MIXED_4_8_TOP5,0.0,295247,f9d5aa2e6d3ac38ec17941c7c3cbfffa0f77c71d9b81f054b3c018fcf42a615b
POST_HOC_BUDGET_AUDIT_SAME_TEST,1,MIXED_6_8,1,32775,32775.0,2744,30031,630,14,MIXED_4_8;MIXED_4_8_TOP2;MIXED_4_8_TOP5;MIXED_6_8;MIXED_6_8_TOP1;MIXED_6_8_TOP4;STOCHASTIC_4;UNIFORM_2;UNIFORM_3;UNIFORM_4;UNIFORM_5;UNIFORM_6;UNIFORM_7;UNIFORM_8,False,"best feasible on the reused TEST sample; not DEV-selected, independent confirmation, or a superiority test","maximize the named metric, then RMST; minimize total bytes, then arm name lexicographically",lower-bound or point-estimate ordering does not establish statistical superiority,NOT_MEASURED,34ce2c5ff44b3535f259142f5a863e45185b3b9a026a9627485e795f724d8910,64,MIXED_6_8,64,32775,34ce2c5ff44b3535f259142f5a863e45185b3b9a026a9627485e795f724d8910,largest qualifying empirical sample grid horizon,largest qualifying empirical sample grid horizon,64,MIXED_6_8,64,32775,34ce2c5ff44b3535f259142f5a863e45185b3b9a026a9627485e795f724d8910,simultaneous confidence-supported lower bound >= 64,simultaneous confidence-supported lower bound >= 64,64,MIXED_6_8,64,32775,34ce2c5ff44b3535f259142f5a863e45185b3b9a026a9627485e795f724d8910,largest qualifying empirical sample grid horizon,largest qualifying empirical sample grid horizon,,,,,,no qualifying grid horizon (<32); not a measured zero horizon,no qualifying grid horizon (<32); not a measured zero horizon,271.06640625,MIXED_6_8,271.06640625,32775,34ce2c5ff44b3535f259142f5a863e45185b3b9a026a9627485e795f724d8910,0.0,MIXED_6_8,0.0,32775,34ce2c5ff44b3535f259142f5a863e45185b3b9a026a9627485e795f724d8910
POST_HOC_BUDGET_AUDIT_SAME_TEST,1,MIXED_6_8,16,73935,4620.9375,2744,30031,630,13,MIXED_4_8;MIXED_4_8_TOP2;MIXED_4_8_TOP5;MIXED_6_8;MIXED_6_8_TOP1;MIXED_6_8_TOP4;STOCHASTIC_4;UNIFORM_2;UNIFORM_3;UNIFORM_4;UNIFORM_5;UNIFORM_6;UNIFORM_7,False,"best feasible on the reused TEST sample; not DEV-selected, independent confirmation, or a superiority test","maximize the named metric, then RMST; minimize total bytes, then arm name lexicographically",lower-bound or point-estimate ordering does not establish statistical superiority,NOT_MEASURED,34ce2c5ff44b3535f259142f5a863e45185b3b9a026a9627485e795f724d8910,64,MIXED_6_8,64,73935,34ce2c5ff44b3535f259142f5a863e45185b3b9a026a9627485e795f724d8910,largest qualifying empirical sample grid horizon,largest qualifying empirical sample grid horizon,64,MIXED_6_8,64,73935,34ce2c5ff44b3535f259142f5a863e45185b3b9a026a9627485e795f724d8910,simultaneous confidence-supported lower bound >= 64,simultaneous confidence-supported lower bound >= 64,64,MIXED_6_8,64,73935,34ce2c5ff44b3535f259142f5a863e45185b3b9a026a9627485e795f724d8910,largest qualifying empirical sample grid horizon,largest qualifying empirical sample grid horizon,,,,,,no qualifying grid horizon (<32); not a measured zero horizon,no qualifying grid horizon (<32); not a measured zero horizon,271.06640625,MIXED_6_8,271.06640625,73935,34ce2c5ff44b3535f259142f5a863e45185b3b9a026a9627485e795f724d8910,0.0,MIXED_6_8,0.0,73935,34ce2c5ff44b3535f259142f5a863e45185b3b9a026a9627485e795f724d8910
POST_HOC_BUDGET_AUDIT_SAME_TEST,1,MIXED_6_8,128,381263,2978.6171875,2744,30031,630,13,MIXED_4_8;MIXED_4_8_TOP2;MIXED_4_8_TOP5;MIXED_6_8;MIXED_6_8_TOP1;MIXED_6_8_TOP4;STOCHASTIC_4;UNIFORM_2;UNIFORM_3;UNIFORM_4;UNIFORM_5;UNIFORM_6;UNIFORM_7,False,"best feasible on the reused TEST sample; not DEV-selected, independent confirmation, or a superiority test","maximize the named metric, then RMST; minimize total bytes, then arm name lexicographically",lower-bound or point-estimate ordering does not establish statistical superiority,NOT_MEASURED,34ce2c5ff44b3535f259142f5a863e45185b3b9a026a9627485e795f724d8910,64,MIXED_6_8,64,381263,34ce2c5ff44b3535f259142f5a863e45185b3b9a026a9627485e795f724d8910,largest qualifying empirical sample grid horizon,largest qualifying empirical sample grid horizon,64,MIXED_6_8,64,381263,34ce2c5ff44b3535f259142f5a863e45185b3b9a026a9627485e795f724d8910,simultaneous confidence-supported lower bound >= 64,simultaneous confidence-supported lower bound >= 64,64,MIXED_6_8,64,381263,34ce2c5ff44b3535f259142f5a863e45185b3b9a026a9627485e795f724d8910,largest qualifying empirical sample grid horizon,largest qualifying empirical sample grid horizon,,,,,,no qualifying grid horizon (<32); not a measured zero horizon,no qualifying grid horizon (<32); not a measured zero horizon,271.06640625,MIXED_6_8,271.06640625,381263,34ce2c5ff44b3535f259142f5a863e45185b3b9a026a9627485e795f724d8910,0.0,MIXED_6_8,0.0,381263,34ce2c5ff44b3535f259142f5a863e45185b3b9a026a9627485e795f724d8910
POST_HOC_BUDGET_AUDIT_SAME_TEST,1,MIXED_6_8_TOP1,1,32439,32439.0,2408,30031,630,11,MIXED_4_8;MIXED_4_8_TOP2;MIXED_4_8_TOP5;MIXED_6_8_TOP1;STOCHASTIC_4;UNIFORM_2;UNIFORM_3;UNIFORM_4;UNIFORM_5;UNIFORM_6;UNIFORM_7,False,"best feasible on the reused TEST sample; not DEV-selected, independent confirmation, or a superiority test","maximize the named metric, then RMST; minimize total bytes, then arm name lexicographically",lower-bound or point-estimate ordering does not establish statistical superiority,NOT_MEASURED,d210e7c903c11ca581eec1fa1598553c881e688314b4911ef368251a40a1055c,64,UNIFORM_7,64,32370,7f24773a066c5b53cb91c90c688eb7def83c8bcb1c44d65563ffa42b192ff7be,largest qualifying empirical sample grid horizon,largest qualifying empirical sample grid horizon,64,UNIFORM_7,64,32370,7f24773a066c5b53cb91c90c688eb7def83c8bcb1c44d65563ffa42b192ff7be,simultaneous confidence-supported lower bound >= 64,simultaneous confidence-supported lower bound >= 64,64,UNIFORM_7,64,32370,7f24773a066c5b53cb91c90c688eb7def83c8bcb1c44d65563ffa42b192ff7be,largest qualifying empirical sample grid horizon,largest qualifying empirical sample grid horizon,,,,,,no qualifying grid horizon (<32); not a measured zero horizon,no qualifying grid horizon (<32); not a measured zero horizon,259.166015625,UNIFORM_7,268.951171875,32370,7f24773a066c5b53cb91c90c688eb7def83c8bcb1c44d65563ffa42b192ff7be,0.0,UNIFORM_7,0.0,32370,7f24773a066c5b53cb91c90c688eb7def83c8bcb1c44d65563ffa42b192ff7be
POST_HOC_BUDGET_AUDIT_SAME_TEST,1,MIXED_6_8_TOP1,16,68559,4284.9375,2408,30031,630,10,MIXED_4_8;MIXED_4_8_TOP2;MIXED_4_8_TOP5;MIXED_6_8_TOP1;STOCHASTIC_4;UNIFORM_2;UNIFORM_3;UNIFORM_4;UNIFORM_5;UNIFORM_6,False,"best feasible on the reused TEST sample; not DEV-selected, independent confirmation, or a superiority test","maximize the named metric, then RMST; minimize total bytes, then arm name lexicographically",lower-bound or point-estimate ordering does not establish statistical superiority,NOT_MEASURED,d210e7c903c11ca581eec1fa1598553c881e688314b4911ef368251a40a1055c,64,MIXED_6_8_TOP1,64,68559,d210e7c903c11ca581eec1fa1598553c881e688314b4911ef368251a40a1055c,largest qualifying empirical sample grid horizon,largest qualifying empirical sample grid horizon,64,MIXED_6_8_TOP1,64,68559,d210e7c903c11ca581eec1fa1598553c881e688314b4911ef368251a40a1055c,simultaneous confidence-supported lower bound >= 64,simultaneous confidence-supported lower bound >= 64,64,MIXED_6_8_TOP1,64,68559,d210e7c903c11ca581eec1fa1598553c881e688314b4911ef368251a40a1055c,largest qualifying empirical sample grid horizon,largest qualifying empirical sample grid horizon,,,,,,no qualifying grid horizon (<32); not a measured zero horizon,no qualifying grid horizon (<32); not a measured zero horizon,259.166015625,MIXED_6_8_TOP1,259.166015625,68559,d210e7c903c11ca581eec1fa1598553c881e688314b4911ef368251a40a1055c,0.0,MIXED_6_8_TOP1,0.0,68559,d210e7c903c11ca581eec1fa1598553c881e688314b4911ef368251a40a1055c
POST_HOC_BUDGET_AUDIT_SAME_TEST,1,MIXED_6_8_TOP1,128,338255,2642.6171875,2408,30031,630,10,MIXED_4_8;MIXED_4_8_TOP2;MIXED_4_8_TOP5;MIXED_6_8_TOP1;STOCHASTIC_4;UNIFORM_2;UNIFORM_3;UNIFORM_4;UNIFORM_5;UNIFORM_6,False,"best feasible on the reused TEST sample; not DEV-selected, independent confirmation, or a superiority test","maximize the named metric, then RMST; minimize total bytes, then arm name lexicographically",lower-bound or point-estimate ordering does not establish statistical superiority,NOT_MEASURED,d210e7c903c11ca581eec1fa1598553c881e688314b4911ef368251a40a1055c,64,MIXED_6_8_TOP1,64,338255,d210e7c903c11ca581eec1fa1598553c881e688314b4911ef368251a40a1055c,largest qualifying empirical sample grid horizon,largest qualifying empirical sample grid horizon,64,MIXED_6_8_TOP1,64,338255,d210e7c903c11ca581eec1fa1598553c881e688314b4911ef368251a40a1055c,simultaneous confidence-supported lower bound >= 64,simultaneous confidence-supported lower bound >= 64,64,MIXED_6_8_TOP1,64,338255,d210e7c903c11ca581eec1fa1598553c881e688314b4911ef368251a40a1055c,largest qualifying empirical sample grid horizon,largest qualifying empirical sample grid horizon,,,,,,no qualifying grid horizon (<32); not a measured zero horizon,no qualifying grid horizon (<32); not a measured zero horizon,259.166015625,MIXED_6_8_TOP1,259.166015625,338255,d210e7c903c11ca581eec1fa1598553c881e688314b4911ef368251a40a1055c,0.0,MIXED_6_8_TOP1,0.0,338255,d210e7c903c11ca581eec1fa1598553c881e688314b4911ef368251a40a1055c
POST_HOC_BUDGET_AUDIT_SAME_TEST,1,MIXED_6_8_TOP4,1,32583,32583.0,2552,30031,630,12,MIXED_4_8;MIXED_4_8_TOP2;MIXED_4_8_TOP5;MIXED_6_8_TOP1;MIXED_6_8_TOP4;STOCHASTIC_4;UNIFORM_2;UNIFORM_3;UNIFORM_4;UNIFORM_5;UNIFORM_6;UNIFORM_7,False,"best feasible on the reused TEST sample; not DEV-selected, independent confirmation, or a superiority test","maximize the named metric, then RMST; minimize total bytes, then arm name lexicographically",lower-bound or point-estimate ordering does not establish statistical superiority,NOT_MEASURED,7aba6198324c190b1fa1a632687cb3dc0e7aa96446b43178e1e14923ce158741,64,UNIFORM_7,64,32370,7f24773a066c5b53cb91c90c688eb7def83c8bcb1c44d65563ffa42b192ff7be,largest qualifying empirical sample grid horizon,largest qualifying empirical sample grid horizon,64,UNIFORM_7,64,32370,7f24773a066c5b53cb91c90c688eb7def83c8bcb1c44d65563ffa42b192ff7be,simultaneous confidence-supported lower bound >= 64,simultaneous confidence-supported lower bound >= 64,64,UNIFORM_7,64,32370,7f24773a066c5b53cb91c90c688eb7def83c8bcb1c44d65563ffa42b192ff7be,largest qualifying empirical sample grid horizon,largest qualifying empirical sample grid horizon,,,,,,no qualifying grid horizon (<32); not a measured zero horizon,no qualifying grid horizon (<32); not a measured zero horizon,268.65625,UNIFORM_7,268.951171875,32370,7f24773a066c5b53cb91c90c688eb7def83c8bcb1c44d65563ffa42b192ff7be,0.0,UNIFORM_7,0.0,32370,7f24773a066c5b53cb91c90c688eb7def83c8bcb1c44d65563ffa42b192ff7be
POST_HOC_BUDGET_AUDIT_SAME_TEST,1,MIXED_6_8_TOP4,16,70863,4428.9375,2552,30031,630,11,MIXED_4_8;MIXED_4_8_TOP2;MIXED_4_8_TOP5;MIXED_6_8_TOP1;MIXED_6_8_TOP4;STOCHASTIC_4;UNIFORM_2;UNIFORM_3;UNIFORM_4;UNIFORM_5;UNIFORM_6,False,"best feasible on the reused TEST sample; not DEV-selected, independent confirmation, or a superiority test","maximize the named metric, then RMST; minimize total bytes, then arm name lexicographically",lower-bound or point-estimate ordering does not establish statistical superiority,NOT_MEASURED,7aba6198324c190b1fa1a632687cb3dc0e7aa96446b43178e1e14923ce158741,64,MIXED_6_8_TOP4,64,70863,7aba6198324c190b1fa1a632687cb3dc0e7aa96446b43178e1e14923ce158741,largest qualifying empirical sample grid horizon,largest qualifying empirical sample grid horizon,64,MIXED_6_8_TOP4,64,70863,7aba6198324c190b1fa1a632687cb3dc0e7aa96446b43178e1e14923ce158741,simultaneous confidence-supported lower bound >= 64,simultaneous confidence-supported lower bound >= 64,64,MIXED_6_8_TOP4,64,70863,7aba6198324c190b1fa1a632687cb3dc0e7aa96446b43178e1e14923ce158741,largest qualifying empirical sample grid horizon,largest qualifying empirical sample grid horizon,,,,,,no qualifying grid horizon (<32); not a measured zero horizon,no qualifying grid horizon (<32); not a measured zero horizon,268.65625,MIXED_6_8_TOP4,268.65625,70863,7aba6198324c190b1fa1a632687cb3dc0e7aa96446b43178e1e14923ce158741,0.0,MIXED_6_8_TOP4,0.0,70863,7aba6198324c190b1fa1a632687cb3dc0e7aa96446b43178e1e14923ce158741
POST_HOC_BUDGET_AUDIT_SAME_TEST,1,MIXED_6_8_TOP4,128,356687,2786.6171875,2552,30031,630,11,MIXED_4_8;MIXED_4_8_TOP2;MIXED_4_8_TOP5;MIXED_6_8_TOP1;MIXED_6_8_TOP4;STOCHASTIC_4;UNIFORM_2;UNIFORM_3;UNIFORM_4;UNIFORM_5;UNIFORM_6,False,"best feasible on the reused TEST sample; not DEV-selected, independent confirmation, or a superiority test","maximize the named metric, then RMST; minimize total bytes, then arm name lexicographically",lower-bound or point-estimate ordering does not establish statistical superiority,NOT_MEASURED,7aba6198324c190b1fa1a632687cb3dc0e7aa96446b43178e1e14923ce158741,64,MIXED_6_8_TOP4,64,356687,7aba6198324c190b1fa1a632687cb3dc0e7aa96446b43178e1e14923ce158741,largest qualifying empirical sample grid horizon,largest qualifying empirical sample grid horizon,64,MIXED_6_8_TOP4,64,356687,7aba6198324c190b1fa1a632687cb3dc0e7aa96446b43178e1e14923ce158741,simultaneous confidence-supported lower bound >= 64,simultaneous confidence-supported lower bound >= 64,64,MIXED_6_8_TOP4,64,356687,7aba6198324c190b1fa1a632687cb3dc0e7aa96446b43178e1e14923ce158741,largest qualifying empirical sample grid horizon,largest qualifying empirical sample grid horizon,,,,,,no qualifying grid horizon (<32); not a measured zero horizon,no qualifying grid horizon (<32); not a measured zero horizon,268.65625,MIXED_6_8_TOP4,268.65625,356687,7aba6198324c190b1fa1a632687cb3dc0e7aa96446b43178e1e14923ce158741,0.0,MIXED_6_8_TOP4,0.0,356687,7aba6198324c190b1fa1a632687cb3dc0e7aa96446b43178e1e14923ce158741
POST_HOC_BUDGET_AUDIT_SAME_TEST,1,NATIVE_FP32,1,41706,41706.0,12296,29410,630,23,MIXED_4_8;MIXED_4_8_TOP2;MIXED_4_8_TOP5;MIXED_6_8;MIXED_6_8_TOP1;MIXED_6_8_TOP4;NATIVE_FP32;STOCHASTIC_4;UNIFORM_10;UNIFORM_11;UNIFORM_12;UNIFORM_13;UNIFORM_14;UNIFORM_15;UNIFORM_16;UNIFORM_2;UNIFORM_3;UNIFORM_4;UNIFORM_5;UNIFORM_6;UNIFORM_7;UNIFORM_8;UNIFORM_9,True,"best feasible on the reused TEST sample; not DEV-selected, independent confirmation, or a superiority test","maximize the named metric, then RMST; minimize total bytes, then arm name lexicographically",lower-bound or point-estimate ordering does not establish statistical superiority,NOT_MEASURED,2ef49774e1416f6818d6483e5de4a1958740b116b4b31ed5970f6c45ab7dc477,64,UNIFORM_9,64,33138,a2ec5cfe40b1efa8dca6b1e858e72b78f3d033fa7f6468a5d0e7bc05bc4a5a67,largest qualifying empirical sample grid horizon,largest qualifying empirical sample grid horizon,64,UNIFORM_9,64,33138,a2ec5cfe40b1efa8dca6b1e858e72b78f3d033fa7f6468a5d0e7bc05bc4a5a67,simultaneous confidence-supported lower bound >= 64,simultaneous confidence-supported lower bound >= 64,64,UNIFORM_9,64,33138,a2ec5cfe40b1efa8dca6b1e858e72b78f3d033fa7f6468a5d0e7bc05bc4a5a67,largest qualifying empirical sample grid horizon,largest qualifying empirical sample grid horizon,,,,,,no qualifying grid horizon (<32); not a measured zero horizon,no qualifying grid horizon (<32); not a measured zero horizon,271.23828125,UNIFORM_9,272.65625,33138,a2ec5cfe40b1efa8dca6b1e858e72b78f3d033fa7f6468a5d0e7bc05bc4a5a67,0.0,UNIFORM_9,0.0,33138,a2ec5cfe40b1efa8dca6b1e858e72b78f3d033fa7f6468a5d0e7bc05bc4a5a67
POST_HOC_BUDGET_AUDIT_SAME_TEST,1,NATIVE_FP32,16,226146,14134.125,12296,29410,630,23,MIXED_4_8;MIXED_4_8_TOP2;MIXED_4_8_TOP5;MIXED_6_8;MIXED_6_8_TOP1;MIXED_6_8_TOP4;NATIVE_FP32;STOCHASTIC_4;UNIFORM_10;UNIFORM_11;UNIFORM_12;UNIFORM_13;UNIFORM_14;UNIFORM_15;UNIFORM_16;UNIFORM_2;UNIFORM_3;UNIFORM_4;UNIFORM_5;UNIFORM_6;UNIFORM_7;UNIFORM_8;UNIFORM_9,True,"best feasible on the reused TEST sample; not DEV-selected, independent confirmation, or a superiority test","maximize the named metric, then RMST; minimize total bytes, then arm name lexicographically",lower-bound or point-estimate ordering does not establish statistical superiority,NOT_MEASURED,2ef49774e1416f6818d6483e5de4a1958740b116b4b31ed5970f6c45ab7dc477,64,UNIFORM_9,64,85818,a2ec5cfe40b1efa8dca6b1e858e72b78f3d033fa7f6468a5d0e7bc05bc4a5a67,largest qualifying empirical sample grid horizon,largest qualifying empirical sample grid horizon,64,UNIFORM_9,64,85818,a2ec5cfe40b1efa8dca6b1e858e72b78f3d033fa7f6468a5d0e7bc05bc4a5a67,simultaneous confidence-supported lower bound >= 64,simultaneous confidence-supported lower bound >= 64,64,UNIFORM_9,64,85818,a2ec5cfe40b1efa8dca6b1e858e72b78f3d033fa7f6468a5d0e7bc05bc4a5a67,largest qualifying empirical sample grid horizon,largest qualifying empirical sample grid horizon,,,,,,no qualifying grid horizon (<32); not a measured zero horizon,no qualifying grid horizon (<32); not a measured zero horizon,271.23828125,UNIFORM_9,272.65625,85818,a2ec5cfe40b1efa8dca6b1e858e72b78f3d033fa7f6468a5d0e7bc05bc4a5a67,0.0,UNIFORM_9,0.0,85818,a2ec5cfe40b1efa8dca6b1e858e72b78f3d033fa7f6468a5d0e7bc05bc4a5a67
POST_HOC_BUDGET_AUDIT_SAME_TEST,1,NATIVE_FP32,128,1603298,12525.765625,12296,29410,630,23,MIXED_4_8;MIXED_4_8_TOP2;MIXED_4_8_TOP5;MIXED_6_8;MIXED_6_8_TOP1;MIXED_6_8_TOP4;NATIVE_FP32;STOCHASTIC_4;UNIFORM_10;UNIFORM_11;UNIFORM_12;UNIFORM_13;UNIFORM_14;UNIFORM_15;UNIFORM_16;UNIFORM_2;UNIFORM_3;UNIFORM_4;UNIFORM_5;UNIFORM_6;UNIFORM_7;UNIFORM_8;UNIFORM_9,True,"best feasible on the reused TEST sample; not DEV-selected, independent confirmation, or a superiority test","maximize the named metric, then RMST; minimize total bytes, then arm name lexicographically",lower-bound or point-estimate ordering does not establish statistical superiority,NOT_MEASURED,2ef49774e1416f6818d6483e5de4a1958740b116b4b31ed5970f6c45ab7dc477,64,UNIFORM_9,64,479162,a2ec5cfe40b1efa8dca6b1e858e72b78f3d033fa7f6468a5d0e7bc05bc4a5a67,largest qualifying empirical sample grid horizon,largest qualifying empirical sample grid horizon,64,UNIFORM_9,64,479162,a2ec5cfe40b1efa8dca6b1e858e72b78f3d033fa7f6468a5d0e7bc05bc4a5a67,simultaneous confidence-supported lower bound >= 64,simultaneous confidence-supported lower bound >= 64,64,UNIFORM_9,64,479162,a2ec5cfe40b1efa8dca6b1e858e72b78f3d033fa7f6468a5d0e7bc05bc4a5a67,largest qualifying empirical sample grid horizon,largest qualifying empirical sample grid horizon,,,,,,no qualifying grid horizon (<32); not a measured zero horizon,no qualifying grid horizon (<32); not a measured zero horizon,271.23828125,UNIFORM_9,272.65625,479162,a2ec5cfe40b1efa8dca6b1e858e72b78f3d033fa7f6468a5d0e7bc05bc4a5a67,0.0,UNIFORM_9,0.0,479162,a2ec5cfe40b1efa8dca6b1e858e72b78f3d033fa7f6468a5d0e7bc05bc4a5a67
POST_HOC_BUDGET_AUDIT_SAME_TEST,1,STOCHASTIC_4,1,31286,31286.0,1608,29678,630,4,STOCHASTIC_4;UNIFORM_2;UNIFORM_3;UNIFORM_4,False,"best feasible on the reused TEST sample; not DEV-selected, independent confirmation, or a superiority test","maximize the named metric, then RMST; minimize total bytes, then arm name lexicographically",lower-bound or point-estimate ordering does not establish statistical superiority,NOT_MEASURED,aa837bcd3eaf16bb93dc0860019ef9418741595f3e8f6b46f7f63ca24e1d8d8d,,UNIFORM_4,32,31218,dda1da3bce7a71ffc14459b2eb75f5b555bee00fe3da65715403962048bb50d5,no qualifying grid horizon (<32); not a measured zero horizon,largest qualifying empirical sample grid horizon,,UNIFORM_4,32,31218,dda1da3bce7a71ffc14459b2eb75f5b555bee00fe3da65715403962048bb50d5,no qualifying grid horizon (<32); not a measured zero horizon,simultaneous confidence-supported lower bound >= 32,,UNIFORM_4,32,31218,dda1da3bce7a71ffc14459b2eb75f5b555bee00fe3da65715403962048bb50d5,no qualifying grid horizon (<32); not a measured zero horizon,largest qualifying empirical sample grid horizon,,,,,,no qualifying grid horizon (<32); not a measured zero horizon,no qualifying grid horizon (<32); not a measured zero horizon,70.623046875,UNIFORM_4,124.3203125,31218,dda1da3bce7a71ffc14459b2eb75f5b555bee00fe3da65715403962048bb50d5,0.0,UNIFORM_4,0.0,31218,dda1da3bce7a71ffc14459b2eb75f5b555bee00fe3da65715403962048bb50d5
POST_HOC_BUDGET_AUDIT_SAME_TEST,1,STOCHASTIC_4,16,55406,3462.875,1608,29678,630,4,STOCHASTIC_4;UNIFORM_2;UNIFORM_3;UNIFORM_4,False,"best feasible on the reused TEST sample; not DEV-selected, independent confirmation, or a superiority test","maximize the named metric, then RMST; minimize total bytes, then arm name lexicographically",lower-bound or point-estimate ordering does not establish statistical superiority,NOT_MEASURED,aa837bcd3eaf16bb93dc0860019ef9418741595f3e8f6b46f7f63ca24e1d8d8d,,UNIFORM_4,32,55098,dda1da3bce7a71ffc14459b2eb75f5b555bee00fe3da65715403962048bb50d5,no qualifying grid horizon (<32); not a measured zero horizon,largest qualifying empirical sample grid horizon,,UNIFORM_4,32,55098,dda1da3bce7a71ffc14459b2eb75f5b555bee00fe3da65715403962048bb50d5,no qualifying grid horizon (<32); not a measured zero horizon,simultaneous confidence-supported lower bound >= 32,,UNIFORM_4,32,55098,dda1da3bce7a71ffc14459b2eb75f5b555bee00fe3da65715403962048bb50d5,no qualifying grid horizon (<32); not a measured zero horizon,largest qualifying empirical sample grid horizon,,,,,,no qualifying grid horizon (<32); not a measured zero horizon,no qualifying grid horizon (<32); not a measured zero horizon,70.623046875,UNIFORM_4,124.3203125,55098,dda1da3bce7a71ffc14459b2eb75f5b555bee00fe3da65715403962048bb50d5,0.0,UNIFORM_4,0.0,55098,dda1da3bce7a71ffc14459b2eb75f5b555bee00fe3da65715403962048bb50d5
POST_HOC_BUDGET_AUDIT_SAME_TEST,1,STOCHASTIC_4,128,235502,1839.859375,1608,29678,630,4,STOCHASTIC_4;UNIFORM_2;UNIFORM_3;UNIFORM_4,False,"best feasible on the reused TEST sample; not DEV-selected, independent confirmation, or a superiority test","maximize the named metric, then RMST; minimize total bytes, then arm name lexicographically",lower-bound or point-estimate ordering does not establish statistical superiority,NOT_MEASURED,aa837bcd3eaf16bb93dc0860019ef9418741595f3e8f6b46f7f63ca24e1d8d8d,,UNIFORM_4,32,233402,dda1da3bce7a71ffc14459b2eb75f5b555bee00fe3da65715403962048bb50d5,no qualifying grid horizon (<32); not a measured zero horizon,largest qualifying empirical sample grid horizon,,UNIFORM_4,32,233402,dda1da3bce7a71ffc14459b2eb75f5b555bee00fe3da65715403962048bb50d5,no qualifying grid horizon (<32); not a measured zero horizon,simultaneous confidence-supported lower bound >= 32,,UNIFORM_4,32,233402,dda1da3bce7a71ffc14459b2eb75f5b555bee00fe3da65715403962048bb50d5,no qualifying grid horizon (<32); not a measured zero horizon,largest qualifying empirical sample grid horizon,,,,,,no qualifying grid horizon (<32); not a measured zero horizon,no qualifying grid horizon (<32); not a measured zero horizon,70.623046875,UNIFORM_4,124.3203125,233402,dda1da3bce7a71ffc14459b2eb75f5b555bee00fe3da65715403962048bb50d5,0.0,UNIFORM_4,0.0,233402,dda1da3bce7a71ffc14459b2eb75f5b555bee00fe3da65715403962048bb50d5
POST_HOC_BUDGET_AUDIT_SAME_TEST,1,UNIFORM_10,1,33523,33523.0,3896,29627,630,16,MIXED_4_8;MIXED_4_8_TOP2;MIXED_4_8_TOP5;MIXED_6_8;MIXED_6_8_TOP1;MIXED_6_8_TOP4;STOCHASTIC_4;UNIFORM_10;UNIFORM_2;UNIFORM_3;UNIFORM_4;UNIFORM_5;UNIFORM_6;UNIFORM_7;UNIFORM_8;UNIFORM_9,False,"best feasible on the reused TEST sample; not DEV-selected, independent confirmation, or a superiority test","maximize the named metric, then RMST; minimize total bytes, then arm name lexicographically",lower-bound or point-estimate ordering does not establish statistical superiority,NOT_MEASURED,7e098dcf996bde13c378de99bc0ab51122c07c6d6ffd8f0a6a937cc2fc65cbc3,64,UNIFORM_9,64,33138,a2ec5cfe40b1efa8dca6b1e858e72b78f3d033fa7f6468a5d0e7bc05bc4a5a67,largest qualifying empirical sample grid horizon,largest qualifying empirical sample grid horizon,64,UNIFORM_9,64,33138,a2ec5cfe40b1efa8dca6b1e858e72b78f3d033fa7f6468a5d0e7bc05bc4a5a67,simultaneous confidence-supported lower bound >= 64,simultaneous confidence-supported lower bound >= 64,64,UNIFORM_9,64,33138,a2ec5cfe40b1efa8dca6b1e858e72b78f3d033fa7f6468a5d0e7bc05bc4a5a67,largest qualifying empirical sample grid horizon,largest qualifying empirical sample grid horizon,,,,,,no qualifying grid horizon (<32); not a measured zero horizon,no qualifying grid horizon (<32); not a measured zero horizon,271.46875,UNIFORM_9,272.65625,33138,a2ec5cfe40b1efa8dca6b1e858e72b78f3d033fa7f6468a5d0e7bc05bc4a5a67,0.0,UNIFORM_9,0.0,33138,a2ec5cfe40b1efa8dca6b1e858e72b78f3d033fa7f6468a5d0e7bc05bc4a5a67
POST_HOC_BUDGET_AUDIT_SAME_TEST,1,UNIFORM_10,16,91963,5747.6875,3896,29627,630,16,MIXED_4_8;MIXED_4_8_TOP2;MIXED_4_8_TOP5;MIXED_6_8;MIXED_6_8_TOP1;MIXED_6_8_TOP4;STOCHASTIC_4;UNIFORM_10;UNIFORM_2;UNIFORM_3;UNIFORM_4;UNIFORM_5;UNIFORM_6;UNIFORM_7;UNIFORM_8;UNIFORM_9,False,"best feasible on the reused TEST sample; not DEV-selected, independent confirmation, or a superiority test","maximize the named metric, then RMST; minimize total bytes, then arm name lexicographically",lower-bound or point-estimate ordering does not establish statistical superiority,NOT_MEASURED,7e098dcf996bde13c378de99bc0ab51122c07c6d6ffd8f0a6a937cc2fc65cbc3,64,UNIFORM_9,64,85818,a2ec5cfe40b1efa8dca6b1e858e72b78f3d033fa7f6468a5d0e7bc05bc4a5a67,largest qualifying empirical sample grid horizon,largest qualifying empirical sample grid horizon,64,UNIFORM_9,64,85818,a2ec5cfe40b1efa8dca6b1e858e72b78f3d033fa7f6468a5d0e7bc05bc4a5a67,simultaneous confidence-supported lower bound >= 64,simultaneous confidence-supported lower bound >= 64,64,UNIFORM_9,64,85818,a2ec5cfe40b1efa8dca6b1e858e72b78f3d033fa7f6468a5d0e7bc05bc4a5a67,largest qualifying empirical sample grid horizon,largest qualifying empirical sample grid horizon,,,,,,no qualifying grid horizon (<32); not a measured zero horizon,no qualifying grid horizon (<32); not a measured zero horizon,271.46875,UNIFORM_9,272.65625,85818,a2ec5cfe40b1efa8dca6b1e858e72b78f3d033fa7f6468a5d0e7bc05bc4a5a67,0.0,UNIFORM_9,0.0,85818,a2ec5cfe40b1efa8dca6b1e858e72b78f3d033fa7f6468a5d0e7bc05bc4a5a67
POST_HOC_BUDGET_AUDIT_SAME_TEST,1,UNIFORM_10,128,528315,4127.4609375,3896,29627,630,16,MIXED_4_8;MIXED_4_8_TOP2;MIXED_4_8_TOP5;MIXED_6_8;MIXED_6_8_TOP1;MIXED_6_8_TOP4;STOCHASTIC_4;UNIFORM_10;UNIFORM_2;UNIFORM_3;UNIFORM_4;UNIFORM_5;UNIFORM_6;UNIFORM_7;UNIFORM_8;UNIFORM_9,False,"best feasible on the reused TEST sample; not DEV-selected, independent confirmation, or a superiority test","maximize the named metric, then RMST; minimize total bytes, then arm name lexicographically",lower-bound or point-estimate ordering does not establish statistical superiority,NOT_MEASURED,7e098dcf996bde13c378de99bc0ab51122c07c6d6ffd8f0a6a937cc2fc65cbc3,64,UNIFORM_9,64,479162,a2ec5cfe40b1efa8dca6b1e858e72b78f3d033fa7f6468a5d0e7bc05bc4a5a67,largest qualifying empirical sample grid horizon,largest qualifying empirical sample grid horizon,64,UNIFORM_9,64,479162,a2ec5cfe40b1efa8dca6b1e858e72b78f3d033fa7f6468a5d0e7bc05bc4a5a67,simultaneous confidence-supported lower bound >= 64,simultaneous confidence-supported lower bound >= 64,64,UNIFORM_9,64,479162,a2ec5cfe40b1efa8dca6b1e858e72b78f3d033fa7f6468a5d0e7bc05bc4a5a67,largest qualifying empirical sample grid horizon,largest qualifying empirical sample grid horizon,,,,,,no qualifying grid horizon (<32); not a measured zero horizon,no qualifying grid horizon (<32); not a measured zero horizon,271.46875,UNIFORM_9,272.65625,479162,a2ec5cfe40b1efa8dca6b1e858e72b78f3d033fa7f6468a5d0e7bc05bc4a5a67,0.0,UNIFORM_9,0.0,479162,a2ec5cfe40b1efa8dca6b1e858e72b78f3d033fa7f6468a5d0e7bc05bc4a5a67
POST_HOC_BUDGET_AUDIT_SAME_TEST,1,UNIFORM_11,1,33907,33907.0,4280,29627,630,17,MIXED_4_8;MIXED_4_8_TOP2;MIXED_4_8_TOP5;MIXED_6_8;MIXED_6_8_TOP1;MIXED_6_8_TOP4;STOCHASTIC_4;UNIFORM_10;UNIFORM_11;UNIFORM_2;UNIFORM_3;UNIFORM_4;UNIFORM_5;UNIFORM_6;UNIFORM_7;UNIFORM_8;UNIFORM_9,False,"best feasible on the reused TEST sample; not DEV-selected, independent confirmation, or a superiority test","maximize the named metric, then RMST; minimize total bytes, then arm name lexicographically",lower-bound or point-estimate ordering does not establish statistical superiority,NOT_MEASURED,0294cc51bf2c80bb08a6c11225bc55ef083fdc24db2e77282f750def75e1d7cd,64,UNIFORM_9,64,33138,a2ec5cfe40b1efa8dca6b1e858e72b78f3d033fa7f6468a5d0e7bc05bc4a5a67,largest qualifying empirical sample grid horizon,largest qualifying empirical sample grid horizon,64,UNIFORM_9,64,33138,a2ec5cfe40b1efa8dca6b1e858e72b78f3d033fa7f6468a5d0e7bc05bc4a5a67,simultaneous confidence-supported lower bound >= 64,simultaneous confidence-supported lower bound >= 64,64,UNIFORM_9,64,33138,a2ec5cfe40b1efa8dca6b1e858e72b78f3d033fa7f6468a5d0e7bc05bc4a5a67,largest qualifying empirical sample grid horizon,largest qualifying empirical sample grid horizon,,,,,,no qualifying grid horizon (<32); not a measured zero horizon,no qualifying grid horizon (<32); not a measured zero horizon,272.056640625,UNIFORM_9,272.65625,33138,a2ec5cfe40b1efa8dca6b1e858e72b78f3d033fa7f6468a5d0e7bc05bc4a5a67,0.0,UNIFORM_9,0.0,33138,a2ec5cfe40b1efa8dca6b1e858e72b78f3d033fa7f6468a5d0e7bc05bc4a5a67
POST_HOC_BUDGET_AUDIT_SAME_TEST,1,UNIFORM_11,16,98107,6131.6875,4280,29627,630,17,MIXED_4_8;MIXED_4_8_TOP2;MIXED_4_8_TOP5;MIXED_6_8;MIXED_6_8_TOP1;MIXED_6_8_TOP4;STOCHASTIC_4;UNIFORM_10;UNIFORM_11;UNIFORM_2;UNIFORM_3;UNIFORM_4;UNIFORM_5;UNIFORM_6;UNIFORM_7;UNIFORM_8;UNIFORM_9,False,"best feasible on the reused TEST sample; not DEV-selected, independent confirmation, or a superiority test","maximize the named metric, then RMST; minimize total bytes, then arm name lexicographically",lower-bound or point-estimate ordering does not establish statistical superiority,NOT_MEASURED,0294cc51bf2c80bb08a6c11225bc55ef083fdc24db2e77282f750def75e1d7cd,64,UNIFORM_9,64,85818,a2ec5cfe40b1efa8dca6b1e858e72b78f3d033fa7f6468a5d0e7bc05bc4a5a67,largest qualifying empirical sample grid horizon,largest qualifying empirical sample grid horizon,64,UNIFORM_9,64,85818,a2ec5cfe40b1efa8dca6b1e858e72b78f3d033fa7f6468a5d0e7bc05bc4a5a67,simultaneous confidence-supported lower bound >= 64,simultaneous confidence-supported lower bound >= 64,64,UNIFORM_9,64,85818,a2ec5cfe40b1efa8dca6b1e858e72b78f3d033fa7f6468a5d0e7bc05bc4a5a67,largest qualifying empirical sample grid horizon,largest qualifying empirical sample grid horizon,,,,,,no qualifying grid horizon (<32); not a measured zero horizon,no qualifying grid horizon (<32); not a measured zero horizon,272.056640625,UNIFORM_9,272.65625,85818,a2ec5cfe40b1efa8dca6b1e858e72b78f3d033fa7f6468a5d0e7bc05bc4a5a67,0.0,UNIFORM_9,0.0,85818,a2ec5cfe40b1efa8dca6b1e858e72b78f3d033fa7f6468a5d0e7bc05bc4a5a67
POST_HOC_BUDGET_AUDIT_SAME_TEST,1,UNIFORM_11,128,577467,4511.4609375,4280,29627,630,17,MIXED_4_8;MIXED_4_8_TOP2;MIXED_4_8_TOP5;MIXED_6_8;MIXED_6_8_TOP1;MIXED_6_8_TOP4;STOCHASTIC_4;UNIFORM_10;UNIFORM_11;UNIFORM_2;UNIFORM_3;UNIFORM_4;UNIFORM_5;UNIFORM_6;UNIFORM_7;UNIFORM_8;UNIFORM_9,False,"best feasible on the reused TEST sample; not DEV-selected, independent confirmation, or a superiority test","maximize the named metric, then RMST; minimize total bytes, then arm name lexicographically",lower-bound or point-estimate ordering does not establish statistical superiority,NOT_MEASURED,0294cc51bf2c80bb08a6c11225bc55ef083fdc24db2e77282f750def75e1d7cd,64,UNIFORM_9,64,479162,a2ec5cfe40b1efa8dca6b1e858e72b78f3d033fa7f6468a5d0e7bc05bc4a5a67,largest qualifying empirical sample grid horizon,largest qualifying empirical sample grid horizon,64,UNIFORM_9,64,479162,a2ec5cfe40b1efa8dca6b1e858e72b78f3d033fa7f6468a5d0e7bc05bc4a5a67,simultaneous confidence-supported lower bound >= 64,simultaneous confidence-supported lower bound >= 64,64,UNIFORM_9,64,479162,a2ec5cfe40b1efa8dca6b1e858e72b78f3d033fa7f6468a5d0e7bc05bc4a5a67,largest qualifying empirical sample grid horizon,largest qualifying empirical sample grid horizon,,,,,,no qualifying grid horizon (<32); not a measured zero horizon,no qualifying grid horizon (<32); not a measured zero horizon,272.056640625,UNIFORM_9,272.65625,479162,a2ec5cfe40b1efa8dca6b1e858e72b78f3d033fa7f6468a5d0e7bc05bc4a5a67,0.0,UNIFORM_9,0.0,479162,a2ec5cfe40b1efa8dca6b1e858e72b78f3d033fa7f6468a5d0e7bc05bc4a5a67
POST_HOC_BUDGET_AUDIT_SAME_TEST,1,UNIFORM_12,1,34291,34291.0,4664,29627,630,18,MIXED_4_8;MIXED_4_8_TOP2;MIXED_4_8_TOP5;MIXED_6_8;MIXED_6_8_TOP1;MIXED_6_8_TOP4;STOCHASTIC_4;UNIFORM_10;UNIFORM_11;UNIFORM_12;UNIFORM_2;UNIFORM_3;UNIFORM_4;UNIFORM_5;UNIFORM_6;UNIFORM_7;UNIFORM_8;UNIFORM_9,False,"best feasible on the reused TEST sample; not DEV-selected, independent confirmation, or a superiority test","maximize the named metric, then RMST; minimize total bytes, then arm name lexicographically",lower-bound or point-estimate ordering does not establish statistical superiority,NOT_MEASURED,4c8f19369c07d61da6b56c74f9955c8e52f06c43c08a09bbc06c89c923b39b81,64,UNIFORM_9,64,33138,a2ec5cfe40b1efa8dca6b1e858e72b78f3d033fa7f6468a5d0e7bc05bc4a5a67,largest qualifying empirical sample grid horizon,largest qualifying empirical sample grid horizon,64,UNIFORM_9,64,33138,a2ec5cfe40b1efa8dca6b1e858e72b78f3d033fa7f6468a5d0e7bc05bc4a5a67,simultaneous confidence-supported lower bound >= 64,simultaneous confidence-supported lower bound >= 64,64,UNIFORM_9,64,33138,a2ec5cfe40b1efa8dca6b1e858e72b78f3d033fa7f6468a5d0e7bc05bc4a5a67,largest qualifying empirical sample grid horizon,largest qualifying empirical sample grid horizon,,,,,,no qualifying grid horizon (<32); not a measured zero horizon,no qualifying grid horizon (<32); not a measured zero horizon,271.244140625,UNIFORM_9,272.65625,33138,a2ec5cfe40b1efa8dca6b1e858e72b78f3d033fa7f6468a5d0e7bc05bc4a5a67,0.0,UNIFORM_9,0.0,33138,a2ec5cfe40b1efa8dca6b1e858e72b78f3d033fa7f6468a5d0e7bc05bc4a5a67
POST_HOC_BUDGET_AUDIT_SAME_TEST,1,UNIFORM_12,16,104251,6515.6875,4664,29627,630,18,MIXED_4_8;MIXED_4_8_TOP2;MIXED_4_8_TOP5;MIXED_6_8;MIXED_6_8_TOP1;MIXED_6_8_TOP4;STOCHASTIC_4;UNIFORM_10;UNIFORM_11;UNIFORM_12;UNIFORM_2;UNIFORM_3;UNIFORM_4;UNIFORM_5;UNIFORM_6;UNIFORM_7;UNIFORM_8;UNIFORM_9,False,"best feasible on the reused TEST sample; not DEV-selected, independent confirmation, or a superiority test","maximize the named metric, then RMST; minimize total bytes, then arm name lexicographically",lower-bound or point-estimate ordering does not establish statistical superiority,NOT_MEASURED,4c8f19369c07d61da6b56c74f9955c8e52f06c43c08a09bbc06c89c923b39b81,64,UNIFORM_9,64,85818,a2ec5cfe40b1efa8dca6b1e858e72b78f3d033fa7f6468a5d0e7bc05bc4a5a67,largest qualifying empirical sample grid horizon,largest qualifying empirical sample grid horizon,64,UNIFORM_9,64,85818,a2ec5cfe40b1efa8dca6b1e858e72b78f3d033fa7f6468a5d0e7bc05bc4a5a67,simultaneous confidence-supported lower bound >= 64,simultaneous confidence-supported lower bound >= 64,64,UNIFORM_9,64,85818,a2ec5cfe40b1efa8dca6b1e858e72b78f3d033fa7f6468a5d0e7bc05bc4a5a67,largest qualifying empirical sample grid horizon,largest qualifying empirical sample grid horizon,,,,,,no qualifying grid horizon (<32); not a measured zero horizon,no qualifying grid horizon (<32); not a measured zero horizon,271.244140625,UNIFORM_9,272.65625,85818,a2ec5cfe40b1efa8dca6b1e858e72b78f3d033fa7f6468a5d0e7bc05bc4a5a67,0.0,UNIFORM_9,0.0,85818,a2ec5cfe40b1efa8dca6b1e858e72b78f3d033fa7f6468a5d0e7bc05bc4a5a67
POST_HOC_BUDGET_AUDIT_SAME_TEST,1,UNIFORM_12,128,626619,4895.4609375,4664,29627,630,18,MIXED_4_8;MIXED_4_8_TOP2;MIXED_4_8_TOP5;MIXED_6_8;MIXED_6_8_TOP1;MIXED_6_8_TOP4;STOCHASTIC_4;UNIFORM_10;UNIFORM_11;UNIFORM_12;UNIFORM_2;UNIFORM_3;UNIFORM_4;UNIFORM_5;UNIFORM_6;UNIFORM_7;UNIFORM_8;UNIFORM_9,False,"best feasible on the reused TEST sample; not DEV-selected, independent confirmation, or a superiority test","maximize the named metric, then RMST; minimize total bytes, then arm name lexicographically",lower-bound or point-estimate ordering does not establish statistical superiority,NOT_MEASURED,4c8f19369c07d61da6b56c74f9955c8e52f06c43c08a09bbc06c89c923b39b81,64,UNIFORM_9,64,479162,a2ec5cfe40b1efa8dca6b1e858e72b78f3d033fa7f6468a5d0e7bc05bc4a5a67,largest qualifying empirical sample grid horizon,largest qualifying empirical sample grid horizon,64,UNIFORM_9,64,479162,a2ec5cfe40b1efa8dca6b1e858e72b78f3d033fa7f6468a5d0e7bc05bc4a5a67,simultaneous confidence-supported lower bound >= 64,simultaneous confidence-supported lower bound >= 64,64,UNIFORM_9,64,479162,a2ec5cfe40b1efa8dca6b1e858e72b78f3d033fa7f6468a5d0e7bc05bc4a5a67,largest qualifying empirical sample grid horizon,largest qualifying empirical sample grid horizon,,,,,,no qualifying grid horizon (<32); not a measured zero horizon,no qualifying grid horizon (<32); not a measured zero horizon,271.244140625,UNIFORM_9,272.65625,479162,a2ec5cfe40b1efa8dca6b1e858e72b78f3d033fa7f6468a5d0e7bc05bc4a5a67,0.0,UNIFORM_9,0.0,479162,a2ec5cfe40b1efa8dca6b1e858e72b78f3d033fa7f6468a5d0e7bc05bc4a5a67
POST_HOC_BUDGET_AUDIT_SAME_TEST,1,UNIFORM_13,1,34675,34675.0,5048,29627,630,19,MIXED_4_8;MIXED_4_8_TOP2;MIXED_4_8_TOP5;MIXED_6_8;MIXED_6_8_TOP1;MIXED_6_8_TOP4;STOCHASTIC_4;UNIFORM_10;UNIFORM_11;UNIFORM_12;UNIFORM_13;UNIFORM_2;UNIFORM_3;UNIFORM_4;UNIFORM_5;UNIFORM_6;UNIFORM_7;UNIFORM_8;UNIFORM_9,False,"best feasible on the reused TEST sample; not DEV-selected, independent confirmation, or a superiority test","maximize the named metric, then RMST; minimize total bytes, then arm name lexicographically",lower-bound or point-estimate ordering does not establish statistical superiority,NOT_MEASURED,67bc525db4cd26e8955ede5ef797153670a2eedc6c818ceba7957fe18c7947b5,64,UNIFORM_9,64,33138,a2ec5cfe40b1efa8dca6b1e858e72b78f3d033fa7f6468a5d0e7bc05bc4a5a67,largest qualifying empirical sample grid horizon,largest qualifying empirical sample grid horizon,64,UNIFORM_9,64,33138,a2ec5cfe40b1efa8dca6b1e858e72b78f3d033fa7f6468a5d0e7bc05bc4a5a67,simultaneous confidence-supported lower bound >= 64,simultaneous confidence-supported lower bound >= 64,64,UNIFORM_9,64,33138,a2ec5cfe40b1efa8dca6b1e858e72b78f3d033fa7f6468a5d0e7bc05bc4a5a67,largest qualifying empirical sample grid horizon,largest qualifying empirical sample grid horizon,,,,,,no qualifying grid horizon (<32); not a measured zero horizon,no qualifying grid horizon (<32); not a measured zero horizon,271.42578125,UNIFORM_9,272.65625,33138,a2ec5cfe40b1efa8dca6b1e858e72b78f3d033fa7f6468a5d0e7bc05bc4a5a67,0.0,UNIFORM_9,0.0,33138,a2ec5cfe40b1efa8dca6b1e858e72b78f3d033fa7f6468a5d0e7bc05bc4a5a67
POST_HOC_BUDGET_AUDIT_SAME_TEST,1,UNIFORM_13,16,110395,6899.6875,5048,29627,630,19,MIXED_4_8;MIXED_4_8_TOP2;MIXED_4_8_TOP5;MIXED_6_8;MIXED_6_8_TOP1;MIXED_6_8_TOP4;STOCHASTIC_4;UNIFORM_10;UNIFORM_11;UNIFORM_12;UNIFORM_13;UNIFORM_2;UNIFORM_3;UNIFORM_4;UNIFORM_5;UNIFORM_6;UNIFORM_7;UNIFORM_8;UNIFORM_9,False,"best feasible on the reused TEST sample; not DEV-selected, independent confirmation, or a superiority test","maximize the named metric, then RMST; minimize total bytes, then arm name lexicographically",lower-bound or point-estimate ordering does not establish statistical superiority,NOT_MEASURED,67bc525db4cd26e8955ede5ef797153670a2eedc6c818ceba7957fe18c7947b5,64,UNIFORM_9,64,85818,a2ec5cfe40b1efa8dca6b1e858e72b78f3d033fa7f6468a5d0e7bc05bc4a5a67,largest qualifying empirical sample grid horizon,largest qualifying empirical sample grid horizon,64,UNIFORM_9,64,85818,a2ec5cfe40b1efa8dca6b1e858e72b78f3d033fa7f6468a5d0e7bc05bc4a5a67,simultaneous confidence-supported lower bound >= 64,simultaneous confidence-supported lower bound >= 64,64,UNIFORM_9,64,85818,a2ec5cfe40b1efa8dca6b1e858e72b78f3d033fa7f6468a5d0e7bc05bc4a5a67,largest qualifying empirical sample grid horizon,largest qualifying empirical sample grid horizon,,,,,,no qualifying grid horizon (<32); not a measured zero horizon,no qualifying grid horizon (<32); not a measured zero horizon,271.42578125,UNIFORM_9,272.65625,85818,a2ec5cfe40b1efa8dca6b1e858e72b78f3d033fa7f6468a5d0e7bc05bc4a5a67,0.0,UNIFORM_9,0.0,85818,a2ec5cfe40b1efa8dca6b1e858e72b78f3d033fa7f6468a5d0e7bc05bc4a5a67
POST_HOC_BUDGET_AUDIT_SAME_TEST,1,UNIFORM_13,128,675771,5279.4609375,5048,29627,630,19,MIXED_4_8;MIXED_4_8_TOP2;MIXED_4_8_TOP5;MIXED_6_8;MIXED_6_8_TOP1;MIXED_6_8_TOP4;STOCHASTIC_4;UNIFORM_10;UNIFORM_11;UNIFORM_12;UNIFORM_13;UNIFORM_2;UNIFORM_3;UNIFORM_4;UNIFORM_5;UNIFORM_6;UNIFORM_7;UNIFORM_8;UNIFORM_9,False,"best feasible on the reused TEST sample; not DEV-selected, independent confirmation, or a superiority test","maximize the named metric, then RMST; minimize total bytes, then arm name lexicographically",lower-bound or point-estimate ordering does not establish statistical superiority,NOT_MEASURED,67bc525db4cd26e8955ede5ef797153670a2eedc6c818ceba7957fe18c7947b5,64,UNIFORM_9,64,479162,a2ec5cfe40b1efa8dca6b1e858e72b78f3d033fa7f6468a5d0e7bc05bc4a5a67,largest qualifying empirical sample grid horizon,largest qualifying empirical sample grid horizon,64,UNIFORM_9,64,479162,a2ec5cfe40b1efa8dca6b1e858e72b78f3d033fa7f6468a5d0e7bc05bc4a5a67,simultaneous confidence-supported lower bound >= 64,simultaneous confidence-supported lower bound >= 64,64,UNIFORM_9,64,479162,a2ec5cfe40b1efa8dca6b1e858e72b78f3d033fa7f6468a5d0e7bc05bc4a5a67,largest qualifying empirical sample grid horizon,largest qualifying empirical sample grid horizon,,,,,,no qualifying grid horizon (<32); not a measured zero horizon,no qualifying grid horizon (<32); not a measured zero horizon,271.42578125,UNIFORM_9,272.65625,479162,a2ec5cfe40b1efa8dca6b1e858e72b78f3d033fa7f6468a5d0e7bc05bc4a5a67,0.0,UNIFORM_9,0.0,479162,a2ec5cfe40b1efa8dca6b1e858e72b78f3d033fa7f6468a5d0e7bc05bc4a5a67
POST_HOC_BUDGET_AUDIT_SAME_TEST,1,UNIFORM_14,1,35059,35059.0,5432,29627,630,20,MIXED_4_8;MIXED_4_8_TOP2;MIXED_4_8_TOP5;MIXED_6_8;MIXED_6_8_TOP1;MIXED_6_8_TOP4;STOCHASTIC_4;UNIFORM_10;UNIFORM_11;UNIFORM_12;UNIFORM_13;UNIFORM_14;UNIFORM_2;UNIFORM_3;UNIFORM_4;UNIFORM_5;UNIFORM_6;UNIFORM_7;UNIFORM_8;UNIFORM_9,False,"best feasible on the reused TEST sample; not DEV-selected, independent confirmation, or a superiority test","maximize the named metric, then RMST; minimize total bytes, then arm name lexicographically",lower-bound or point-estimate ordering does not establish statistical superiority,NOT_MEASURED,3fcc6a426903b6d12c3a0ca1dc4644a16b4fa5a98fd12f7295ebde45fc17e987,64,UNIFORM_9,64,33138,a2ec5cfe40b1efa8dca6b1e858e72b78f3d033fa7f6468a5d0e7bc05bc4a5a67,largest qualifying empirical sample grid horizon,largest qualifying empirical sample grid horizon,64,UNIFORM_9,64,33138,a2ec5cfe40b1efa8dca6b1e858e72b78f3d033fa7f6468a5d0e7bc05bc4a5a67,simultaneous confidence-supported lower bound >= 64,simultaneous confidence-supported lower bound >= 64,64,UNIFORM_9,64,33138,a2ec5cfe40b1efa8dca6b1e858e72b78f3d033fa7f6468a5d0e7bc05bc4a5a67,largest qualifying empirical sample grid horizon,largest qualifying empirical sample grid horizon,,,,,,no qualifying grid horizon (<32); not a measured zero horizon,no qualifying grid horizon (<32); not a measured zero horizon,271.38671875,UNIFORM_9,272.65625,33138,a2ec5cfe40b1efa8dca6b1e858e72b78f3d033fa7f6468a5d0e7bc05bc4a5a67,0.0,UNIFORM_9,0.0,33138,a2ec5cfe40b1efa8dca6b1e858e72b78f3d033fa7f6468a5d0e7bc05bc4a5a67
POST_HOC_BUDGET_AUDIT_SAME_TEST,1,UNIFORM_14,16,116539,7283.6875,5432,29627,630,20,MIXED_4_8;MIXED_4_8_TOP2;MIXED_4_8_TOP5;MIXED_6_8;MIXED_6_8_TOP1;MIXED_6_8_TOP4;STOCHASTIC_4;UNIFORM_10;UNIFORM_11;UNIFORM_12;UNIFORM_13;UNIFORM_14;UNIFORM_2;UNIFORM_3;UNIFORM_4;UNIFORM_5;UNIFORM_6;UNIFORM_7;UNIFORM_8;UNIFORM_9,False,"best feasible on the reused TEST sample; not DEV-selected, independent confirmation, or a superiority test","maximize the named metric, then RMST; minimize total bytes, then arm name lexicographically",lower-bound or point-estimate ordering does not establish statistical superiority,NOT_MEASURED,3fcc6a426903b6d12c3a0ca1dc4644a16b4fa5a98fd12f7295ebde45fc17e987,64,UNIFORM_9,64,85818,a2ec5cfe40b1efa8dca6b1e858e72b78f3d033fa7f6468a5d0e7bc05bc4a5a67,largest qualifying empirical sample grid horizon,largest qualifying empirical sample grid horizon,64,UNIFORM_9,64,85818,a2ec5cfe40b1efa8dca6b1e858e72b78f3d033fa7f6468a5d0e7bc05bc4a5a67,simultaneous confidence-supported lower bound >= 64,simultaneous confidence-supported lower bound >= 64,64,UNIFORM_9,64,85818,a2ec5cfe40b1efa8dca6b1e858e72b78f3d033fa7f6468a5d0e7bc05bc4a5a67,largest qualifying empirical sample grid horizon,largest qualifying empirical sample grid horizon,,,,,,no qualifying grid horizon (<32); not a measured zero horizon,no qualifying grid horizon (<32); not a measured zero horizon,271.38671875,UNIFORM_9,272.65625,85818,a2ec5cfe40b1efa8dca6b1e858e72b78f3d033fa7f6468a5d0e7bc05bc4a5a67,0.0,UNIFORM_9,0.0,85818,a2ec5cfe40b1efa8dca6b1e858e72b78f3d033fa7f6468a5d0e7bc05bc4a5a67
POST_HOC_BUDGET_AUDIT_SAME_TEST,1,UNIFORM_14,128,724923,5663.4609375,5432,29627,630,20,MIXED_4_8;MIXED_4_8_TOP2;MIXED_4_8_TOP5;MIXED_6_8;MIXED_6_8_TOP1;MIXED_6_8_TOP4;STOCHASTIC_4;UNIFORM_10;UNIFORM_11;UNIFORM_12;UNIFORM_13;UNIFORM_14;UNIFORM_2;UNIFORM_3;UNIFORM_4;UNIFORM_5;UNIFORM_6;UNIFORM_7;UNIFORM_8;UNIFORM_9,False,"best feasible on the reused TEST sample; not DEV-selected, independent confirmation, or a superiority test","maximize the named metric, then RMST; minimize total bytes, then arm name lexicographically",lower-bound or point-estimate ordering does not establish statistical superiority,NOT_MEASURED,3fcc6a426903b6d12c3a0ca1dc4644a16b4fa5a98fd12f7295ebde45fc17e987,64,UNIFORM_9,64,479162,a2ec5cfe40b1efa8dca6b1e858e72b78f3d033fa7f6468a5d0e7bc05bc4a5a67,largest qualifying empirical sample grid horizon,largest qualifying empirical sample grid horizon,64,UNIFORM_9,64,479162,a2ec5cfe40b1efa8dca6b1e858e72b78f3d033fa7f6468a5d0e7bc05bc4a5a67,simultaneous confidence-supported lower bound >= 64,simultaneous confidence-supported lower bound >= 64,64,UNIFORM_9,64,479162,a2ec5cfe40b1efa8dca6b1e858e72b78f3d033fa7f6468a5d0e7bc05bc4a5a67,largest qualifying empirical sample grid horizon,largest qualifying empirical sample grid horizon,,,,,,no qualifying grid horizon (<32); not a measured zero horizon,no qualifying grid horizon (<32); not a measured zero horizon,271.38671875,UNIFORM_9,272.65625,479162,a2ec5cfe40b1efa8dca6b1e858e72b78f3d033fa7f6468a5d0e7bc05bc4a5a67,0.0,UNIFORM_9,0.0,479162,a2ec5cfe40b1efa8dca6b1e858e72b78f3d033fa7f6468a5d0e7bc05bc4a5a67
POST_HOC_BUDGET_AUDIT_SAME_TEST,1,UNIFORM_15,1,35443,35443.0,5816,29627,630,21,MIXED_4_8;MIXED_4_8_TOP2;MIXED_4_8_TOP5;MIXED_6_8;MIXED_6_8_TOP1;MIXED_6_8_TOP4;STOCHASTIC_4;UNIFORM_10;UNIFORM_11;UNIFORM_12;UNIFORM_13;UNIFORM_14;UNIFORM_15;UNIFORM_2;UNIFORM_3;UNIFORM_4;UNIFORM_5;UNIFORM_6;UNIFORM_7;UNIFORM_8;UNIFORM_9,False,"best feasible on the reused TEST sample; not DEV-selected, independent confirmation, or a superiority test","maximize the named metric, then RMST; minimize total bytes, then arm name lexicographically",lower-bound or point-estimate ordering does not establish statistical superiority,NOT_MEASURED,00eec21a3c3173cd5897460bdd065b17c8a7f11681cd0ab1056d36d463c644c4,64,UNIFORM_9,64,33138,a2ec5cfe40b1efa8dca6b1e858e72b78f3d033fa7f6468a5d0e7bc05bc4a5a67,largest qualifying empirical sample grid horizon,largest qualifying empirical sample grid horizon,64,UNIFORM_9,64,33138,a2ec5cfe40b1efa8dca6b1e858e72b78f3d033fa7f6468a5d0e7bc05bc4a5a67,simultaneous confidence-supported lower bound >= 64,simultaneous confidence-supported lower bound >= 64,64,UNIFORM_9,64,33138,a2ec5cfe40b1efa8dca6b1e858e72b78f3d033fa7f6468a5d0e7bc05bc4a5a67,largest qualifying empirical sample grid horizon,largest qualifying empirical sample grid horizon,,,,,,no qualifying grid horizon (<32); not a measured zero horizon,no qualifying grid horizon (<32); not a measured zero horizon,271.19140625,UNIFORM_9,272.65625,33138,a2ec5cfe40b1efa8dca6b1e858e72b78f3d033fa7f6468a5d0e7bc05bc4a5a67,0.0,UNIFORM_9,0.0,33138,a2ec5cfe40b1efa8dca6b1e858e72b78f3d033fa7f6468a5d0e7bc05bc4a5a67
POST_HOC_BUDGET_AUDIT_SAME_TEST,1,UNIFORM_15,16,122683,7667.6875,5816,29627,630,21,MIXED_4_8;MIXED_4_8_TOP2;MIXED_4_8_TOP5;MIXED_6_8;MIXED_6_8_TOP1;MIXED_6_8_TOP4;STOCHASTIC_4;UNIFORM_10;UNIFORM_11;UNIFORM_12;UNIFORM_13;UNIFORM_14;UNIFORM_15;UNIFORM_2;UNIFORM_3;UNIFORM_4;UNIFORM_5;UNIFORM_6;UNIFORM_7;UNIFORM_8;UNIFORM_9,False,"best feasible on the reused TEST sample; not DEV-selected, independent confirmation, or a superiority test","maximize the named metric, then RMST; minimize total bytes, then arm name lexicographically",lower-bound or point-estimate ordering does not establish statistical superiority,NOT_MEASURED,00eec21a3c3173cd5897460bdd065b17c8a7f11681cd0ab1056d36d463c644c4,64,UNIFORM_9,64,85818,a2ec5cfe40b1efa8dca6b1e858e72b78f3d033fa7f6468a5d0e7bc05bc4a5a67,largest qualifying empirical sample grid horizon,largest qualifying empirical sample grid horizon,64,UNIFORM_9,64,85818,a2ec5cfe40b1efa8dca6b1e858e72b78f3d033fa7f6468a5d0e7bc05bc4a5a67,simultaneous confidence-supported lower bound >= 64,simultaneous confidence-supported lower bound >= 64,64,UNIFORM_9,64,85818,a2ec5cfe40b1efa8dca6b1e858e72b78f3d033fa7f6468a5d0e7bc05bc4a5a67,largest qualifying empirical sample grid horizon,largest qualifying empirical sample grid horizon,,,,,,no qualifying grid horizon (<32); not a measured zero horizon,no qualifying grid horizon (<32); not a measured zero horizon,271.19140625,UNIFORM_9,272.65625,85818,a2ec5cfe40b1efa8dca6b1e858e72b78f3d033fa7f6468a5d0e7bc05bc4a5a67,0.0,UNIFORM_9,0.0,85818,a2ec5cfe40b1efa8dca6b1e858e72b78f3d033fa7f6468a5d0e7bc05bc4a5a67
POST_HOC_BUDGET_AUDIT_SAME_TEST,1,UNIFORM_15,128,774075,6047.4609375,5816,29627,630,21,MIXED_4_8;MIXED_4_8_TOP2;MIXED_4_8_TOP5;MIXED_6_8;MIXED_6_8_TOP1;MIXED_6_8_TOP4;STOCHASTIC_4;UNIFORM_10;UNIFORM_11;UNIFORM_12;UNIFORM_13;UNIFORM_14;UNIFORM_15;UNIFORM_2;UNIFORM_3;UNIFORM_4;UNIFORM_5;UNIFORM_6;UNIFORM_7;UNIFORM_8;UNIFORM_9,False,"best feasible on the reused TEST sample; not DEV-selected, independent confirmation, or a superiority test","maximize the named metric, then RMST; minimize total bytes, then arm name lexicographically",lower-bound or point-estimate ordering does not establish statistical superiority,NOT_MEASURED,00eec21a3c3173cd5897460bdd065b17c8a7f11681cd0ab1056d36d463c644c4,64,UNIFORM_9,64,479162,a2ec5cfe40b1efa8dca6b1e858e72b78f3d033fa7f6468a5d0e7bc05bc4a5a67,largest qualifying empirical sample grid horizon,largest qualifying empirical sample grid horizon,64,UNIFORM_9,64,479162,a2ec5cfe40b1efa8dca6b1e858e72b78f3d033fa7f6468a5d0e7bc05bc4a5a67,simultaneous confidence-supported lower bound >= 64,simultaneous confidence-supported lower bound >= 64,64,UNIFORM_9,64,479162,a2ec5cfe40b1efa8dca6b1e858e72b78f3d033fa7f6468a5d0e7bc05bc4a5a67,largest qualifying empirical sample grid horizon,largest qualifying empirical sample grid horizon,,,,,,no qualifying grid horizon (<32); not a measured zero horizon,no qualifying grid horizon (<32); not a measured zero horizon,271.19140625,UNIFORM_9,272.65625,479162,a2ec5cfe40b1efa8dca6b1e858e72b78f3d033fa7f6468a5d0e7bc05bc4a5a67,0.0,UNIFORM_9,0.0,479162,a2ec5cfe40b1efa8dca6b1e858e72b78f3d033fa7f6468a5d0e7bc05bc4a5a67
POST_HOC_BUDGET_AUDIT_SAME_TEST,1,UNIFORM_16,1,35827,35827.0,6200,29627,630,22,MIXED_4_8;MIXED_4_8_TOP2;MIXED_4_8_TOP5;MIXED_6_8;MIXED_6_8_TOP1;MIXED_6_8_TOP4;STOCHASTIC_4;UNIFORM_10;UNIFORM_11;UNIFORM_12;UNIFORM_13;UNIFORM_14;UNIFORM_15;UNIFORM_16;UNIFORM_2;UNIFORM_3;UNIFORM_4;UNIFORM_5;UNIFORM_6;UNIFORM_7;UNIFORM_8;UNIFORM_9,False,"best feasible on the reused TEST sample; not DEV-selected, independent confirmation, or a superiority test","maximize the named metric, then RMST; minimize total bytes, then arm name lexicographically",lower-bound or point-estimate ordering does not establish statistical superiority,NOT_MEASURED,c5fefa5df3428a2529ff63200cb2de414b0a0e8dd08e1799282840adb3bc6e91,64,UNIFORM_9,64,33138,a2ec5cfe40b1efa8dca6b1e858e72b78f3d033fa7f6468a5d0e7bc05bc4a5a67,largest qualifying empirical sample grid horizon,largest qualifying empirical sample grid horizon,64,UNIFORM_9,64,33138,a2ec5cfe40b1efa8dca6b1e858e72b78f3d033fa7f6468a5d0e7bc05bc4a5a67,simultaneous confidence-supported lower bound >= 64,simultaneous confidence-supported lower bound >= 64,64,UNIFORM_9,64,33138,a2ec5cfe40b1efa8dca6b1e858e72b78f3d033fa7f6468a5d0e7bc05bc4a5a67,largest qualifying empirical sample grid horizon,largest qualifying empirical sample grid horizon,,,,,,no qualifying grid horizon (<32); not a measured zero horizon,no qualifying grid horizon (<32); not a measured zero horizon,271.3828125,UNIFORM_9,272.65625,33138,a2ec5cfe40b1efa8dca6b1e858e72b78f3d033fa7f6468a5d0e7bc05bc4a5a67,0.0,UNIFORM_9,0.0,33138,a2ec5cfe40b1efa8dca6b1e858e72b78f3d033fa7f6468a5d0e7bc05bc4a5a67
POST_HOC_BUDGET_AUDIT_SAME_TEST,1,UNIFORM_16,16,128827,8051.6875,6200,29627,630,22,MIXED_4_8;MIXED_4_8_TOP2;MIXED_4_8_TOP5;MIXED_6_8;MIXED_6_8_TOP1;MIXED_6_8_TOP4;STOCHASTIC_4;UNIFORM_10;UNIFORM_11;UNIFORM_12;UNIFORM_13;UNIFORM_14;UNIFORM_15;UNIFORM_16;UNIFORM_2;UNIFORM_3;UNIFORM_4;UNIFORM_5;UNIFORM_6;UNIFORM_7;UNIFORM_8;UNIFORM_9,False,"best feasible on the reused TEST sample; not DEV-selected, independent confirmation, or a superiority test","maximize the named metric, then RMST; minimize total bytes, then arm name lexicographically",lower-bound or point-estimate ordering does not establish statistical superiority,NOT_MEASURED,c5fefa5df3428a2529ff63200cb2de414b0a0e8dd08e1799282840adb3bc6e91,64,UNIFORM_9,64,85818,a2ec5cfe40b1efa8dca6b1e858e72b78f3d033fa7f6468a5d0e7bc05bc4a5a67,largest qualifying empirical sample grid horizon,largest qualifying empirical sample grid horizon,64,UNIFORM_9,64,85818,a2ec5cfe40b1efa8dca6b1e858e72b78f3d033fa7f6468a5d0e7bc05bc4a5a67,simultaneous confidence-supported lower bound >= 64,simultaneous confidence-supported lower bound >= 64,64,UNIFORM_9,64,85818,a2ec5cfe40b1efa8dca6b1e858e72b78f3d033fa7f6468a5d0e7bc05bc4a5a67,largest qualifying empirical sample grid horizon,largest qualifying empirical sample grid horizon,,,,,,no qualifying grid horizon (<32); not a measured zero horizon,no qualifying grid horizon (<32); not a measured zero horizon,271.3828125,UNIFORM_9,272.65625,85818,a2ec5cfe40b1efa8dca6b1e858e72b78f3d033fa7f6468a5d0e7bc05bc4a5a67,0.0,UNIFORM_9,0.0,85818,a2ec5cfe40b1efa8dca6b1e858e72b78f3d033fa7f6468a5d0e7bc05bc4a5a67
POST_HOC_BUDGET_AUDIT_SAME_TEST,1,UNIFORM_16,128,823227,6431.4609375,6200,29627,630,22,MIXED_4_8;MIXED_4_8_TOP2;MIXED_4_8_TOP5;MIXED_6_8;MIXED_6_8_TOP1;MIXED_6_8_TOP4;STOCHASTIC_4;UNIFORM_10;UNIFORM_11;UNIFORM_12;UNIFORM_13;UNIFORM_14;UNIFORM_15;UNIFORM_16;UNIFORM_2;UNIFORM_3;UNIFORM_4;UNIFORM_5;UNIFORM_6;UNIFORM_7;UNIFORM_8;UNIFORM_9,False,"best feasible on the reused TEST sample; not DEV-selected, independent confirmation, or a superiority test","maximize the named metric, then RMST; minimize total bytes, then arm name lexicographically",lower-bound or point-estimate ordering does not establish statistical superiority,NOT_MEASURED,c5fefa5df3428a2529ff63200cb2de414b0a0e8dd08e1799282840adb3bc6e91,64,UNIFORM_9,64,479162,a2ec5cfe40b1efa8dca6b1e858e72b78f3d033fa7f6468a5d0e7bc05bc4a5a67,largest qualifying empirical sample grid horizon,largest qualifying empirical sample grid horizon,64,UNIFORM_9,64,479162,a2ec5cfe40b1efa8dca6b1e858e72b78f3d033fa7f6468a5d0e7bc05bc4a5a67,simultaneous confidence-supported lower bound >= 64,simultaneous confidence-supported lower bound >= 64,64,UNIFORM_9,64,479162,a2ec5cfe40b1efa8dca6b1e858e72b78f3d033fa7f6468a5d0e7bc05bc4a5a67,largest qualifying empirical sample grid horizon,largest qualifying empirical sample grid horizon,,,,,,no qualifying grid horizon (<32); not a measured zero horizon,no qualifying grid horizon (<32); not a measured zero horizon,271.3828125,UNIFORM_9,272.65625,479162,a2ec5cfe40b1efa8dca6b1e858e72b78f3d033fa7f6468a5d0e7bc05bc4a5a67,0.0,UNIFORM_9,0.0,479162,a2ec5cfe40b1efa8dca6b1e858e72b78f3d033fa7f6468a5d0e7bc05bc4a5a67
POST_HOC_BUDGET_AUDIT_SAME_TEST,1,UNIFORM_2,1,30450,30450.0,824,29626,630,1,UNIFORM_2,False,"best feasible on the reused TEST sample; not DEV-selected, independent confirmation, or a superiority test","maximize the named metric, then RMST; minimize total bytes, then arm name lexicographically",lower-bound or point-estimate ordering does not establish statistical superiority,NOT_MEASURED,c6a0ed342e27f00f7dc97d057deac824c51208199bfa9c9a4f564635fa1c7505,,,,,,no qualifying grid horizon (<32); not a measured zero horizon,no qualifying grid horizon (<32); not a measured zero horizon,,,,,,no qualifying grid horizon (<32); not a measured zero horizon,no qualifying grid horizon (<32); not a measured zero horizon,,,,,,no qualifying grid horizon (<32); not a measured zero horizon,no qualifying grid horizon (<32); not a measured zero horizon,,,,,,no qualifying grid horizon (<32); not a measured zero horizon,no qualifying grid horizon (<32); not a measured zero horizon,5.2734375,UNIFORM_2,5.2734375,30450,c6a0ed342e27f00f7dc97d057deac824c51208199bfa9c9a4f564635fa1c7505,0.0,UNIFORM_2,0.0,30450,c6a0ed342e27f00f7dc97d057deac824c51208199bfa9c9a4f564635fa1c7505
POST_HOC_BUDGET_AUDIT_SAME_TEST,1,UNIFORM_2,16,42810,2675.625,824,29626,630,1,UNIFORM_2,False,"best feasible on the reused TEST sample; not DEV-selected, independent confirmation, or a superiority test","maximize the named metric, then RMST; minimize total bytes, then arm name lexicographically",lower-bound or point-estimate ordering does not establish statistical superiority,NOT_MEASURED,c6a0ed342e27f00f7dc97d057deac824c51208199bfa9c9a4f564635fa1c7505,,,,,,no qualifying grid horizon (<32); not a measured zero horizon,no qualifying grid horizon (<32); not a measured zero horizon,,,,,,no qualifying grid horizon (<32); not a measured zero horizon,no qualifying grid horizon (<32); not a measured zero horizon,,,,,,no qualifying grid horizon (<32); not a measured zero horizon,no qualifying grid horizon (<32); not a measured zero horizon,,,,,,no qualifying grid horizon (<32); not a measured zero horizon,no qualifying grid horizon (<32); not a measured zero horizon,5.2734375,UNIFORM_2,5.2734375,42810,c6a0ed342e27f00f7dc97d057deac824c51208199bfa9c9a4f564635fa1c7505,0.0,UNIFORM_2,0.0,42810,c6a0ed342e27f00f7dc97d057deac824c51208199bfa9c9a4f564635fa1c7505
POST_HOC_BUDGET_AUDIT_SAME_TEST,1,UNIFORM_2,128,135098,1055.453125,824,29626,630,1,UNIFORM_2,False,"best feasible on the reused TEST sample; not DEV-selected, independent confirmation, or a superiority test","maximize the named metric, then RMST; minimize total bytes, then arm name lexicographically",lower-bound or point-estimate ordering does not establish statistical superiority,NOT_MEASURED,c6a0ed342e27f00f7dc97d057deac824c51208199bfa9c9a4f564635fa1c7505,,,,,,no qualifying grid horizon (<32); not a measured zero horizon,no qualifying grid horizon (<32); not a measured zero horizon,,,,,,no qualifying grid horizon (<32); not a measured zero horizon,no qualifying grid horizon (<32); not a measured zero horizon,,,,,,no qualifying grid horizon (<32); not a measured zero horizon,no qualifying grid horizon (<32); not a measured zero horizon,,,,,,no qualifying grid horizon (<32); not a measured zero horizon,no qualifying grid horizon (<32); not a measured zero horizon,5.2734375,UNIFORM_2,5.2734375,135098,c6a0ed342e27f00f7dc97d057deac824c51208199bfa9c9a4f564635fa1c7505,0.0,UNIFORM_2,0.0,135098,c6a0ed342e27f00f7dc97d057deac824c51208199bfa9c9a4f564635fa1c7505
POST_HOC_BUDGET_AUDIT_SAME_TEST,1,UNIFORM_3,1,30834,30834.0,1208,29626,630,2,UNIFORM_2;UNIFORM_3,False,"best feasible on the reused TEST sample; not DEV-selected, independent confirmation, or a superiority test","maximize the named metric, then RMST; minimize total bytes, then arm name lexicographically",lower-bound or point-estimate ordering does not establish statistical superiority,NOT_MEASURED,1ec242a33f9888b37af0f53dcccf3c770f7c1480c753ca854ed98db9760d9592,,,,,,no qualifying grid horizon (<32); not a measured zero horizon,no qualifying grid horizon (<32); not a measured zero horizon,,,,,,no qualifying grid horizon (<32); not a measured zero horizon,no qualifying grid horizon (<32); not a measured zero horizon,,,,,,no qualifying grid horizon (<32); not a measured zero horizon,no qualifying grid horizon (<32); not a measured zero horizon,,,,,,no qualifying grid horizon (<32); not a measured zero horizon,no qualifying grid horizon (<32); not a measured zero horizon,45.15625,UNIFORM_3,45.15625,30834,1ec242a33f9888b37af0f53dcccf3c770f7c1480c753ca854ed98db9760d9592,0.0,UNIFORM_3,0.0,30834,1ec242a33f9888b37af0f53dcccf3c770f7c1480c753ca854ed98db9760d9592
POST_HOC_BUDGET_AUDIT_SAME_TEST,1,UNIFORM_3,16,48954,3059.625,1208,29626,630,2,UNIFORM_2;UNIFORM_3,False,"best feasible on the reused TEST sample; not DEV-selected, independent confirmation, or a superiority test","maximize the named metric, then RMST; minimize total bytes, then arm name lexicographically",lower-bound or point-estimate ordering does not establish statistical superiority,NOT_MEASURED,1ec242a33f9888b37af0f53dcccf3c770f7c1480c753ca854ed98db9760d9592,,,,,,no qualifying grid horizon (<32); not a measured zero horizon,no qualifying grid horizon (<32); not a measured zero horizon,,,,,,no qualifying grid horizon (<32); not a measured zero horizon,no qualifying grid horizon (<32); not a measured zero horizon,,,,,,no qualifying grid horizon (<32); not a measured zero horizon,no qualifying grid horizon (<32); not a measured zero horizon,,,,,,no qualifying grid horizon (<32); not a measured zero horizon,no qualifying grid horizon (<32); not a measured zero horizon,45.15625,UNIFORM_3,45.15625,48954,1ec242a33f9888b37af0f53dcccf3c770f7c1480c753ca854ed98db9760d9592,0.0,UNIFORM_3,0.0,48954,1ec242a33f9888b37af0f53dcccf3c770f7c1480c753ca854ed98db9760d9592
POST_HOC_BUDGET_AUDIT_SAME_TEST,1,UNIFORM_3,128,184250,1439.453125,1208,29626,630,2,UNIFORM_2;UNIFORM_3,False,"best feasible on the reused TEST sample; not DEV-selected, independent confirmation, or a superiority test","maximize the named metric, then RMST; minimize total bytes, then arm name lexicographically",lower-bound or point-estimate ordering does not establish statistical superiority,NOT_MEASURED,1ec242a33f9888b37af0f53dcccf3c770f7c1480c753ca854ed98db9760d9592,,,,,,no qualifying grid horizon (<32); not a measured zero horizon,no qualifying grid horizon (<32); not a measured zero horizon,,,,,,no qualifying grid horizon (<32); not a measured zero horizon,no qualifying grid horizon (<32); not a measured zero horizon,,,,,,no qualifying grid horizon (<32); not a measured zero horizon,no qualifying grid horizon (<32); not a measured zero horizon,,,,,,no qualifying grid horizon (<32); not a measured zero horizon,no qualifying grid horizon (<32); not a measured zero horizon,45.15625,UNIFORM_3,45.15625,184250,1ec242a33f9888b37af0f53dcccf3c770f7c1480c753ca854ed98db9760d9592,0.0,UNIFORM_3,0.0,184250,1ec242a33f9888b37af0f53dcccf3c770f7c1480c753ca854ed98db9760d9592
POST_HOC_BUDGET_AUDIT_SAME_TEST,1,UNIFORM_4,1,31218,31218.0,1592,29626,630,3,UNIFORM_2;UNIFORM_3;UNIFORM_4,False,"best feasible on the reused TEST sample; not DEV-selected, independent confirmation, or a superiority test","maximize the named metric, then RMST; minimize total bytes, then arm name lexicographically",lower-bound or point-estimate ordering does not establish statistical superiority,NOT_MEASURED,dda1da3bce7a71ffc14459b2eb75f5b555bee00fe3da65715403962048bb50d5,32,UNIFORM_4,32,31218,dda1da3bce7a71ffc14459b2eb75f5b555bee00fe3da65715403962048bb50d5,largest qualifying empirical sample grid horizon,largest qualifying empirical sample grid horizon,32,UNIFORM_4,32,31218,dda1da3bce7a71ffc14459b2eb75f5b555bee00fe3da65715403962048bb50d5,simultaneous confidence-supported lower bound >= 32,simultaneous confidence-supported lower bound >= 32,32,UNIFORM_4,32,31218,dda1da3bce7a71ffc14459b2eb75f5b555bee00fe3da65715403962048bb50d5,largest qualifying empirical sample grid horizon,largest qualifying empirical sample grid horizon,,,,,,no qualifying grid horizon (<32); not a measured zero horizon,no qualifying grid horizon (<32); not a measured zero horizon,124.3203125,UNIFORM_4,124.3203125,31218,dda1da3bce7a71ffc14459b2eb75f5b555bee00fe3da65715403962048bb50d5,0.0,UNIFORM_4,0.0,31218,dda1da3bce7a71ffc14459b2eb75f5b555bee00fe3da65715403962048bb50d5
POST_HOC_BUDGET_AUDIT_SAME_TEST,1,UNIFORM_4,16,55098,3443.625,1592,29626,630,3,UNIFORM_2;UNIFORM_3;UNIFORM_4,False,"best feasible on the reused TEST sample; not DEV-selected, independent confirmation, or a superiority test","maximize the named metric, then RMST; minimize total bytes, then arm name lexicographically",lower-bound or point-estimate ordering does not establish statistical superiority,NOT_MEASURED,dda1da3bce7a71ffc14459b2eb75f5b555bee00fe3da65715403962048bb50d5,32,UNIFORM_4,32,55098,dda1da3bce7a71ffc14459b2eb75f5b555bee00fe3da65715403962048bb50d5,largest qualifying empirical sample grid horizon,largest qualifying empirical sample grid horizon,32,UNIFORM_4,32,55098,dda1da3bce7a71ffc14459b2eb75f5b555bee00fe3da65715403962048bb50d5,simultaneous confidence-supported lower bound >= 32,simultaneous confidence-supported lower bound >= 32,32,UNIFORM_4,32,55098,dda1da3bce7a71ffc14459b2eb75f5b555bee00fe3da65715403962048bb50d5,largest qualifying empirical sample grid horizon,largest qualifying empirical sample grid horizon,,,,,,no qualifying grid horizon (<32); not a measured zero horizon,no qualifying grid horizon (<32); not a measured zero horizon,124.3203125,UNIFORM_4,124.3203125,55098,dda1da3bce7a71ffc14459b2eb75f5b555bee00fe3da65715403962048bb50d5,0.0,UNIFORM_4,0.0,55098,dda1da3bce7a71ffc14459b2eb75f5b555bee00fe3da65715403962048bb50d5
POST_HOC_BUDGET_AUDIT_SAME_TEST,1,UNIFORM_4,128,233402,1823.453125,1592,29626,630,3,UNIFORM_2;UNIFORM_3;UNIFORM_4,False,"best feasible on the reused TEST sample; not DEV-selected, independent confirmation, or a superiority test","maximize the named metric, then RMST; minimize total bytes, then arm name lexicographically",lower-bound or point-estimate ordering does not establish statistical superiority,NOT_MEASURED,dda1da3bce7a71ffc14459b2eb75f5b555bee00fe3da65715403962048bb50d5,32,UNIFORM_4,32,233402,dda1da3bce7a71ffc14459b2eb75f5b555bee00fe3da65715403962048bb50d5,largest qualifying empirical sample grid horizon,largest qualifying empirical sample grid horizon,32,UNIFORM_4,32,233402,dda1da3bce7a71ffc14459b2eb75f5b555bee00fe3da65715403962048bb50d5,simultaneous confidence-supported lower bound >= 32,simultaneous confidence-supported lower bound >= 32,32,UNIFORM_4,32,233402,dda1da3bce7a71ffc14459b2eb75f5b555bee00fe3da65715403962048bb50d5,largest qualifying empirical sample grid horizon,largest qualifying empirical sample grid horizon,,,,,,no qualifying grid horizon (<32); not a measured zero horizon,no qualifying grid horizon (<32); not a measured zero horizon,124.3203125,UNIFORM_4,124.3203125,233402,dda1da3bce7a71ffc14459b2eb75f5b555bee00fe3da65715403962048bb50d5,0.0,UNIFORM_4,0.0,233402,dda1da3bce7a71ffc14459b2eb75f5b555bee00fe3da65715403962048bb50d5
POST_HOC_BUDGET_AUDIT_SAME_TEST,1,UNIFORM_5,1,31602,31602.0,1976,29626,630,5,STOCHASTIC_4;UNIFORM_2;UNIFORM_3;UNIFORM_4;UNIFORM_5,False,"best feasible on the reused TEST sample; not DEV-selected, independent confirmation, or a superiority test","maximize the named metric, then RMST; minimize total bytes, then arm name lexicographically",lower-bound or point-estimate ordering does not establish statistical superiority,NOT_MEASURED,c870e39d5845253d09cadb257b6401d6bb63e7e2a433ddd695320a35e3e8c627,64,UNIFORM_5,64,31602,c870e39d5845253d09cadb257b6401d6bb63e7e2a433ddd695320a35e3e8c627,largest qualifying empirical sample grid horizon,largest qualifying empirical sample grid horizon,64,UNIFORM_5,64,31602,c870e39d5845253d09cadb257b6401d6bb63e7e2a433ddd695320a35e3e8c627,simultaneous confidence-supported lower bound >= 64,simultaneous confidence-supported lower bound >= 64,64,UNIFORM_5,64,31602,c870e39d5845253d09cadb257b6401d6bb63e7e2a433ddd695320a35e3e8c627,largest qualifying empirical sample grid horizon,largest qualifying empirical sample grid horizon,,,,,,no qualifying grid horizon (<32); not a measured zero horizon,no qualifying grid horizon (<32); not a measured zero horizon,211.859375,UNIFORM_5,211.859375,31602,c870e39d5845253d09cadb257b6401d6bb63e7e2a433ddd695320a35e3e8c627,0.0,UNIFORM_5,0.0,31602,c870e39d5845253d09cadb257b6401d6bb63e7e2a433ddd695320a35e3e8c627
POST_HOC_BUDGET_AUDIT_SAME_TEST,1,UNIFORM_5,16,61242,3827.625,1976,29626,630,6,MIXED_4_8_TOP2;STOCHASTIC_4;UNIFORM_2;UNIFORM_3;UNIFORM_4;UNIFORM_5,False,"best feasible on the reused TEST sample; not DEV-selected, independent confirmation, or a superiority test","maximize the named metric, then RMST; minimize total bytes, then arm name lexicographically",lower-bound or point-estimate ordering does not establish statistical superiority,NOT_MEASURED,c870e39d5845253d09cadb257b6401d6bb63e7e2a433ddd695320a35e3e8c627,64,UNIFORM_5,64,61242,c870e39d5845253d09cadb257b6401d6bb63e7e2a433ddd695320a35e3e8c627,largest qualifying empirical sample grid horizon,largest qualifying empirical sample grid horizon,64,UNIFORM_5,64,61242,c870e39d5845253d09cadb257b6401d6bb63e7e2a433ddd695320a35e3e8c627,simultaneous confidence-supported lower bound >= 64,simultaneous confidence-supported lower bound >= 64,64,UNIFORM_5,64,61242,c870e39d5845253d09cadb257b6401d6bb63e7e2a433ddd695320a35e3e8c627,largest qualifying empirical sample grid horizon,largest qualifying empirical sample grid horizon,,,,,,no qualifying grid horizon (<32); not a measured zero horizon,no qualifying grid horizon (<32); not a measured zero horizon,211.859375,UNIFORM_5,211.859375,61242,c870e39d5845253d09cadb257b6401d6bb63e7e2a433ddd695320a35e3e8c627,0.0,UNIFORM_5,0.0,61242,c870e39d5845253d09cadb257b6401d6bb63e7e2a433ddd695320a35e3e8c627
POST_HOC_BUDGET_AUDIT_SAME_TEST,1,UNIFORM_5,128,282554,2207.453125,1976,29626,630,6,MIXED_4_8_TOP2;STOCHASTIC_4;UNIFORM_2;UNIFORM_3;UNIFORM_4;UNIFORM_5,False,"best feasible on the reused TEST sample; not DEV-selected, independent confirmation, or a superiority test","maximize the named metric, then RMST; minimize total bytes, then arm name lexicographically",lower-bound or point-estimate ordering does not establish statistical superiority,NOT_MEASURED,c870e39d5845253d09cadb257b6401d6bb63e7e2a433ddd695320a35e3e8c627,64,UNIFORM_5,64,282554,c870e39d5845253d09cadb257b6401d6bb63e7e2a433ddd695320a35e3e8c627,largest qualifying empirical sample grid horizon,largest qualifying empirical sample grid horizon,64,UNIFORM_5,64,282554,c870e39d5845253d09cadb257b6401d6bb63e7e2a433ddd695320a35e3e8c627,simultaneous confidence-supported lower bound >= 64,simultaneous confidence-supported lower bound >= 64,64,UNIFORM_5,64,282554,c870e39d5845253d09cadb257b6401d6bb63e7e2a433ddd695320a35e3e8c627,largest qualifying empirical sample grid horizon,largest qualifying empirical sample grid horizon,,,,,,no qualifying grid horizon (<32); not a measured zero horizon,no qualifying grid horizon (<32); not a measured zero horizon,211.859375,UNIFORM_5,211.859375,282554,c870e39d5845253d09cadb257b6401d6bb63e7e2a433ddd695320a35e3e8c627,0.0,UNIFORM_5,0.0,282554,c870e39d5845253d09cadb257b6401d6bb63e7e2a433ddd695320a35e3e8c627
POST_HOC_BUDGET_AUDIT_SAME_TEST,1,UNIFORM_6,1,31986,31986.0,2360,29626,630,7,MIXED_4_8_TOP2;STOCHASTIC_4;UNIFORM_2;UNIFORM_3;UNIFORM_4;UNIFORM_5;UNIFORM_6,False,"best feasible on the reused TEST sample; not DEV-selected, independent confirmation, or a superiority test","maximize the named metric, then RMST; minimize total bytes, then arm name lexicographically",lower-bound or point-estimate ordering does not establish statistical superiority,NOT_MEASURED,bf99452872b8814a375b5e1fc680fc26931a22bcf2c839d91d59ae1f34a33d7c,64,UNIFORM_6,64,31986,bf99452872b8814a375b5e1fc680fc26931a22bcf2c839d91d59ae1f34a33d7c,largest qualifying empirical sample grid horizon,largest qualifying empirical sample grid horizon,64,UNIFORM_6,64,31986,bf99452872b8814a375b5e1fc680fc26931a22bcf2c839d91d59ae1f34a33d7c,simultaneous confidence-supported lower bound >= 64,simultaneous confidence-supported lower bound >= 64,64,UNIFORM_6,64,31986,bf99452872b8814a375b5e1fc680fc26931a22bcf2c839d91d59ae1f34a33d7c,largest qualifying empirical sample grid horizon,largest qualifying empirical sample grid horizon,,,,,,no qualifying grid horizon (<32); not a measured zero horizon,no qualifying grid horizon (<32); not a measured zero horizon,258.01953125,UNIFORM_6,258.01953125,31986,bf99452872b8814a375b5e1fc680fc26931a22bcf2c839d91d59ae1f34a33d7c,0.0,UNIFORM_6,0.0,31986,bf99452872b8814a375b5e1fc680fc26931a22bcf2c839d91d59ae1f34a33d7c
POST_HOC_BUDGET_AUDIT_SAME_TEST,1,UNIFORM_6,16,67386,4211.625,2360,29626,630,9,MIXED_4_8;MIXED_4_8_TOP2;MIXED_4_8_TOP5;STOCHASTIC_4;UNIFORM_2;UNIFORM_3;UNIFORM_4;UNIFORM_5;UNIFORM_6,False,"best feasible on the reused TEST sample; not DEV-selected, independent confirmation, or a superiority test","maximize the named metric, then RMST; minimize total bytes, then arm name lexicographically",lower-bound or point-estimate ordering does not establish statistical superiority,NOT_MEASURED,bf99452872b8814a375b5e1fc680fc26931a22bcf2c839d91d59ae1f34a33d7c,64,UNIFORM_6,64,67386,bf99452872b8814a375b5e1fc680fc26931a22bcf2c839d91d59ae1f34a33d7c,largest qualifying empirical sample grid horizon,largest qualifying empirical sample grid horizon,64,UNIFORM_6,64,67386,bf99452872b8814a375b5e1fc680fc26931a22bcf2c839d91d59ae1f34a33d7c,simultaneous confidence-supported lower bound >= 64,simultaneous confidence-supported lower bound >= 64,64,UNIFORM_6,64,67386,bf99452872b8814a375b5e1fc680fc26931a22bcf2c839d91d59ae1f34a33d7c,largest qualifying empirical sample grid horizon,largest qualifying empirical sample grid horizon,,,,,,no qualifying grid horizon (<32); not a measured zero horizon,no qualifying grid horizon (<32); not a measured zero horizon,258.01953125,UNIFORM_6,258.01953125,67386,bf99452872b8814a375b5e1fc680fc26931a22bcf2c839d91d59ae1f34a33d7c,0.0,UNIFORM_6,0.0,67386,bf99452872b8814a375b5e1fc680fc26931a22bcf2c839d91d59ae1f34a33d7c
POST_HOC_BUDGET_AUDIT_SAME_TEST,1,UNIFORM_6,128,331706,2591.453125,2360,29626,630,9,MIXED_4_8;MIXED_4_8_TOP2;MIXED_4_8_TOP5;STOCHASTIC_4;UNIFORM_2;UNIFORM_3;UNIFORM_4;UNIFORM_5;UNIFORM_6,False,"best feasible on the reused TEST sample; not DEV-selected, independent confirmation, or a superiority test","maximize the named metric, then RMST; minimize total bytes, then arm name lexicographically",lower-bound or point-estimate ordering does not establish statistical superiority,NOT_MEASURED,bf99452872b8814a375b5e1fc680fc26931a22bcf2c839d91d59ae1f34a33d7c,64,UNIFORM_6,64,331706,bf99452872b8814a375b5e1fc680fc26931a22bcf2c839d91d59ae1f34a33d7c,largest qualifying empirical sample grid horizon,largest qualifying empirical sample grid horizon,64,UNIFORM_6,64,331706,bf99452872b8814a375b5e1fc680fc26931a22bcf2c839d91d59ae1f34a33d7c,simultaneous confidence-supported lower bound >= 64,simultaneous confidence-supported lower bound >= 64,64,UNIFORM_6,64,331706,bf99452872b8814a375b5e1fc680fc26931a22bcf2c839d91d59ae1f34a33d7c,largest qualifying empirical sample grid horizon,largest qualifying empirical sample grid horizon,,,,,,no qualifying grid horizon (<32); not a measured zero horizon,no qualifying grid horizon (<32); not a measured zero horizon,258.01953125,UNIFORM_6,258.01953125,331706,bf99452872b8814a375b5e1fc680fc26931a22bcf2c839d91d59ae1f34a33d7c,0.0,UNIFORM_6,0.0,331706,bf99452872b8814a375b5e1fc680fc26931a22bcf2c839d91d59ae1f34a33d7c
POST_HOC_BUDGET_AUDIT_SAME_TEST,1,UNIFORM_7,1,32370,32370.0,2744,29626,630,10,MIXED_4_8;MIXED_4_8_TOP2;MIXED_4_8_TOP5;STOCHASTIC_4;UNIFORM_2;UNIFORM_3;UNIFORM_4;UNIFORM_5;UNIFORM_6;UNIFORM_7,False,"best feasible on the reused TEST sample; not DEV-selected, independent confirmation, or a superiority test","maximize the named metric, then RMST; minimize total bytes, then arm name lexicographically",lower-bound or point-estimate ordering does not establish statistical superiority,NOT_MEASURED,7f24773a066c5b53cb91c90c688eb7def83c8bcb1c44d65563ffa42b192ff7be,64,UNIFORM_7,64,32370,7f24773a066c5b53cb91c90c688eb7def83c8bcb1c44d65563ffa42b192ff7be,largest qualifying empirical sample grid horizon,largest qualifying empirical sample grid horizon,64,UNIFORM_7,64,32370,7f24773a066c5b53cb91c90c688eb7def83c8bcb1c44d65563ffa42b192ff7be,simultaneous confidence-supported lower bound >= 64,simultaneous confidence-supported lower bound >= 64,64,UNIFORM_7,64,32370,7f24773a066c5b53cb91c90c688eb7def83c8bcb1c44d65563ffa42b192ff7be,largest qualifying empirical sample grid horizon,largest qualifying empirical sample grid horizon,,,,,,no qualifying grid horizon (<32); not a measured zero horizon,no qualifying grid horizon (<32); not a measured zero horizon,268.951171875,UNIFORM_7,268.951171875,32370,7f24773a066c5b53cb91c90c688eb7def83c8bcb1c44d65563ffa42b192ff7be,0.0,UNIFORM_7,0.0,32370,7f24773a066c5b53cb91c90c688eb7def83c8bcb1c44d65563ffa42b192ff7be
POST_HOC_BUDGET_AUDIT_SAME_TEST,1,UNIFORM_7,16,73530,4595.625,2744,29626,630,12,MIXED_4_8;MIXED_4_8_TOP2;MIXED_4_8_TOP5;MIXED_6_8_TOP1;MIXED_6_8_TOP4;STOCHASTIC_4;UNIFORM_2;UNIFORM_3;UNIFORM_4;UNIFORM_5;UNIFORM_6;UNIFORM_7,False,"best feasible on the reused TEST sample; not DEV-selected, independent confirmation, or a superiority test","maximize the named metric, then RMST; minimize total bytes, then arm name lexicographically",lower-bound or point-estimate ordering does not establish statistical superiority,NOT_MEASURED,7f24773a066c5b53cb91c90c688eb7def83c8bcb1c44d65563ffa42b192ff7be,64,UNIFORM_7,64,73530,7f24773a066c5b53cb91c90c688eb7def83c8bcb1c44d65563ffa42b192ff7be,largest qualifying empirical sample grid horizon,largest qualifying empirical sample grid horizon,64,UNIFORM_7,64,73530,7f24773a066c5b53cb91c90c688eb7def83c8bcb1c44d65563ffa42b192ff7be,simultaneous confidence-supported lower bound >= 64,simultaneous confidence-supported lower bound >= 64,64,UNIFORM_7,64,73530,7f24773a066c5b53cb91c90c688eb7def83c8bcb1c44d65563ffa42b192ff7be,largest qualifying empirical sample grid horizon,largest qualifying empirical sample grid horizon,,,,,,no qualifying grid horizon (<32); not a measured zero horizon,no qualifying grid horizon (<32); not a measured zero horizon,268.951171875,UNIFORM_7,268.951171875,73530,7f24773a066c5b53cb91c90c688eb7def83c8bcb1c44d65563ffa42b192ff7be,0.0,UNIFORM_7,0.0,73530,7f24773a066c5b53cb91c90c688eb7def83c8bcb1c44d65563ffa42b192ff7be
POST_HOC_BUDGET_AUDIT_SAME_TEST,1,UNIFORM_7,128,380858,2975.453125,2744,29626,630,12,MIXED_4_8;MIXED_4_8_TOP2;MIXED_4_8_TOP5;MIXED_6_8_TOP1;MIXED_6_8_TOP4;STOCHASTIC_4;UNIFORM_2;UNIFORM_3;UNIFORM_4;UNIFORM_5;UNIFORM_6;UNIFORM_7,False,"best feasible on the reused TEST sample; not DEV-selected, independent confirmation, or a superiority test","maximize the named metric, then RMST; minimize total bytes, then arm name lexicographically",lower-bound or point-estimate ordering does not establish statistical superiority,NOT_MEASURED,7f24773a066c5b53cb91c90c688eb7def83c8bcb1c44d65563ffa42b192ff7be,64,UNIFORM_7,64,380858,7f24773a066c5b53cb91c90c688eb7def83c8bcb1c44d65563ffa42b192ff7be,largest qualifying empirical sample grid horizon,largest qualifying empirical sample grid horizon,64,UNIFORM_7,64,380858,7f24773a066c5b53cb91c90c688eb7def83c8bcb1c44d65563ffa42b192ff7be,simultaneous confidence-supported lower bound >= 64,simultaneous confidence-supported lower bound >= 64,64,UNIFORM_7,64,380858,7f24773a066c5b53cb91c90c688eb7def83c8bcb1c44d65563ffa42b192ff7be,largest qualifying empirical sample grid horizon,largest qualifying empirical sample grid horizon,,,,,,no qualifying grid horizon (<32); not a measured zero horizon,no qualifying grid horizon (<32); not a measured zero horizon,268.951171875,UNIFORM_7,268.951171875,380858,7f24773a066c5b53cb91c90c688eb7def83c8bcb1c44d65563ffa42b192ff7be,0.0,UNIFORM_7,0.0,380858,7f24773a066c5b53cb91c90c688eb7def83c8bcb1c44d65563ffa42b192ff7be
POST_HOC_BUDGET_AUDIT_SAME_TEST,1,UNIFORM_8,1,32754,32754.0,3128,29626,630,13,MIXED_4_8;MIXED_4_8_TOP2;MIXED_4_8_TOP5;MIXED_6_8_TOP1;MIXED_6_8_TOP4;STOCHASTIC_4;UNIFORM_2;UNIFORM_3;UNIFORM_4;UNIFORM_5;UNIFORM_6;UNIFORM_7;UNIFORM_8,False,"best feasible on the reused TEST sample; not DEV-selected, independent confirmation, or a superiority test","maximize the named metric, then RMST; minimize total bytes, then arm name lexicographically",lower-bound or point-estimate ordering does not establish statistical superiority,NOT_MEASURED,928e61f761e0b50253278a4631ad8cb0943b15fcc043e617b3ac9895931b85e4,64,UNIFORM_8,64,32754,928e61f761e0b50253278a4631ad8cb0943b15fcc043e617b3ac9895931b85e4,largest qualifying empirical sample grid horizon,largest qualifying empirical sample grid horizon,64,UNIFORM_8,64,32754,928e61f761e0b50253278a4631ad8cb0943b15fcc043e617b3ac9895931b85e4,simultaneous confidence-supported lower bound >= 64,simultaneous confidence-supported lower bound >= 64,64,UNIFORM_8,64,32754,928e61f761e0b50253278a4631ad8cb0943b15fcc043e617b3ac9895931b85e4,largest qualifying empirical sample grid horizon,largest qualifying empirical sample grid horizon,,,,,,no qualifying grid horizon (<32); not a measured zero horizon,no qualifying grid horizon (<32); not a measured zero horizon,270.3125,UNIFORM_8,270.3125,32754,928e61f761e0b50253278a4631ad8cb0943b15fcc043e617b3ac9895931b85e4,0.0,UNIFORM_8,0.0,32754,928e61f761e0b50253278a4631ad8cb0943b15fcc043e617b3ac9895931b85e4
POST_HOC_BUDGET_AUDIT_SAME_TEST,1,UNIFORM_8,16,79674,4979.625,3128,29626,630,14,MIXED_4_8;MIXED_4_8_TOP2;MIXED_4_8_TOP5;MIXED_6_8;MIXED_6_8_TOP1;MIXED_6_8_TOP4;STOCHASTIC_4;UNIFORM_2;UNIFORM_3;UNIFORM_4;UNIFORM_5;UNIFORM_6;UNIFORM_7;UNIFORM_8,False,"best feasible on the reused TEST sample; not DEV-selected, independent confirmation, or a superiority test","maximize the named metric, then RMST; minimize total bytes, then arm name lexicographically",lower-bound or point-estimate ordering does not establish statistical superiority,NOT_MEASURED,928e61f761e0b50253278a4631ad8cb0943b15fcc043e617b3ac9895931b85e4,64,MIXED_6_8,64,73935,34ce2c5ff44b3535f259142f5a863e45185b3b9a026a9627485e795f724d8910,largest qualifying empirical sample grid horizon,largest qualifying empirical sample grid horizon,64,MIXED_6_8,64,73935,34ce2c5ff44b3535f259142f5a863e45185b3b9a026a9627485e795f724d8910,simultaneous confidence-supported lower bound >= 64,simultaneous confidence-supported lower bound >= 64,64,MIXED_6_8,64,73935,34ce2c5ff44b3535f259142f5a863e45185b3b9a026a9627485e795f724d8910,largest qualifying empirical sample grid horizon,largest qualifying empirical sample grid horizon,,,,,,no qualifying grid horizon (<32); not a measured zero horizon,no qualifying grid horizon (<32); not a measured zero horizon,270.3125,MIXED_6_8,271.06640625,73935,34ce2c5ff44b3535f259142f5a863e45185b3b9a026a9627485e795f724d8910,0.0,MIXED_6_8,0.0,73935,34ce2c5ff44b3535f259142f5a863e45185b3b9a026a9627485e795f724d8910
POST_HOC_BUDGET_AUDIT_SAME_TEST,1,UNIFORM_8,128,430010,3359.453125,3128,29626,630,14,MIXED_4_8;MIXED_4_8_TOP2;MIXED_4_8_TOP5;MIXED_6_8;MIXED_6_8_TOP1;MIXED_6_8_TOP4;STOCHASTIC_4;UNIFORM_2;UNIFORM_3;UNIFORM_4;UNIFORM_5;UNIFORM_6;UNIFORM_7;UNIFORM_8,False,"best feasible on the reused TEST sample; not DEV-selected, independent confirmation, or a superiority test","maximize the named metric, then RMST; minimize total bytes, then arm name lexicographically",lower-bound or point-estimate ordering does not establish statistical superiority,NOT_MEASURED,928e61f761e0b50253278a4631ad8cb0943b15fcc043e617b3ac9895931b85e4,64,MIXED_6_8,64,381263,34ce2c5ff44b3535f259142f5a863e45185b3b9a026a9627485e795f724d8910,largest qualifying empirical sample grid horizon,largest qualifying empirical sample grid horizon,64,MIXED_6_8,64,381263,34ce2c5ff44b3535f259142f5a863e45185b3b9a026a9627485e795f724d8910,simultaneous confidence-supported lower bound >= 64,simultaneous confidence-supported lower bound >= 64,64,MIXED_6_8,64,381263,34ce2c5ff44b3535f259142f5a863e45185b3b9a026a9627485e795f724d8910,largest qualifying empirical sample grid horizon,largest qualifying empirical sample grid horizon,,,,,,no qualifying grid horizon (<32); not a measured zero horizon,no qualifying grid horizon (<32); not a measured zero horizon,270.3125,MIXED_6_8,271.06640625,381263,34ce2c5ff44b3535f259142f5a863e45185b3b9a026a9627485e795f724d8910,0.0,MIXED_6_8,0.0,381263,34ce2c5ff44b3535f259142f5a863e45185b3b9a026a9627485e795f724d8910
POST_HOC_BUDGET_AUDIT_SAME_TEST,1,UNIFORM_9,1,33138,33138.0,3512,29626,630,15,MIXED_4_8;MIXED_4_8_TOP2;MIXED_4_8_TOP5;MIXED_6_8;MIXED_6_8_TOP1;MIXED_6_8_TOP4;STOCHASTIC_4;UNIFORM_2;UNIFORM_3;UNIFORM_4;UNIFORM_5;UNIFORM_6;UNIFORM_7;UNIFORM_8;UNIFORM_9,False,"best feasible on the reused TEST sample; not DEV-selected, independent confirmation, or a superiority test","maximize the named metric, then RMST; minimize total bytes, then arm name lexicographically",lower-bound or point-estimate ordering does not establish statistical superiority,NOT_MEASURED,a2ec5cfe40b1efa8dca6b1e858e72b78f3d033fa7f6468a5d0e7bc05bc4a5a67,64,UNIFORM_9,64,33138,a2ec5cfe40b1efa8dca6b1e858e72b78f3d033fa7f6468a5d0e7bc05bc4a5a67,largest qualifying empirical sample grid horizon,largest qualifying empirical sample grid horizon,64,UNIFORM_9,64,33138,a2ec5cfe40b1efa8dca6b1e858e72b78f3d033fa7f6468a5d0e7bc05bc4a5a67,simultaneous confidence-supported lower bound >= 64,simultaneous confidence-supported lower bound >= 64,64,UNIFORM_9,64,33138,a2ec5cfe40b1efa8dca6b1e858e72b78f3d033fa7f6468a5d0e7bc05bc4a5a67,largest qualifying empirical sample grid horizon,largest qualifying empirical sample grid horizon,,,,,,no qualifying grid horizon (<32); not a measured zero horizon,no qualifying grid horizon (<32); not a measured zero horizon,272.65625,UNIFORM_9,272.65625,33138,a2ec5cfe40b1efa8dca6b1e858e72b78f3d033fa7f6468a5d0e7bc05bc4a5a67,0.0,UNIFORM_9,0.0,33138,a2ec5cfe40b1efa8dca6b1e858e72b78f3d033fa7f6468a5d0e7bc05bc4a5a67
POST_HOC_BUDGET_AUDIT_SAME_TEST,1,UNIFORM_9,16,85818,5363.625,3512,29626,630,15,MIXED_4_8;MIXED_4_8_TOP2;MIXED_4_8_TOP5;MIXED_6_8;MIXED_6_8_TOP1;MIXED_6_8_TOP4;STOCHASTIC_4;UNIFORM_2;UNIFORM_3;UNIFORM_4;UNIFORM_5;UNIFORM_6;UNIFORM_7;UNIFORM_8;UNIFORM_9,False,"best feasible on the reused TEST sample; not DEV-selected, independent confirmation, or a superiority test","maximize the named metric, then RMST; minimize total bytes, then arm name lexicographically",lower-bound or point-estimate ordering does not establish statistical superiority,NOT_MEASURED,a2ec5cfe40b1efa8dca6b1e858e72b78f3d033fa7f6468a5d0e7bc05bc4a5a67,64,UNIFORM_9,64,85818,a2ec5cfe40b1efa8dca6b1e858e72b78f3d033fa7f6468a5d0e7bc05bc4a5a67,largest qualifying empirical sample grid horizon,largest qualifying empirical sample grid horizon,64,UNIFORM_9,64,85818,a2ec5cfe40b1efa8dca6b1e858e72b78f3d033fa7f6468a5d0e7bc05bc4a5a67,simultaneous confidence-supported lower bound >= 64,simultaneous confidence-supported lower bound >= 64,64,UNIFORM_9,64,85818,a2ec5cfe40b1efa8dca6b1e858e72b78f3d033fa7f6468a5d0e7bc05bc4a5a67,largest qualifying empirical sample grid horizon,largest qualifying empirical sample grid horizon,,,,,,no qualifying grid horizon (<32); not a measured zero horizon,no qualifying grid horizon (<32); not a measured zero horizon,272.65625,UNIFORM_9,272.65625,85818,a2ec5cfe40b1efa8dca6b1e858e72b78f3d033fa7f6468a5d0e7bc05bc4a5a67,0.0,UNIFORM_9,0.0,85818,a2ec5cfe40b1efa8dca6b1e858e72b78f3d033fa7f6468a5d0e7bc05bc4a5a67
POST_HOC_BUDGET_AUDIT_SAME_TEST,1,UNIFORM_9,128,479162,3743.453125,3512,29626,630,15,MIXED_4_8;MIXED_4_8_TOP2;MIXED_4_8_TOP5;MIXED_6_8;MIXED_6_8_TOP1;MIXED_6_8_TOP4;STOCHASTIC_4;UNIFORM_2;UNIFORM_3;UNIFORM_4;UNIFORM_5;UNIFORM_6;UNIFORM_7;UNIFORM_8;UNIFORM_9,False,"best feasible on the reused TEST sample; not DEV-selected, independent confirmation, or a superiority test","maximize the named metric, then RMST; minimize total bytes, then arm name lexicographically",lower-bound or point-estimate ordering does not establish statistical superiority,NOT_MEASURED,a2ec5cfe40b1efa8dca6b1e858e72b78f3d033fa7f6468a5d0e7bc05bc4a5a67,64,UNIFORM_9,64,479162,a2ec5cfe40b1efa8dca6b1e858e72b78f3d033fa7f6468a5d0e7bc05bc4a5a67,largest qualifying empirical sample grid horizon,largest qualifying empirical sample grid horizon,64,UNIFORM_9,64,479162,a2ec5cfe40b1efa8dca6b1e858e72b78f3d033fa7f6468a5d0e7bc05bc4a5a67,simultaneous confidence-supported lower bound >= 64,simultaneous confidence-supported lower bound >= 64,64,UNIFORM_9,64,479162,a2ec5cfe40b1efa8dca6b1e858e72b78f3d033fa7f6468a5d0e7bc05bc4a5a67,largest qualifying empirical sample grid horizon,largest qualifying empirical sample grid horizon,,,,,,no qualifying grid horizon (<32); not a measured zero horizon,no qualifying grid horizon (<32); not a measured zero horizon,272.65625,UNIFORM_9,272.65625,479162,a2ec5cfe40b1efa8dca6b1e858e72b78f3d033fa7f6468a5d0e7bc05bc4a5a67,0.0,UNIFORM_9,0.0,479162,a2ec5cfe40b1efa8dca6b1e858e72b78f3d033fa7f6468a5d0e7bc05bc4a5a67
POST_HOC_BUDGET_AUDIT_SAME_TEST,1,UNTRANSPORTED_4_4,1,33112,33112.0,3176,29936,630,14,MIXED_4_8;MIXED_4_8_TOP2;MIXED_4_8_TOP5;MIXED_6_8;MIXED_6_8_TOP1;MIXED_6_8_TOP4;STOCHASTIC_4;UNIFORM_2;UNIFORM_3;UNIFORM_4;UNIFORM_5;UNIFORM_6;UNIFORM_7;UNIFORM_8,False,"best feasible on the reused TEST sample; not DEV-selected, independent confirmation, or a superiority test","maximize the named metric, then RMST; minimize total bytes, then arm name lexicographically",lower-bound or point-estimate ordering does not establish statistical superiority,NOT_MEASURED,193ab5740fa75705791d9cb27cb3693447e00a36d9568c121f70937c1126b0cb,,MIXED_6_8,64,32775,34ce2c5ff44b3535f259142f5a863e45185b3b9a026a9627485e795f724d8910,no qualifying grid horizon (<32); not a measured zero horizon,largest qualifying empirical sample grid horizon,,MIXED_6_8,64,32775,34ce2c5ff44b3535f259142f5a863e45185b3b9a026a9627485e795f724d8910,no qualifying grid horizon (<32); not a measured zero horizon,simultaneous confidence-supported lower bound >= 64,,MIXED_6_8,64,32775,34ce2c5ff44b3535f259142f5a863e45185b3b9a026a9627485e795f724d8910,no qualifying grid horizon (<32); not a measured zero horizon,largest qualifying empirical sample grid horizon,,,,,,no qualifying grid horizon (<32); not a measured zero horizon,no qualifying grid horizon (<32); not a measured zero horizon,63.3828125,MIXED_6_8,271.06640625,32775,34ce2c5ff44b3535f259142f5a863e45185b3b9a026a9627485e795f724d8910,0.0,MIXED_6_8,0.0,32775,34ce2c5ff44b3535f259142f5a863e45185b3b9a026a9627485e795f724d8910
POST_HOC_BUDGET_AUDIT_SAME_TEST,1,UNTRANSPORTED_4_4,16,80752,5047.0,3176,29936,630,14,MIXED_4_8;MIXED_4_8_TOP2;MIXED_4_8_TOP5;MIXED_6_8;MIXED_6_8_TOP1;MIXED_6_8_TOP4;STOCHASTIC_4;UNIFORM_2;UNIFORM_3;UNIFORM_4;UNIFORM_5;UNIFORM_6;UNIFORM_7;UNIFORM_8,False,"best feasible on the reused TEST sample; not DEV-selected, independent confirmation, or a superiority test","maximize the named metric, then RMST; minimize total bytes, then arm name lexicographically",lower-bound or point-estimate ordering does not establish statistical superiority,NOT_MEASURED,193ab5740fa75705791d9cb27cb3693447e00a36d9568c121f70937c1126b0cb,,MIXED_6_8,64,73935,34ce2c5ff44b3535f259142f5a863e45185b3b9a026a9627485e795f724d8910,no qualifying grid horizon (<32); not a measured zero horizon,largest qualifying empirical sample grid horizon,,MIXED_6_8,64,73935,34ce2c5ff44b3535f259142f5a863e45185b3b9a026a9627485e795f724d8910,no qualifying grid horizon (<32); not a measured zero horizon,simultaneous confidence-supported lower bound >= 64,,MIXED_6_8,64,73935,34ce2c5ff44b3535f259142f5a863e45185b3b9a026a9627485e795f724d8910,no qualifying grid horizon (<32); not a measured zero horizon,largest qualifying empirical sample grid horizon,,,,,,no qualifying grid horizon (<32); not a measured zero horizon,no qualifying grid horizon (<32); not a measured zero horizon,63.3828125,MIXED_6_8,271.06640625,73935,34ce2c5ff44b3535f259142f5a863e45185b3b9a026a9627485e795f724d8910,0.0,MIXED_6_8,0.0,73935,34ce2c5ff44b3535f259142f5a863e45185b3b9a026a9627485e795f724d8910
POST_HOC_BUDGET_AUDIT_SAME_TEST,1,UNTRANSPORTED_4_4,128,436464,3409.875,3176,29936,630,14,MIXED_4_8;MIXED_4_8_TOP2;MIXED_4_8_TOP5;MIXED_6_8;MIXED_6_8_TOP1;MIXED_6_8_TOP4;STOCHASTIC_4;UNIFORM_2;UNIFORM_3;UNIFORM_4;UNIFORM_5;UNIFORM_6;UNIFORM_7;UNIFORM_8,False,"best feasible on the reused TEST sample; not DEV-selected, independent confirmation, or a superiority test","maximize the named metric, then RMST; minimize total bytes, then arm name lexicographically",lower-bound or point-estimate ordering does not establish statistical superiority,NOT_MEASURED,193ab5740fa75705791d9cb27cb3693447e00a36d9568c121f70937c1126b0cb,,MIXED_6_8,64,381263,34ce2c5ff44b3535f259142f5a863e45185b3b9a026a9627485e795f724d8910,no qualifying grid horizon (<32); not a measured zero horizon,largest qualifying empirical sample grid horizon,,MIXED_6_8,64,381263,34ce2c5ff44b3535f259142f5a863e45185b3b9a026a9627485e795f724d8910,no qualifying grid horizon (<32); not a measured zero horizon,simultaneous confidence-supported lower bound >= 64,,MIXED_6_8,64,381263,34ce2c5ff44b3535f259142f5a863e45185b3b9a026a9627485e795f724d8910,no qualifying grid horizon (<32); not a measured zero horizon,largest qualifying empirical sample grid horizon,,,,,,no qualifying grid horizon (<32); not a measured zero horizon,no qualifying grid horizon (<32); not a measured zero horizon,63.3828125,MIXED_6_8,271.06640625,381263,34ce2c5ff44b3535f259142f5a863e45185b3b9a026a9627485e795f724d8910,0.0,MIXED_6_8,0.0,381263,34ce2c5ff44b3535f259142f5a863e45185b3b9a026a9627485e795f724d8910
POST_HOC_BUDGET_AUDIT_SAME_TEST,2,FULL_RESIDUAL_4_4,1,33110,33110.0,3176,29934,630,14,MIXED_4_8;MIXED_4_8_TOP2;MIXED_4_8_TOP5;MIXED_6_8;MIXED_6_8_TOP1;MIXED_6_8_TOP4;STOCHASTIC_4;UNIFORM_2;UNIFORM_3;UNIFORM_4;UNIFORM_5;UNIFORM_6;UNIFORM_7;UNIFORM_8,False,"best feasible on the reused TEST sample; not DEV-selected, independent confirmation, or a superiority test","maximize the named metric, then RMST; minimize total bytes, then arm name lexicographically",lower-bound or point-estimate ordering does not establish statistical superiority,NOT_MEASURED,f99ecee29756dd9d969314bd55a44fcecc51b953d838df94134e04866950cf8c,128,UNIFORM_8,128,32754,a12cb0122c33f0007c3b86c9f2dcf4ea8438c994614d7d8a4fdcda9eda2c4ee8,largest qualifying empirical sample grid horizon,largest qualifying empirical sample grid horizon,64,UNIFORM_8,64,32754,a12cb0122c33f0007c3b86c9f2dcf4ea8438c994614d7d8a4fdcda9eda2c4ee8,simultaneous confidence-supported lower bound >= 64,simultaneous confidence-supported lower bound >= 64,64,UNIFORM_8,64,32754,a12cb0122c33f0007c3b86c9f2dcf4ea8438c994614d7d8a4fdcda9eda2c4ee8,largest qualifying empirical sample grid horizon,largest qualifying empirical sample grid horizon,,,,,,no qualifying grid horizon (<32); not a measured zero horizon,no qualifying grid horizon (<32); not a measured zero horizon,238.890625,UNIFORM_8,239.6171875,32754,a12cb0122c33f0007c3b86c9f2dcf4ea8438c994614d7d8a4fdcda9eda2c4ee8,0.0,UNIFORM_8,0.0,32754,a12cb0122c33f0007c3b86c9f2dcf4ea8438c994614d7d8a4fdcda9eda2c4ee8
POST_HOC_BUDGET_AUDIT_SAME_TEST,2,FULL_RESIDUAL_4_4,16,80750,5046.875,3176,29934,630,14,MIXED_4_8;MIXED_4_8_TOP2;MIXED_4_8_TOP5;MIXED_6_8;MIXED_6_8_TOP1;MIXED_6_8_TOP4;STOCHASTIC_4;UNIFORM_2;UNIFORM_3;UNIFORM_4;UNIFORM_5;UNIFORM_6;UNIFORM_7;UNIFORM_8,False,"best feasible on the reused TEST sample; not DEV-selected, independent confirmation, or a superiority test","maximize the named metric, then RMST; minimize total bytes, then arm name lexicographically",lower-bound or point-estimate ordering does not establish statistical superiority,NOT_MEASURED,f99ecee29756dd9d969314bd55a44fcecc51b953d838df94134e04866950cf8c,128,UNIFORM_8,128,79674,a12cb0122c33f0007c3b86c9f2dcf4ea8438c994614d7d8a4fdcda9eda2c4ee8,largest qualifying empirical sample grid horizon,largest qualifying empirical sample grid horizon,64,UNIFORM_8,64,79674,a12cb0122c33f0007c3b86c9f2dcf4ea8438c994614d7d8a4fdcda9eda2c4ee8,simultaneous confidence-supported lower bound >= 64,simultaneous confidence-supported lower bound >= 64,64,UNIFORM_8,64,79674,a12cb0122c33f0007c3b86c9f2dcf4ea8438c994614d7d8a4fdcda9eda2c4ee8,largest qualifying empirical sample grid horizon,largest qualifying empirical sample grid horizon,,,,,,no qualifying grid horizon (<32); not a measured zero horizon,no qualifying grid horizon (<32); not a measured zero horizon,238.890625,UNIFORM_8,239.6171875,79674,a12cb0122c33f0007c3b86c9f2dcf4ea8438c994614d7d8a4fdcda9eda2c4ee8,0.0,UNIFORM_8,0.0,79674,a12cb0122c33f0007c3b86c9f2dcf4ea8438c994614d7d8a4fdcda9eda2c4ee8
POST_HOC_BUDGET_AUDIT_SAME_TEST,2,FULL_RESIDUAL_4_4,128,436462,3409.859375,3176,29934,630,14,MIXED_4_8;MIXED_4_8_TOP2;MIXED_4_8_TOP5;MIXED_6_8;MIXED_6_8_TOP1;MIXED_6_8_TOP4;STOCHASTIC_4;UNIFORM_2;UNIFORM_3;UNIFORM_4;UNIFORM_5;UNIFORM_6;UNIFORM_7;UNIFORM_8,False,"best feasible on the reused TEST sample; not DEV-selected, independent confirmation, or a superiority test","maximize the named metric, then RMST; minimize total bytes, then arm name lexicographically",lower-bound or point-estimate ordering does not establish statistical superiority,NOT_MEASURED,f99ecee29756dd9d969314bd55a44fcecc51b953d838df94134e04866950cf8c,128,UNIFORM_8,128,430010,a12cb0122c33f0007c3b86c9f2dcf4ea8438c994614d7d8a4fdcda9eda2c4ee8,largest qualifying empirical sample grid horizon,largest qualifying empirical sample grid horizon,64,UNIFORM_8,64,430010,a12cb0122c33f0007c3b86c9f2dcf4ea8438c994614d7d8a4fdcda9eda2c4ee8,simultaneous confidence-supported lower bound >= 64,simultaneous confidence-supported lower bound >= 64,64,UNIFORM_8,64,430010,a12cb0122c33f0007c3b86c9f2dcf4ea8438c994614d7d8a4fdcda9eda2c4ee8,largest qualifying empirical sample grid horizon,largest qualifying empirical sample grid horizon,,,,,,no qualifying grid horizon (<32); not a measured zero horizon,no qualifying grid horizon (<32); not a measured zero horizon,238.890625,UNIFORM_8,239.6171875,430010,a12cb0122c33f0007c3b86c9f2dcf4ea8438c994614d7d8a4fdcda9eda2c4ee8,0.0,UNIFORM_8,0.0,430010,a12cb0122c33f0007c3b86c9f2dcf4ea8438c994614d7d8a4fdcda9eda2c4ee8
POST_HOC_BUDGET_AUDIT_SAME_TEST,2,FULL_RESIDUAL_4_8,1,34646,34646.0,4712,29934,630,18,MIXED_4_8;MIXED_4_8_TOP2;MIXED_4_8_TOP5;MIXED_6_8;MIXED_6_8_TOP1;MIXED_6_8_TOP4;STOCHASTIC_4;UNIFORM_10;UNIFORM_11;UNIFORM_12;UNIFORM_2;UNIFORM_3;UNIFORM_4;UNIFORM_5;UNIFORM_6;UNIFORM_7;UNIFORM_8;UNIFORM_9,False,"best feasible on the reused TEST sample; not DEV-selected, independent confirmation, or a superiority test","maximize the named metric, then RMST; minimize total bytes, then arm name lexicographically",lower-bound or point-estimate ordering does not establish statistical superiority,NOT_MEASURED,6eb18f6930ac5c5d1ce9540349aef83d3073885e6e7cb8e7c6e058f1677ff68a,128,UNIFORM_9,128,33138,ebbff77c1454d7c71602e64647965b76dbcc4d01681b7ffeb94f765627658c97,largest qualifying empirical sample grid horizon,largest qualifying empirical sample grid horizon,64,UNIFORM_9,64,33138,ebbff77c1454d7c71602e64647965b76dbcc4d01681b7ffeb94f765627658c97,simultaneous confidence-supported lower bound >= 64,simultaneous confidence-supported lower bound >= 64,64,UNIFORM_9,64,33138,ebbff77c1454d7c71602e64647965b76dbcc4d01681b7ffeb94f765627658c97,largest qualifying empirical sample grid horizon,largest qualifying empirical sample grid horizon,,,,,,no qualifying grid horizon (<32); not a measured zero horizon,no qualifying grid horizon (<32); not a measured zero horizon,240.158203125,UNIFORM_9,239.994140625,33138,ebbff77c1454d7c71602e64647965b76dbcc4d01681b7ffeb94f765627658c97,0.0,UNIFORM_9,0.0,33138,ebbff77c1454d7c71602e64647965b76dbcc4d01681b7ffeb94f765627658c97
POST_HOC_BUDGET_AUDIT_SAME_TEST,2,FULL_RESIDUAL_4_8,16,105326,6582.875,4712,29934,630,18,MIXED_4_8;MIXED_4_8_TOP2;MIXED_4_8_TOP5;MIXED_6_8;MIXED_6_8_TOP1;MIXED_6_8_TOP4;STOCHASTIC_4;UNIFORM_10;UNIFORM_11;UNIFORM_12;UNIFORM_2;UNIFORM_3;UNIFORM_4;UNIFORM_5;UNIFORM_6;UNIFORM_7;UNIFORM_8;UNIFORM_9,False,"best feasible on the reused TEST sample; not DEV-selected, independent confirmation, or a superiority test","maximize the named metric, then RMST; minimize total bytes, then arm name lexicographically",lower-bound or point-estimate ordering does not establish statistical superiority,NOT_MEASURED,6eb18f6930ac5c5d1ce9540349aef83d3073885e6e7cb8e7c6e058f1677ff68a,128,UNIFORM_9,128,85818,ebbff77c1454d7c71602e64647965b76dbcc4d01681b7ffeb94f765627658c97,largest qualifying empirical sample grid horizon,largest qualifying empirical sample grid horizon,64,UNIFORM_9,64,85818,ebbff77c1454d7c71602e64647965b76dbcc4d01681b7ffeb94f765627658c97,simultaneous confidence-supported lower bound >= 64,simultaneous confidence-supported lower bound >= 64,64,UNIFORM_9,64,85818,ebbff77c1454d7c71602e64647965b76dbcc4d01681b7ffeb94f765627658c97,largest qualifying empirical sample grid horizon,largest qualifying empirical sample grid horizon,,,,,,no qualifying grid horizon (<32); not a measured zero horizon,no qualifying grid horizon (<32); not a measured zero horizon,240.158203125,UNIFORM_9,239.994140625,85818,ebbff77c1454d7c71602e64647965b76dbcc4d01681b7ffeb94f765627658c97,0.0,UNIFORM_9,0.0,85818,ebbff77c1454d7c71602e64647965b76dbcc4d01681b7ffeb94f765627658c97
POST_HOC_BUDGET_AUDIT_SAME_TEST,2,FULL_RESIDUAL_4_8,128,633070,4945.859375,4712,29934,630,18,MIXED_4_8;MIXED_4_8_TOP2;MIXED_4_8_TOP5;MIXED_6_8;MIXED_6_8_TOP1;MIXED_6_8_TOP4;STOCHASTIC_4;UNIFORM_10;UNIFORM_11;UNIFORM_12;UNIFORM_2;UNIFORM_3;UNIFORM_4;UNIFORM_5;UNIFORM_6;UNIFORM_7;UNIFORM_8;UNIFORM_9,False,"best feasible on the reused TEST sample; not DEV-selected, independent confirmation, or a superiority test","maximize the named metric, then RMST; minimize total bytes, then arm name lexicographically",lower-bound or point-estimate ordering does not establish statistical superiority,NOT_MEASURED,6eb18f6930ac5c5d1ce9540349aef83d3073885e6e7cb8e7c6e058f1677ff68a,128,UNIFORM_9,128,479162,ebbff77c1454d7c71602e64647965b76dbcc4d01681b7ffeb94f765627658c97,largest qualifying empirical sample grid horizon,largest qualifying empirical sample grid horizon,64,UNIFORM_9,64,479162,ebbff77c1454d7c71602e64647965b76dbcc4d01681b7ffeb94f765627658c97,simultaneous confidence-supported lower bound >= 64,simultaneous confidence-supported lower bound >= 64,64,UNIFORM_9,64,479162,ebbff77c1454d7c71602e64647965b76dbcc4d01681b7ffeb94f765627658c97,largest qualifying empirical sample grid horizon,largest qualifying empirical sample grid horizon,,,,,,no qualifying grid horizon (<32); not a measured zero horizon,no qualifying grid horizon (<32); not a measured zero horizon,240.158203125,UNIFORM_9,239.994140625,479162,ebbff77c1454d7c71602e64647965b76dbcc4d01681b7ffeb94f765627658c97,0.0,UNIFORM_9,0.0,479162,ebbff77c1454d7c71602e64647965b76dbcc4d01681b7ffeb94f765627658c97
POST_HOC_BUDGET_AUDIT_SAME_TEST,2,FULL_RESIDUAL_4_FP32,1,43598,43598.0,13880,29718,630,23,MIXED_4_8;MIXED_4_8_TOP2;MIXED_4_8_TOP5;MIXED_6_8;MIXED_6_8_TOP1;MIXED_6_8_TOP4;NATIVE_FP32;STOCHASTIC_4;UNIFORM_10;UNIFORM_11;UNIFORM_12;UNIFORM_13;UNIFORM_14;UNIFORM_15;UNIFORM_16;UNIFORM_2;UNIFORM_3;UNIFORM_4;UNIFORM_5;UNIFORM_6;UNIFORM_7;UNIFORM_8;UNIFORM_9,True,"best feasible on the reused TEST sample; not DEV-selected, independent confirmation, or a superiority test","maximize the named metric, then RMST; minimize total bytes, then arm name lexicographically",lower-bound or point-estimate ordering does not establish statistical superiority,NOT_MEASURED,87ba8115981db84566f61469263486d9911d54f6651004bc9e7d09418c2aa592,128,UNIFORM_14,128,35059,3733dbe08ca89b54e70c6d86b6c7656aa29134038961908f58c32d59a909d428,largest qualifying empirical sample grid horizon,largest qualifying empirical sample grid horizon,64,UNIFORM_14,64,35059,3733dbe08ca89b54e70c6d86b6c7656aa29134038961908f58c32d59a909d428,simultaneous confidence-supported lower bound >= 64,simultaneous confidence-supported lower bound >= 64,64,UNIFORM_14,64,35059,3733dbe08ca89b54e70c6d86b6c7656aa29134038961908f58c32d59a909d428,largest qualifying empirical sample grid horizon,largest qualifying empirical sample grid horizon,,,,,,no qualifying grid horizon (<32); not a measured zero horizon,no qualifying grid horizon (<32); not a measured zero horizon,239.865234375,UNIFORM_14,240.02734375,35059,3733dbe08ca89b54e70c6d86b6c7656aa29134038961908f58c32d59a909d428,0.0,UNIFORM_14,0.0,35059,3733dbe08ca89b54e70c6d86b6c7656aa29134038961908f58c32d59a909d428
POST_HOC_BUDGET_AUDIT_SAME_TEST,2,FULL_RESIDUAL_4_FP32,16,251798,15737.375,13880,29718,630,23,MIXED_4_8;MIXED_4_8_TOP2;MIXED_4_8_TOP5;MIXED_6_8;MIXED_6_8_TOP1;MIXED_6_8_TOP4;NATIVE_FP32;STOCHASTIC_4;UNIFORM_10;UNIFORM_11;UNIFORM_12;UNIFORM_13;UNIFORM_14;UNIFORM_15;UNIFORM_16;UNIFORM_2;UNIFORM_3;UNIFORM_4;UNIFORM_5;UNIFORM_6;UNIFORM_7;UNIFORM_8;UNIFORM_9,True,"best feasible on the reused TEST sample; not DEV-selected, independent confirmation, or a superiority test","maximize the named metric, then RMST; minimize total bytes, then arm name lexicographically",lower-bound or point-estimate ordering does not establish statistical superiority,NOT_MEASURED,87ba8115981db84566f61469263486d9911d54f6651004bc9e7d09418c2aa592,128,UNIFORM_14,128,116539,3733dbe08ca89b54e70c6d86b6c7656aa29134038961908f58c32d59a909d428,largest qualifying empirical sample grid horizon,largest qualifying empirical sample grid horizon,64,UNIFORM_14,64,116539,3733dbe08ca89b54e70c6d86b6c7656aa29134038961908f58c32d59a909d428,simultaneous confidence-supported lower bound >= 64,simultaneous confidence-supported lower bound >= 64,64,UNIFORM_14,64,116539,3733dbe08ca89b54e70c6d86b6c7656aa29134038961908f58c32d59a909d428,largest qualifying empirical sample grid horizon,largest qualifying empirical sample grid horizon,,,,,,no qualifying grid horizon (<32); not a measured zero horizon,no qualifying grid horizon (<32); not a measured zero horizon,239.865234375,UNIFORM_14,240.02734375,116539,3733dbe08ca89b54e70c6d86b6c7656aa29134038961908f58c32d59a909d428,0.0,UNIFORM_14,0.0,116539,3733dbe08ca89b54e70c6d86b6c7656aa29134038961908f58c32d59a909d428
POST_HOC_BUDGET_AUDIT_SAME_TEST,2,FULL_RESIDUAL_4_FP32,128,1806358,14112.171875,13880,29718,630,23,MIXED_4_8;MIXED_4_8_TOP2;MIXED_4_8_TOP5;MIXED_6_8;MIXED_6_8_TOP1;MIXED_6_8_TOP4;NATIVE_FP32;STOCHASTIC_4;UNIFORM_10;UNIFORM_11;UNIFORM_12;UNIFORM_13;UNIFORM_14;UNIFORM_15;UNIFORM_16;UNIFORM_2;UNIFORM_3;UNIFORM_4;UNIFORM_5;UNIFORM_6;UNIFORM_7;UNIFORM_8;UNIFORM_9,True,"best feasible on the reused TEST sample; not DEV-selected, independent confirmation, or a superiority test","maximize the named metric, then RMST; minimize total bytes, then arm name lexicographically",lower-bound or point-estimate ordering does not establish statistical superiority,NOT_MEASURED,87ba8115981db84566f61469263486d9911d54f6651004bc9e7d09418c2aa592,128,UNIFORM_14,128,724923,3733dbe08ca89b54e70c6d86b6c7656aa29134038961908f58c32d59a909d428,largest qualifying empirical sample grid horizon,largest qualifying empirical sample grid horizon,64,UNIFORM_14,64,724923,3733dbe08ca89b54e70c6d86b6c7656aa29134038961908f58c32d59a909d428,simultaneous confidence-supported lower bound >= 64,simultaneous confidence-supported lower bound >= 64,64,UNIFORM_14,64,724923,3733dbe08ca89b54e70c6d86b6c7656aa29134038961908f58c32d59a909d428,largest qualifying empirical sample grid horizon,largest qualifying empirical sample grid horizon,,,,,,no qualifying grid horizon (<32); not a measured zero horizon,no qualifying grid horizon (<32); not a measured zero horizon,239.865234375,UNIFORM_14,240.02734375,724923,3733dbe08ca89b54e70c6d86b6c7656aa29134038961908f58c32d59a909d428,0.0,UNIFORM_14,0.0,724923,3733dbe08ca89b54e70c6d86b6c7656aa29134038961908f58c32d59a909d428
POST_HOC_BUDGET_AUDIT_SAME_TEST,2,LOWRANK_4_8_R1,1,32539,32539.0,1832,30707,630,11,MIXED_4_8;MIXED_4_8_TOP2;MIXED_4_8_TOP5;MIXED_6_8_TOP1;STOCHASTIC_4;UNIFORM_2;UNIFORM_3;UNIFORM_4;UNIFORM_5;UNIFORM_6;UNIFORM_7,False,"best feasible on the reused TEST sample; not DEV-selected, independent confirmation, or a superiority test","maximize the named metric, then RMST; minimize total bytes, then arm name lexicographically",lower-bound or point-estimate ordering does not establish statistical superiority,NOT_MEASURED,60b099b6a21b9779a8723b06993cd8324949528d562027b78d031700bb022db7,64,UNIFORM_7,128,32370,73ef30bef1a13cbbef4895486f9ae8d413b2f9696b936a685f5e36c8df26789b,largest qualifying empirical sample grid horizon,largest qualifying empirical sample grid horizon,64,UNIFORM_7,64,32370,73ef30bef1a13cbbef4895486f9ae8d413b2f9696b936a685f5e36c8df26789b,simultaneous confidence-supported lower bound >= 64,simultaneous confidence-supported lower bound >= 64,64,UNIFORM_7,64,32370,73ef30bef1a13cbbef4895486f9ae8d413b2f9696b936a685f5e36c8df26789b,largest qualifying empirical sample grid horizon,largest qualifying empirical sample grid horizon,,,,,,no qualifying grid horizon (<32); not a measured zero horizon,no qualifying grid horizon (<32); not a measured zero horizon,208.70703125,UNIFORM_7,236.35546875,32370,73ef30bef1a13cbbef4895486f9ae8d413b2f9696b936a685f5e36c8df26789b,0.0,UNIFORM_7,0.0,32370,73ef30bef1a13cbbef4895486f9ae8d413b2f9696b936a685f5e36c8df26789b
POST_HOC_BUDGET_AUDIT_SAME_TEST,2,LOWRANK_4_8_R1,16,60019,3751.1875,1832,30707,630,5,MIXED_4_8_TOP2;STOCHASTIC_4;UNIFORM_2;UNIFORM_3;UNIFORM_4,False,"best feasible on the reused TEST sample; not DEV-selected, independent confirmation, or a superiority test","maximize the named metric, then RMST; minimize total bytes, then arm name lexicographically",lower-bound or point-estimate ordering does not establish statistical superiority,NOT_MEASURED,60b099b6a21b9779a8723b06993cd8324949528d562027b78d031700bb022db7,64,MIXED_4_8_TOP2,128,58575,3ea297c593608d1407c6d4258ee745eb58b2c8944bf6b61450e7cf4d1d7a8987,largest qualifying empirical sample grid horizon,largest qualifying empirical sample grid horizon,64,MIXED_4_8_TOP2,64,58575,3ea297c593608d1407c6d4258ee745eb58b2c8944bf6b61450e7cf4d1d7a8987,simultaneous confidence-supported lower bound >= 64,simultaneous confidence-supported lower bound >= 64,64,MIXED_4_8_TOP2,64,58575,3ea297c593608d1407c6d4258ee745eb58b2c8944bf6b61450e7cf4d1d7a8987,largest qualifying empirical sample grid horizon,largest qualifying empirical sample grid horizon,,,,,,no qualifying grid horizon (<32); not a measured zero horizon,no qualifying grid horizon (<32); not a measured zero horizon,208.70703125,MIXED_4_8_TOP2,211.552734375,58575,3ea297c593608d1407c6d4258ee745eb58b2c8944bf6b61450e7cf4d1d7a8987,0.0,MIXED_4_8_TOP2,0.0,58575,3ea297c593608d1407c6d4258ee745eb58b2c8944bf6b61450e7cf4d1d7a8987
POST_HOC_BUDGET_AUDIT_SAME_TEST,2,LOWRANK_4_8_R1,128,265203,2071.8984375,1832,30707,630,5,MIXED_4_8_TOP2;STOCHASTIC_4;UNIFORM_2;UNIFORM_3;UNIFORM_4,False,"best feasible on the reused TEST sample; not DEV-selected, independent confirmation, or a superiority test","maximize the named metric, then RMST; minimize total bytes, then arm name lexicographically",lower-bound or point-estimate ordering does not establish statistical superiority,NOT_MEASURED,60b099b6a21b9779a8723b06993cd8324949528d562027b78d031700bb022db7,64,MIXED_4_8_TOP2,128,258383,3ea297c593608d1407c6d4258ee745eb58b2c8944bf6b61450e7cf4d1d7a8987,largest qualifying empirical sample grid horizon,largest qualifying empirical sample grid horizon,64,MIXED_4_8_TOP2,64,258383,3ea297c593608d1407c6d4258ee745eb58b2c8944bf6b61450e7cf4d1d7a8987,simultaneous confidence-supported lower bound >= 64,simultaneous confidence-supported lower bound >= 64,64,MIXED_4_8_TOP2,64,258383,3ea297c593608d1407c6d4258ee745eb58b2c8944bf6b61450e7cf4d1d7a8987,largest qualifying empirical sample grid horizon,largest qualifying empirical sample grid horizon,,,,,,no qualifying grid horizon (<32); not a measured zero horizon,no qualifying grid horizon (<32); not a measured zero horizon,208.70703125,MIXED_4_8_TOP2,211.552734375,258383,3ea297c593608d1407c6d4258ee745eb58b2c8944bf6b61450e7cf4d1d7a8987,0.0,MIXED_4_8_TOP2,0.0,258383,3ea297c593608d1407c6d4258ee745eb58b2c8944bf6b61450e7cf4d1d7a8987
POST_HOC_BUDGET_AUDIT_SAME_TEST,2,LOWRANK_4_8_R2,1,33499,33499.0,2024,31475,630,15,MIXED_4_8;MIXED_4_8_TOP2;MIXED_4_8_TOP5;MIXED_6_8;MIXED_6_8_TOP1;MIXED_6_8_TOP4;STOCHASTIC_4;UNIFORM_2;UNIFORM_3;UNIFORM_4;UNIFORM_5;UNIFORM_6;UNIFORM_7;UNIFORM_8;UNIFORM_9,False,"best feasible on the reused TEST sample; not DEV-selected, independent confirmation, or a superiority test","maximize the named metric, then RMST; minimize total bytes, then arm name lexicographically",lower-bound or point-estimate ordering does not establish statistical superiority,NOT_MEASURED,313439089ed9abf4fad262f3c2d71d0e237357ed811eaf0eb63b84113df46e51,128,UNIFORM_9,128,33138,ebbff77c1454d7c71602e64647965b76dbcc4d01681b7ffeb94f765627658c97,largest qualifying empirical sample grid horizon,largest qualifying empirical sample grid horizon,64,UNIFORM_9,64,33138,ebbff77c1454d7c71602e64647965b76dbcc4d01681b7ffeb94f765627658c97,simultaneous confidence-supported lower bound >= 64,simultaneous confidence-supported lower bound >= 64,64,UNIFORM_9,64,33138,ebbff77c1454d7c71602e64647965b76dbcc4d01681b7ffeb94f765627658c97,largest qualifying empirical sample grid horizon,largest qualifying empirical sample grid horizon,,,,,,no qualifying grid horizon (<32); not a measured zero horizon,no qualifying grid horizon (<32); not a measured zero horizon,236.765625,UNIFORM_9,239.994140625,33138,ebbff77c1454d7c71602e64647965b76dbcc4d01681b7ffeb94f765627658c97,0.0,UNIFORM_9,0.0,33138,ebbff77c1454d7c71602e64647965b76dbcc4d01681b7ffeb94f765627658c97
POST_HOC_BUDGET_AUDIT_SAME_TEST,2,LOWRANK_4_8_R2,16,63859,3991.1875,2024,31475,630,8,MIXED_4_8;MIXED_4_8_TOP2;MIXED_4_8_TOP5;STOCHASTIC_4;UNIFORM_2;UNIFORM_3;UNIFORM_4;UNIFORM_5,False,"best feasible on the reused TEST sample; not DEV-selected, independent confirmation, or a superiority test","maximize the named metric, then RMST; minimize total bytes, then arm name lexicographically",lower-bound or point-estimate ordering does not establish statistical superiority,NOT_MEASURED,313439089ed9abf4fad262f3c2d71d0e237357ed811eaf0eb63b84113df46e51,128,UNIFORM_5,128,61242,63d35a47ee996398ecdb807e806b46d4956dfbf2e7fe1c4da93392357c8094c2,largest qualifying empirical sample grid horizon,largest qualifying empirical sample grid horizon,64,UNIFORM_5,64,61242,63d35a47ee996398ecdb807e806b46d4956dfbf2e7fe1c4da93392357c8094c2,simultaneous confidence-supported lower bound >= 64,simultaneous confidence-supported lower bound >= 64,64,UNIFORM_5,64,61242,63d35a47ee996398ecdb807e806b46d4956dfbf2e7fe1c4da93392357c8094c2,largest qualifying empirical sample grid horizon,largest qualifying empirical sample grid horizon,,,,,,no qualifying grid horizon (<32); not a measured zero horizon,no qualifying grid horizon (<32); not a measured zero horizon,236.765625,UNIFORM_5,226.484375,61242,63d35a47ee996398ecdb807e806b46d4956dfbf2e7fe1c4da93392357c8094c2,0.0,UNIFORM_5,0.0,61242,63d35a47ee996398ecdb807e806b46d4956dfbf2e7fe1c4da93392357c8094c2
POST_HOC_BUDGET_AUDIT_SAME_TEST,2,LOWRANK_4_8_R2,128,290547,2269.8984375,2024,31475,630,7,MIXED_4_8;MIXED_4_8_TOP2;STOCHASTIC_4;UNIFORM_2;UNIFORM_3;UNIFORM_4;UNIFORM_5,False,"best feasible on the reused TEST sample; not DEV-selected, independent confirmation, or a superiority test","maximize the named metric, then RMST; minimize total bytes, then arm name lexicographically",lower-bound or point-estimate ordering does not establish statistical superiority,NOT_MEASURED,313439089ed9abf4fad262f3c2d71d0e237357ed811eaf0eb63b84113df46e51,128,UNIFORM_5,128,282554,63d35a47ee996398ecdb807e806b46d4956dfbf2e7fe1c4da93392357c8094c2,largest qualifying empirical sample grid horizon,largest qualifying empirical sample grid horizon,64,UNIFORM_5,64,282554,63d35a47ee996398ecdb807e806b46d4956dfbf2e7fe1c4da93392357c8094c2,simultaneous confidence-supported lower bound >= 64,simultaneous confidence-supported lower bound >= 64,64,UNIFORM_5,64,282554,63d35a47ee996398ecdb807e806b46d4956dfbf2e7fe1c4da93392357c8094c2,largest qualifying empirical sample grid horizon,largest qualifying empirical sample grid horizon,,,,,,no qualifying grid horizon (<32); not a measured zero horizon,no qualifying grid horizon (<32); not a measured zero horizon,236.765625,UNIFORM_5,226.484375,282554,63d35a47ee996398ecdb807e806b46d4956dfbf2e7fe1c4da93392357c8094c2,0.0,UNIFORM_5,0.0,282554,63d35a47ee996398ecdb807e806b46d4956dfbf2e7fe1c4da93392357c8094c2
POST_HOC_BUDGET_AUDIT_SAME_TEST,2,LOWRANK_4_8_R4,1,35419,35419.0,2408,33011,630,20,MIXED_4_8;MIXED_4_8_TOP2;MIXED_4_8_TOP5;MIXED_6_8;MIXED_6_8_TOP1;MIXED_6_8_TOP4;STOCHASTIC_4;UNIFORM_10;UNIFORM_11;UNIFORM_12;UNIFORM_13;UNIFORM_14;UNIFORM_2;UNIFORM_3;UNIFORM_4;UNIFORM_5;UNIFORM_6;UNIFORM_7;UNIFORM_8;UNIFORM_9,False,"best feasible on the reused TEST sample; not DEV-selected, independent confirmation, or a superiority test","maximize the named metric, then RMST; minimize total bytes, then arm name lexicographically",lower-bound or point-estimate ordering does not establish statistical superiority,NOT_MEASURED,d155eee64ce95fc6722f2359be010a804fd56a93f3a1e28bc38310615a61ddde,128,UNIFORM_14,128,35059,3733dbe08ca89b54e70c6d86b6c7656aa29134038961908f58c32d59a909d428,largest qualifying empirical sample grid horizon,largest qualifying empirical sample grid horizon,64,UNIFORM_14,64,35059,3733dbe08ca89b54e70c6d86b6c7656aa29134038961908f58c32d59a909d428,simultaneous confidence-supported lower bound >= 64,simultaneous confidence-supported lower bound >= 64,64,UNIFORM_14,64,35059,3733dbe08ca89b54e70c6d86b6c7656aa29134038961908f58c32d59a909d428,largest qualifying empirical sample grid horizon,largest qualifying empirical sample grid horizon,,,,,,no qualifying grid horizon (<32); not a measured zero horizon,no qualifying grid horizon (<32); not a measured zero horizon,240.888671875,UNIFORM_14,240.02734375,35059,3733dbe08ca89b54e70c6d86b6c7656aa29134038961908f58c32d59a909d428,0.0,UNIFORM_14,0.0,35059,3733dbe08ca89b54e70c6d86b6c7656aa29134038961908f58c32d59a909d428
POST_HOC_BUDGET_AUDIT_SAME_TEST,2,LOWRANK_4_8_R4,16,71539,4471.1875,2408,33011,630,11,MIXED_4_8;MIXED_4_8_TOP2;MIXED_4_8_TOP5;MIXED_6_8_TOP1;MIXED_6_8_TOP4;STOCHASTIC_4;UNIFORM_2;UNIFORM_3;UNIFORM_4;UNIFORM_5;UNIFORM_6,False,"best feasible on the reused TEST sample; not DEV-selected, independent confirmation, or a superiority test","maximize the named metric, then RMST; minimize total bytes, then arm name lexicographically",lower-bound or point-estimate ordering does not establish statistical superiority,NOT_MEASURED,d155eee64ce95fc6722f2359be010a804fd56a93f3a1e28bc38310615a61ddde,128,MIXED_6_8_TOP4,128,70863,e6fcbaba9734d9a22ed6986582f0ec6e1775b75b7ef967433248f07b3cd13dac,largest qualifying empirical sample grid horizon,largest qualifying empirical sample grid horizon,64,MIXED_6_8_TOP4,64,70863,e6fcbaba9734d9a22ed6986582f0ec6e1775b75b7ef967433248f07b3cd13dac,simultaneous confidence-supported lower bound >= 64,simultaneous confidence-supported lower bound >= 64,64,MIXED_6_8_TOP4,64,70863,e6fcbaba9734d9a22ed6986582f0ec6e1775b75b7ef967433248f07b3cd13dac,largest qualifying empirical sample grid horizon,largest qualifying empirical sample grid horizon,,,,,,no qualifying grid horizon (<32); not a measured zero horizon,no qualifying grid horizon (<32); not a measured zero horizon,240.888671875,MIXED_6_8_TOP4,238.98828125,70863,e6fcbaba9734d9a22ed6986582f0ec6e1775b75b7ef967433248f07b3cd13dac,0.0,MIXED_6_8_TOP4,0.0,70863,e6fcbaba9734d9a22ed6986582f0ec6e1775b75b7ef967433248f07b3cd13dac
POST_HOC_BUDGET_AUDIT_SAME_TEST,2,LOWRANK_4_8_R4,128,341235,2665.8984375,2408,33011,630,10,MIXED_4_8;MIXED_4_8_TOP2;MIXED_4_8_TOP5;MIXED_6_8_TOP1;STOCHASTIC_4;UNIFORM_2;UNIFORM_3;UNIFORM_4;UNIFORM_5;UNIFORM_6,False,"best feasible on the reused TEST sample; not DEV-selected, independent confirmation, or a superiority test","maximize the named metric, then RMST; minimize total bytes, then arm name lexicographically",lower-bound or point-estimate ordering does not establish statistical superiority,NOT_MEASURED,d155eee64ce95fc6722f2359be010a804fd56a93f3a1e28bc38310615a61ddde,128,UNIFORM_6,128,331706,d04fdd7d49aeaec80e9ab3ba9d842736014a4009b69d584c8d1147f58ea461ec,largest qualifying empirical sample grid horizon,largest qualifying empirical sample grid horizon,64,UNIFORM_6,64,331706,d04fdd7d49aeaec80e9ab3ba9d842736014a4009b69d584c8d1147f58ea461ec,simultaneous confidence-supported lower bound >= 64,simultaneous confidence-supported lower bound >= 64,64,UNIFORM_6,64,331706,d04fdd7d49aeaec80e9ab3ba9d842736014a4009b69d584c8d1147f58ea461ec,largest qualifying empirical sample grid horizon,largest qualifying empirical sample grid horizon,,,,,,no qualifying grid horizon (<32); not a measured zero horizon,no qualifying grid horizon (<32); not a measured zero horizon,240.888671875,UNIFORM_6,235.453125,331706,d04fdd7d49aeaec80e9ab3ba9d842736014a4009b69d584c8d1147f58ea461ec,0.0,UNIFORM_6,0.0,331706,d04fdd7d49aeaec80e9ab3ba9d842736014a4009b69d584c8d1147f58ea461ec
POST_HOC_BUDGET_AUDIT_SAME_TEST,2,MIXED_4_8,1,32007,32007.0,1976,30031,630,8,MIXED_4_8;MIXED_4_8_TOP2;STOCHASTIC_4;UNIFORM_2;UNIFORM_3;UNIFORM_4;UNIFORM_5;UNIFORM_6,False,"best feasible on the reused TEST sample; not DEV-selected, independent confirmation, or a superiority test","maximize the named metric, then RMST; minimize total bytes, then arm name lexicographically",lower-bound or point-estimate ordering does not establish statistical superiority,NOT_MEASURED,9495ecbe5e371d9a6f8a6463747dbde08f7324fd54389350aff066a8bdb3b8e6,128,UNIFORM_6,128,31986,d04fdd7d49aeaec80e9ab3ba9d842736014a4009b69d584c8d1147f58ea461ec,largest qualifying empirical sample grid horizon,largest qualifying empirical sample grid horizon,64,UNIFORM_6,64,31986,d04fdd7d49aeaec80e9ab3ba9d842736014a4009b69d584c8d1147f58ea461ec,simultaneous confidence-supported lower bound >= 64,simultaneous confidence-supported lower bound >= 64,64,UNIFORM_6,64,31986,d04fdd7d49aeaec80e9ab3ba9d842736014a4009b69d584c8d1147f58ea461ec,largest qualifying empirical sample grid horizon,largest qualifying empirical sample grid horizon,,,,,,no qualifying grid horizon (<32); not a measured zero horizon,no qualifying grid horizon (<32); not a measured zero horizon,217.765625,UNIFORM_6,235.453125,31986,d04fdd7d49aeaec80e9ab3ba9d842736014a4009b69d584c8d1147f58ea461ec,0.0,UNIFORM_6,0.0,31986,d04fdd7d49aeaec80e9ab3ba9d842736014a4009b69d584c8d1147f58ea461ec
POST_HOC_BUDGET_AUDIT_SAME_TEST,2,MIXED_4_8,16,61647,3852.9375,1976,30031,630,7,MIXED_4_8;MIXED_4_8_TOP2;STOCHASTIC_4;UNIFORM_2;UNIFORM_3;UNIFORM_4;UNIFORM_5,False,"best feasible on the reused TEST sample; not DEV-selected, independent confirmation, or a superiority test","maximize the named metric, then RMST; minimize total bytes, then arm name lexicographically",lower-bound or point-estimate ordering does not establish statistical superiority,NOT_MEASURED,9495ecbe5e371d9a6f8a6463747dbde08f7324fd54389350aff066a8bdb3b8e6,128,UNIFORM_5,128,61242,63d35a47ee996398ecdb807e806b46d4956dfbf2e7fe1c4da93392357c8094c2,largest qualifying empirical sample grid horizon,largest qualifying empirical sample grid horizon,64,UNIFORM_5,64,61242,63d35a47ee996398ecdb807e806b46d4956dfbf2e7fe1c4da93392357c8094c2,simultaneous confidence-supported lower bound >= 64,simultaneous confidence-supported lower bound >= 64,64,UNIFORM_5,64,61242,63d35a47ee996398ecdb807e806b46d4956dfbf2e7fe1c4da93392357c8094c2,largest qualifying empirical sample grid horizon,largest qualifying empirical sample grid horizon,,,,,,no qualifying grid horizon (<32); not a measured zero horizon,no qualifying grid horizon (<32); not a measured zero horizon,217.765625,UNIFORM_5,226.484375,61242,63d35a47ee996398ecdb807e806b46d4956dfbf2e7fe1c4da93392357c8094c2,0.0,UNIFORM_5,0.0,61242,63d35a47ee996398ecdb807e806b46d4956dfbf2e7fe1c4da93392357c8094c2
POST_HOC_BUDGET_AUDIT_SAME_TEST,2,MIXED_4_8,128,282959,2210.6171875,1976,30031,630,7,MIXED_4_8;MIXED_4_8_TOP2;STOCHASTIC_4;UNIFORM_2;UNIFORM_3;UNIFORM_4;UNIFORM_5,False,"best feasible on the reused TEST sample; not DEV-selected, independent confirmation, or a superiority test","maximize the named metric, then RMST; minimize total bytes, then arm name lexicographically",lower-bound or point-estimate ordering does not establish statistical superiority,NOT_MEASURED,9495ecbe5e371d9a6f8a6463747dbde08f7324fd54389350aff066a8bdb3b8e6,128,UNIFORM_5,128,282554,63d35a47ee996398ecdb807e806b46d4956dfbf2e7fe1c4da93392357c8094c2,largest qualifying empirical sample grid horizon,largest qualifying empirical sample grid horizon,64,UNIFORM_5,64,282554,63d35a47ee996398ecdb807e806b46d4956dfbf2e7fe1c4da93392357c8094c2,simultaneous confidence-supported lower bound >= 64,simultaneous confidence-supported lower bound >= 64,64,UNIFORM_5,64,282554,63d35a47ee996398ecdb807e806b46d4956dfbf2e7fe1c4da93392357c8094c2,largest qualifying empirical sample grid horizon,largest qualifying empirical sample grid horizon,,,,,,no qualifying grid horizon (<32); not a measured zero horizon,no qualifying grid horizon (<32); not a measured zero horizon,217.765625,UNIFORM_5,226.484375,282554,63d35a47ee996398ecdb807e806b46d4956dfbf2e7fe1c4da93392357c8094c2,0.0,UNIFORM_5,0.0,282554,63d35a47ee996398ecdb807e806b46d4956dfbf2e7fe1c4da93392357c8094c2
POST_HOC_BUDGET_AUDIT_SAME_TEST,2,MIXED_4_8_TOP2,1,31815,31815.0,1784,30031,630,6,MIXED_4_8_TOP2;STOCHASTIC_4;UNIFORM_2;UNIFORM_3;UNIFORM_4;UNIFORM_5,False,"best feasible on the reused TEST sample; not DEV-selected, independent confirmation, or a superiority test","maximize the named metric, then RMST; minimize total bytes, then arm name lexicographically",lower-bound or point-estimate ordering does not establish statistical superiority,NOT_MEASURED,3ea297c593608d1407c6d4258ee745eb58b2c8944bf6b61450e7cf4d1d7a8987,128,UNIFORM_5,128,31602,63d35a47ee996398ecdb807e806b46d4956dfbf2e7fe1c4da93392357c8094c2,largest qualifying empirical sample grid horizon,largest qualifying empirical sample grid horizon,64,UNIFORM_5,64,31602,63d35a47ee996398ecdb807e806b46d4956dfbf2e7fe1c4da93392357c8094c2,simultaneous confidence-supported lower bound >= 64,simultaneous confidence-supported lower bound >= 64,64,UNIFORM_5,64,31602,63d35a47ee996398ecdb807e806b46d4956dfbf2e7fe1c4da93392357c8094c2,largest qualifying empirical sample grid horizon,largest qualifying empirical sample grid horizon,,,,,,no qualifying grid horizon (<32); not a measured zero horizon,no qualifying grid horizon (<32); not a measured zero horizon,211.552734375,UNIFORM_5,226.484375,31602,63d35a47ee996398ecdb807e806b46d4956dfbf2e7fe1c4da93392357c8094c2,0.0,UNIFORM_5,0.0,31602,63d35a47ee996398ecdb807e806b46d4956dfbf2e7fe1c4da93392357c8094c2
POST_HOC_BUDGET_AUDIT_SAME_TEST,2,MIXED_4_8_TOP2,16,58575,3660.9375,1784,30031,630,5,MIXED_4_8_TOP2;STOCHASTIC_4;UNIFORM_2;UNIFORM_3;UNIFORM_4,False,"best feasible on the reused TEST sample; not DEV-selected, independent confirmation, or a superiority test","maximize the named metric, then RMST; minimize total bytes, then arm name lexicographically",lower-bound or point-estimate ordering does not establish statistical superiority,NOT_MEASURED,3ea297c593608d1407c6d4258ee745eb58b2c8944bf6b61450e7cf4d1d7a8987,128,MIXED_4_8_TOP2,128,58575,3ea297c593608d1407c6d4258ee745eb58b2c8944bf6b61450e7cf4d1d7a8987,largest qualifying empirical sample grid horizon,largest qualifying empirical sample grid horizon,64,MIXED_4_8_TOP2,64,58575,3ea297c593608d1407c6d4258ee745eb58b2c8944bf6b61450e7cf4d1d7a8987,simultaneous confidence-supported lower bound >= 64,simultaneous confidence-supported lower bound >= 64,64,MIXED_4_8_TOP2,64,58575,3ea297c593608d1407c6d4258ee745eb58b2c8944bf6b61450e7cf4d1d7a8987,largest qualifying empirical sample grid horizon,largest qualifying empirical sample grid horizon,,,,,,no qualifying grid horizon (<32); not a measured zero horizon,no qualifying grid horizon (<32); not a measured zero horizon,211.552734375,MIXED_4_8_TOP2,211.552734375,58575,3ea297c593608d1407c6d4258ee745eb58b2c8944bf6b61450e7cf4d1d7a8987,0.0,MIXED_4_8_TOP2,0.0,58575,3ea297c593608d1407c6d4258ee745eb58b2c8944bf6b61450e7cf4d1d7a8987
POST_HOC_BUDGET_AUDIT_SAME_TEST,2,MIXED_4_8_TOP2,128,258383,2018.6171875,1784,30031,630,5,MIXED_4_8_TOP2;STOCHASTIC_4;UNIFORM_2;UNIFORM_3;UNIFORM_4,False,"best feasible on the reused TEST sample; not DEV-selected, independent confirmation, or a superiority test","maximize the named metric, then RMST; minimize total bytes, then arm name lexicographically",lower-bound or point-estimate ordering does not establish statistical superiority,NOT_MEASURED,3ea297c593608d1407c6d4258ee745eb58b2c8944bf6b61450e7cf4d1d7a8987,128,MIXED_4_8_TOP2,128,258383,3ea297c593608d1407c6d4258ee745eb58b2c8944bf6b61450e7cf4d1d7a8987,largest qualifying empirical sample grid horizon,largest qualifying empirical sample grid horizon,64,MIXED_4_8_TOP2,64,258383,3ea297c593608d1407c6d4258ee745eb58b2c8944bf6b61450e7cf4d1d7a8987,simultaneous confidence-supported lower bound >= 64,simultaneous confidence-supported lower bound >= 64,64,MIXED_4_8_TOP2,64,258383,3ea297c593608d1407c6d4258ee745eb58b2c8944bf6b61450e7cf4d1d7a8987,largest qualifying empirical sample grid horizon,largest qualifying empirical sample grid horizon,,,,,,no qualifying grid horizon (<32); not a measured zero horizon,no qualifying grid horizon (<32); not a measured zero horizon,211.552734375,MIXED_4_8_TOP2,211.552734375,258383,3ea297c593608d1407c6d4258ee745eb58b2c8944bf6b61450e7cf4d1d7a8987,0.0,MIXED_4_8_TOP2,0.0,258383,3ea297c593608d1407c6d4258ee745eb58b2c8944bf6b61450e7cf4d1d7a8987
POST_HOC_BUDGET_AUDIT_SAME_TEST,2,MIXED_4_8_TOP5,1,32103,32103.0,2072,30031,630,9,MIXED_4_8;MIXED_4_8_TOP2;MIXED_4_8_TOP5;STOCHASTIC_4;UNIFORM_2;UNIFORM_3;UNIFORM_4;UNIFORM_5;UNIFORM_6,False,"best feasible on the reused TEST sample; not DEV-selected, independent confirmation, or a superiority test","maximize the named metric, then RMST; minimize total bytes, then arm name lexicographically",lower-bound or point-estimate ordering does not establish statistical superiority,NOT_MEASURED,161a2a438500c5ed5d196d7819159a6a422e88c306ce3f48167654be2935bb29,128,UNIFORM_6,128,31986,d04fdd7d49aeaec80e9ab3ba9d842736014a4009b69d584c8d1147f58ea461ec,largest qualifying empirical sample grid horizon,largest qualifying empirical sample grid horizon,64,UNIFORM_6,64,31986,d04fdd7d49aeaec80e9ab3ba9d842736014a4009b69d584c8d1147f58ea461ec,simultaneous confidence-supported lower bound >= 64,simultaneous confidence-supported lower bound >= 64,64,UNIFORM_6,64,31986,d04fdd7d49aeaec80e9ab3ba9d842736014a4009b69d584c8d1147f58ea461ec,largest qualifying empirical sample grid horizon,largest qualifying empirical sample grid horizon,,,,,,no qualifying grid horizon (<32); not a measured zero horizon,no qualifying grid horizon (<32); not a measured zero horizon,220.177734375,UNIFORM_6,235.453125,31986,d04fdd7d49aeaec80e9ab3ba9d842736014a4009b69d584c8d1147f58ea461ec,0.0,UNIFORM_6,0.0,31986,d04fdd7d49aeaec80e9ab3ba9d842736014a4009b69d584c8d1147f58ea461ec
POST_HOC_BUDGET_AUDIT_SAME_TEST,2,MIXED_4_8_TOP5,16,63183,3948.9375,2072,30031,630,8,MIXED_4_8;MIXED_4_8_TOP2;MIXED_4_8_TOP5;STOCHASTIC_4;UNIFORM_2;UNIFORM_3;UNIFORM_4;UNIFORM_5,False,"best feasible on the reused TEST sample; not DEV-selected, independent confirmation, or a superiority test","maximize the named metric, then RMST; minimize total bytes, then arm name lexicographically",lower-bound or point-estimate ordering does not establish statistical superiority,NOT_MEASURED,161a2a438500c5ed5d196d7819159a6a422e88c306ce3f48167654be2935bb29,128,UNIFORM_5,128,61242,63d35a47ee996398ecdb807e806b46d4956dfbf2e7fe1c4da93392357c8094c2,largest qualifying empirical sample grid horizon,largest qualifying empirical sample grid horizon,64,UNIFORM_5,64,61242,63d35a47ee996398ecdb807e806b46d4956dfbf2e7fe1c4da93392357c8094c2,simultaneous confidence-supported lower bound >= 64,simultaneous confidence-supported lower bound >= 64,64,UNIFORM_5,64,61242,63d35a47ee996398ecdb807e806b46d4956dfbf2e7fe1c4da93392357c8094c2,largest qualifying empirical sample grid horizon,largest qualifying empirical sample grid horizon,,,,,,no qualifying grid horizon (<32); not a measured zero horizon,no qualifying grid horizon (<32); not a measured zero horizon,220.177734375,UNIFORM_5,226.484375,61242,63d35a47ee996398ecdb807e806b46d4956dfbf2e7fe1c4da93392357c8094c2,0.0,UNIFORM_5,0.0,61242,63d35a47ee996398ecdb807e806b46d4956dfbf2e7fe1c4da93392357c8094c2
POST_HOC_BUDGET_AUDIT_SAME_TEST,2,MIXED_4_8_TOP5,128,295247,2306.6171875,2072,30031,630,8,MIXED_4_8;MIXED_4_8_TOP2;MIXED_4_8_TOP5;STOCHASTIC_4;UNIFORM_2;UNIFORM_3;UNIFORM_4;UNIFORM_5,False,"best feasible on the reused TEST sample; not DEV-selected, independent confirmation, or a superiority test","maximize the named metric, then RMST; minimize total bytes, then arm name lexicographically",lower-bound or point-estimate ordering does not establish statistical superiority,NOT_MEASURED,161a2a438500c5ed5d196d7819159a6a422e88c306ce3f48167654be2935bb29,128,UNIFORM_5,128,282554,63d35a47ee996398ecdb807e806b46d4956dfbf2e7fe1c4da93392357c8094c2,largest qualifying empirical sample grid horizon,largest qualifying empirical sample grid horizon,64,UNIFORM_5,64,282554,63d35a47ee996398ecdb807e806b46d4956dfbf2e7fe1c4da93392357c8094c2,simultaneous confidence-supported lower bound >= 64,simultaneous confidence-supported lower bound >= 64,64,UNIFORM_5,64,282554,63d35a47ee996398ecdb807e806b46d4956dfbf2e7fe1c4da93392357c8094c2,largest qualifying empirical sample grid horizon,largest qualifying empirical sample grid horizon,,,,,,no qualifying grid horizon (<32); not a measured zero horizon,no qualifying grid horizon (<32); not a measured zero horizon,220.177734375,UNIFORM_5,226.484375,282554,63d35a47ee996398ecdb807e806b46d4956dfbf2e7fe1c4da93392357c8094c2,0.0,UNIFORM_5,0.0,282554,63d35a47ee996398ecdb807e806b46d4956dfbf2e7fe1c4da93392357c8094c2
POST_HOC_BUDGET_AUDIT_SAME_TEST,2,MIXED_6_8,1,32775,32775.0,2744,30031,630,14,MIXED_4_8;MIXED_4_8_TOP2;MIXED_4_8_TOP5;MIXED_6_8;MIXED_6_8_TOP1;MIXED_6_8_TOP4;STOCHASTIC_4;UNIFORM_2;UNIFORM_3;UNIFORM_4;UNIFORM_5;UNIFORM_6;UNIFORM_7;UNIFORM_8,False,"best feasible on the reused TEST sample; not DEV-selected, independent confirmation, or a superiority test","maximize the named metric, then RMST; minimize total bytes, then arm name lexicographically",lower-bound or point-estimate ordering does not establish statistical superiority,NOT_MEASURED,719250edcc63eba48b5327d3aa54a7f5e651886c8558d84bdbb4888e0ee80c69,128,UNIFORM_8,128,32754,a12cb0122c33f0007c3b86c9f2dcf4ea8438c994614d7d8a4fdcda9eda2c4ee8,largest qualifying empirical sample grid horizon,largest qualifying empirical sample grid horizon,64,UNIFORM_8,64,32754,a12cb0122c33f0007c3b86c9f2dcf4ea8438c994614d7d8a4fdcda9eda2c4ee8,simultaneous confidence-supported lower bound >= 64,simultaneous confidence-supported lower bound >= 64,64,UNIFORM_8,64,32754,a12cb0122c33f0007c3b86c9f2dcf4ea8438c994614d7d8a4fdcda9eda2c4ee8,largest qualifying empirical sample grid horizon,largest qualifying empirical sample grid horizon,,,,,,no qualifying grid horizon (<32); not a measured zero horizon,no qualifying grid horizon (<32); not a measured zero horizon,239.3515625,UNIFORM_8,239.6171875,32754,a12cb0122c33f0007c3b86c9f2dcf4ea8438c994614d7d8a4fdcda9eda2c4ee8,0.0,UNIFORM_8,0.0,32754,a12cb0122c33f0007c3b86c9f2dcf4ea8438c994614d7d8a4fdcda9eda2c4ee8
POST_HOC_BUDGET_AUDIT_SAME_TEST,2,MIXED_6_8,16,73935,4620.9375,2744,30031,630,13,MIXED_4_8;MIXED_4_8_TOP2;MIXED_4_8_TOP5;MIXED_6_8;MIXED_6_8_TOP1;MIXED_6_8_TOP4;STOCHASTIC_4;UNIFORM_2;UNIFORM_3;UNIFORM_4;UNIFORM_5;UNIFORM_6;UNIFORM_7,False,"best feasible on the reused TEST sample; not DEV-selected, independent confirmation, or a superiority test","maximize the named metric, then RMST; minimize total bytes, then arm name lexicographically",lower-bound or point-estimate ordering does not establish statistical superiority,NOT_MEASURED,719250edcc63eba48b5327d3aa54a7f5e651886c8558d84bdbb4888e0ee80c69,128,MIXED_6_8,128,73935,719250edcc63eba48b5327d3aa54a7f5e651886c8558d84bdbb4888e0ee80c69,largest qualifying empirical sample grid horizon,largest qualifying empirical sample grid horizon,64,MIXED_6_8,64,73935,719250edcc63eba48b5327d3aa54a7f5e651886c8558d84bdbb4888e0ee80c69,simultaneous confidence-supported lower bound >= 64,simultaneous confidence-supported lower bound >= 64,64,MIXED_6_8,64,73935,719250edcc63eba48b5327d3aa54a7f5e651886c8558d84bdbb4888e0ee80c69,largest qualifying empirical sample grid horizon,largest qualifying empirical sample grid horizon,,,,,,no qualifying grid horizon (<32); not a measured zero horizon,no qualifying grid horizon (<32); not a measured zero horizon,239.3515625,MIXED_6_8,239.3515625,73935,719250edcc63eba48b5327d3aa54a7f5e651886c8558d84bdbb4888e0ee80c69,0.0,MIXED_6_8,0.0,73935,719250edcc63eba48b5327d3aa54a7f5e651886c8558d84bdbb4888e0ee80c69
POST_HOC_BUDGET_AUDIT_SAME_TEST,2,MIXED_6_8,128,381263,2978.6171875,2744,30031,630,13,MIXED_4_8;MIXED_4_8_TOP2;MIXED_4_8_TOP5;MIXED_6_8;MIXED_6_8_TOP1;MIXED_6_8_TOP4;STOCHASTIC_4;UNIFORM_2;UNIFORM_3;UNIFORM_4;UNIFORM_5;UNIFORM_6;UNIFORM_7,False,"best feasible on the reused TEST sample; not DEV-selected, independent confirmation, or a superiority test","maximize the named metric, then RMST; minimize total bytes, then arm name lexicographically",lower-bound or point-estimate ordering does not establish statistical superiority,NOT_MEASURED,719250edcc63eba48b5327d3aa54a7f5e651886c8558d84bdbb4888e0ee80c69,128,MIXED_6_8,128,381263,719250edcc63eba48b5327d3aa54a7f5e651886c8558d84bdbb4888e0ee80c69,largest qualifying empirical sample grid horizon,largest qualifying empirical sample grid horizon,64,MIXED_6_8,64,381263,719250edcc63eba48b5327d3aa54a7f5e651886c8558d84bdbb4888e0ee80c69,simultaneous confidence-supported lower bound >= 64,simultaneous confidence-supported lower bound >= 64,64,MIXED_6_8,64,381263,719250edcc63eba48b5327d3aa54a7f5e651886c8558d84bdbb4888e0ee80c69,largest qualifying empirical sample grid horizon,largest qualifying empirical sample grid horizon,,,,,,no qualifying grid horizon (<32); not a measured zero horizon,no qualifying grid horizon (<32); not a measured zero horizon,239.3515625,MIXED_6_8,239.3515625,381263,719250edcc63eba48b5327d3aa54a7f5e651886c8558d84bdbb4888e0ee80c69,0.0,MIXED_6_8,0.0,381263,719250edcc63eba48b5327d3aa54a7f5e651886c8558d84bdbb4888e0ee80c69
POST_HOC_BUDGET_AUDIT_SAME_TEST,2,MIXED_6_8_TOP1,1,32439,32439.0,2408,30031,630,11,MIXED_4_8;MIXED_4_8_TOP2;MIXED_4_8_TOP5;MIXED_6_8_TOP1;STOCHASTIC_4;UNIFORM_2;UNIFORM_3;UNIFORM_4;UNIFORM_5;UNIFORM_6;UNIFORM_7,False,"best feasible on the reused TEST sample; not DEV-selected, independent confirmation, or a superiority test","maximize the named metric, then RMST; minimize total bytes, then arm name lexicographically",lower-bound or point-estimate ordering does not establish statistical superiority,NOT_MEASURED,85c42aa493beffa2e29c44811b2210e604807c4632b04890e88881f43bc236ec,128,UNIFORM_7,128,32370,73ef30bef1a13cbbef4895486f9ae8d413b2f9696b936a685f5e36c8df26789b,largest qualifying empirical sample grid horizon,largest qualifying empirical sample grid horizon,64,UNIFORM_7,64,32370,73ef30bef1a13cbbef4895486f9ae8d413b2f9696b936a685f5e36c8df26789b,simultaneous confidence-supported lower bound >= 64,simultaneous confidence-supported lower bound >= 64,64,UNIFORM_7,64,32370,73ef30bef1a13cbbef4895486f9ae8d413b2f9696b936a685f5e36c8df26789b,largest qualifying empirical sample grid horizon,largest qualifying empirical sample grid horizon,,,,,,no qualifying grid horizon (<32); not a measured zero horizon,no qualifying grid horizon (<32); not a measured zero horizon,233.392578125,UNIFORM_7,236.35546875,32370,73ef30bef1a13cbbef4895486f9ae8d413b2f9696b936a685f5e36c8df26789b,0.0,UNIFORM_7,0.0,32370,73ef30bef1a13cbbef4895486f9ae8d413b2f9696b936a685f5e36c8df26789b
POST_HOC_BUDGET_AUDIT_SAME_TEST,2,MIXED_6_8_TOP1,16,68559,4284.9375,2408,30031,630,10,MIXED_4_8;MIXED_4_8_TOP2;MIXED_4_8_TOP5;MIXED_6_8_TOP1;STOCHASTIC_4;UNIFORM_2;UNIFORM_3;UNIFORM_4;UNIFORM_5;UNIFORM_6,False,"best feasible on the reused TEST sample; not DEV-selected, independent confirmation, or a superiority test","maximize the named metric, then RMST; minimize total bytes, then arm name lexicographically",lower-bound or point-estimate ordering does not establish statistical superiority,NOT_MEASURED,85c42aa493beffa2e29c44811b2210e604807c4632b04890e88881f43bc236ec,128,UNIFORM_6,128,67386,d04fdd7d49aeaec80e9ab3ba9d842736014a4009b69d584c8d1147f58ea461ec,largest qualifying empirical sample grid horizon,largest qualifying empirical sample grid horizon,64,UNIFORM_6,64,67386,d04fdd7d49aeaec80e9ab3ba9d842736014a4009b69d584c8d1147f58ea461ec,simultaneous confidence-supported lower bound >= 64,simultaneous confidence-supported lower bound >= 64,64,UNIFORM_6,64,67386,d04fdd7d49aeaec80e9ab3ba9d842736014a4009b69d584c8d1147f58ea461ec,largest qualifying empirical sample grid horizon,largest qualifying empirical sample grid horizon,,,,,,no qualifying grid horizon (<32); not a measured zero horizon,no qualifying grid horizon (<32); not a measured zero horizon,233.392578125,UNIFORM_6,235.453125,67386,d04fdd7d49aeaec80e9ab3ba9d842736014a4009b69d584c8d1147f58ea461ec,0.0,UNIFORM_6,0.0,67386,d04fdd7d49aeaec80e9ab3ba9d842736014a4009b69d584c8d1147f58ea461ec
POST_HOC_BUDGET_AUDIT_SAME_TEST,2,MIXED_6_8_TOP1,128,338255,2642.6171875,2408,30031,630,10,MIXED_4_8;MIXED_4_8_TOP2;MIXED_4_8_TOP5;MIXED_6_8_TOP1;STOCHASTIC_4;UNIFORM_2;UNIFORM_3;UNIFORM_4;UNIFORM_5;UNIFORM_6,False,"best feasible on the reused TEST sample; not DEV-selected, independent confirmation, or a superiority test","maximize the named metric, then RMST; minimize total bytes, then arm name lexicographically",lower-bound or point-estimate ordering does not establish statistical superiority,NOT_MEASURED,85c42aa493beffa2e29c44811b2210e604807c4632b04890e88881f43bc236ec,128,UNIFORM_6,128,331706,d04fdd7d49aeaec80e9ab3ba9d842736014a4009b69d584c8d1147f58ea461ec,largest qualifying empirical sample grid horizon,largest qualifying empirical sample grid horizon,64,UNIFORM_6,64,331706,d04fdd7d49aeaec80e9ab3ba9d842736014a4009b69d584c8d1147f58ea461ec,simultaneous confidence-supported lower bound >= 64,simultaneous confidence-supported lower bound >= 64,64,UNIFORM_6,64,331706,d04fdd7d49aeaec80e9ab3ba9d842736014a4009b69d584c8d1147f58ea461ec,largest qualifying empirical sample grid horizon,largest qualifying empirical sample grid horizon,,,,,,no qualifying grid horizon (<32); not a measured zero horizon,no qualifying grid horizon (<32); not a measured zero horizon,233.392578125,UNIFORM_6,235.453125,331706,d04fdd7d49aeaec80e9ab3ba9d842736014a4009b69d584c8d1147f58ea461ec,0.0,UNIFORM_6,0.0,331706,d04fdd7d49aeaec80e9ab3ba9d842736014a4009b69d584c8d1147f58ea461ec
POST_HOC_BUDGET_AUDIT_SAME_TEST,2,MIXED_6_8_TOP4,1,32583,32583.0,2552,30031,630,12,MIXED_4_8;MIXED_4_8_TOP2;MIXED_4_8_TOP5;MIXED_6_8_TOP1;MIXED_6_8_TOP4;STOCHASTIC_4;UNIFORM_2;UNIFORM_3;UNIFORM_4;UNIFORM_5;UNIFORM_6;UNIFORM_7,False,"best feasible on the reused TEST sample; not DEV-selected, independent confirmation, or a superiority test","maximize the named metric, then RMST; minimize total bytes, then arm name lexicographically",lower-bound or point-estimate ordering does not establish statistical superiority,NOT_MEASURED,e6fcbaba9734d9a22ed6986582f0ec6e1775b75b7ef967433248f07b3cd13dac,128,MIXED_6_8_TOP4,128,32583,e6fcbaba9734d9a22ed6986582f0ec6e1775b75b7ef967433248f07b3cd13dac,largest qualifying empirical sample grid horizon,largest qualifying empirical sample grid horizon,64,MIXED_6_8_TOP4,64,32583,e6fcbaba9734d9a22ed6986582f0ec6e1775b75b7ef967433248f07b3cd13dac,simultaneous confidence-supported lower bound >= 64,simultaneous confidence-supported lower bound >= 64,64,MIXED_6_8_TOP4,64,32583,e6fcbaba9734d9a22ed6986582f0ec6e1775b75b7ef967433248f07b3cd13dac,largest qualifying empirical sample grid horizon,largest qualifying empirical sample grid horizon,,,,,,no qualifying grid horizon (<32); not a measured zero horizon,no qualifying grid horizon (<32); not a measured zero horizon,238.98828125,MIXED_6_8_TOP4,238.98828125,32583,e6fcbaba9734d9a22ed6986582f0ec6e1775b75b7ef967433248f07b3cd13dac,0.0,MIXED_6_8_TOP4,0.0,32583,e6fcbaba9734d9a22ed6986582f0ec6e1775b75b7ef967433248f07b3cd13dac
POST_HOC_BUDGET_AUDIT_SAME_TEST,2,MIXED_6_8_TOP4,16,70863,4428.9375,2552,30031,630,11,MIXED_4_8;MIXED_4_8_TOP2;MIXED_4_8_TOP5;MIXED_6_8_TOP1;MIXED_6_8_TOP4;STOCHASTIC_4;UNIFORM_2;UNIFORM_3;UNIFORM_4;UNIFORM_5;UNIFORM_6,False,"best feasible on the reused TEST sample; not DEV-selected, independent confirmation, or a superiority test","maximize the named metric, then RMST; minimize total bytes, then arm name lexicographically",lower-bound or point-estimate ordering does not establish statistical superiority,NOT_MEASURED,e6fcbaba9734d9a22ed6986582f0ec6e1775b75b7ef967433248f07b3cd13dac,128,MIXED_6_8_TOP4,128,70863,e6fcbaba9734d9a22ed6986582f0ec6e1775b75b7ef967433248f07b3cd13dac,largest qualifying empirical sample grid horizon,largest qualifying empirical sample grid horizon,64,MIXED_6_8_TOP4,64,70863,e6fcbaba9734d9a22ed6986582f0ec6e1775b75b7ef967433248f07b3cd13dac,simultaneous confidence-supported lower bound >= 64,simultaneous confidence-supported lower bound >= 64,64,MIXED_6_8_TOP4,64,70863,e6fcbaba9734d9a22ed6986582f0ec6e1775b75b7ef967433248f07b3cd13dac,largest qualifying empirical sample grid horizon,largest qualifying empirical sample grid horizon,,,,,,no qualifying grid horizon (<32); not a measured zero horizon,no qualifying grid horizon (<32); not a measured zero horizon,238.98828125,MIXED_6_8_TOP4,238.98828125,70863,e6fcbaba9734d9a22ed6986582f0ec6e1775b75b7ef967433248f07b3cd13dac,0.0,MIXED_6_8_TOP4,0.0,70863,e6fcbaba9734d9a22ed6986582f0ec6e1775b75b7ef967433248f07b3cd13dac
POST_HOC_BUDGET_AUDIT_SAME_TEST,2,MIXED_6_8_TOP4,128,356687,2786.6171875,2552,30031,630,11,MIXED_4_8;MIXED_4_8_TOP2;MIXED_4_8_TOP5;MIXED_6_8_TOP1;MIXED_6_8_TOP4;STOCHASTIC_4;UNIFORM_2;UNIFORM_3;UNIFORM_4;UNIFORM_5;UNIFORM_6,False,"best feasible on the reused TEST sample; not DEV-selected, independent confirmation, or a superiority test","maximize the named metric, then RMST; minimize total bytes, then arm name lexicographically",lower-bound or point-estimate ordering does not establish statistical superiority,NOT_MEASURED,e6fcbaba9734d9a22ed6986582f0ec6e1775b75b7ef967433248f07b3cd13dac,128,MIXED_6_8_TOP4,128,356687,e6fcbaba9734d9a22ed6986582f0ec6e1775b75b7ef967433248f07b3cd13dac,largest qualifying empirical sample grid horizon,largest qualifying empirical sample grid horizon,64,MIXED_6_8_TOP4,64,356687,e6fcbaba9734d9a22ed6986582f0ec6e1775b75b7ef967433248f07b3cd13dac,simultaneous confidence-supported lower bound >= 64,simultaneous confidence-supported lower bound >= 64,64,MIXED_6_8_TOP4,64,356687,e6fcbaba9734d9a22ed6986582f0ec6e1775b75b7ef967433248f07b3cd13dac,largest qualifying empirical sample grid horizon,largest qualifying empirical sample grid horizon,,,,,,no qualifying grid horizon (<32); not a measured zero horizon,no qualifying grid horizon (<32); not a measured zero horizon,238.98828125,MIXED_6_8_TOP4,238.98828125,356687,e6fcbaba9734d9a22ed6986582f0ec6e1775b75b7ef967433248f07b3cd13dac,0.0,MIXED_6_8_TOP4,0.0,356687,e6fcbaba9734d9a22ed6986582f0ec6e1775b75b7ef967433248f07b3cd13dac
POST_HOC_BUDGET_AUDIT_SAME_TEST,2,NATIVE_FP32,1,41706,41706.0,12296,29410,630,23,MIXED_4_8;MIXED_4_8_TOP2;MIXED_4_8_TOP5;MIXED_6_8;MIXED_6_8_TOP1;MIXED_6_8_TOP4;NATIVE_FP32;STOCHASTIC_4;UNIFORM_10;UNIFORM_11;UNIFORM_12;UNIFORM_13;UNIFORM_14;UNIFORM_15;UNIFORM_16;UNIFORM_2;UNIFORM_3;UNIFORM_4;UNIFORM_5;UNIFORM_6;UNIFORM_7;UNIFORM_8;UNIFORM_9,True,"best feasible on the reused TEST sample; not DEV-selected, independent confirmation, or a superiority test","maximize the named metric, then RMST; minimize total bytes, then arm name lexicographically",lower-bound or point-estimate ordering does not establish statistical superiority,NOT_MEASURED,db80d41f386bde76e76fa38111a1d40a5d40060f84bb7d251352934c4a5fd268,128,UNIFORM_14,128,35059,3733dbe08ca89b54e70c6d86b6c7656aa29134038961908f58c32d59a909d428,largest qualifying empirical sample grid horizon,largest qualifying empirical sample grid horizon,64,UNIFORM_14,64,35059,3733dbe08ca89b54e70c6d86b6c7656aa29134038961908f58c32d59a909d428,simultaneous confidence-supported lower bound >= 64,simultaneous confidence-supported lower bound >= 64,64,UNIFORM_14,64,35059,3733dbe08ca89b54e70c6d86b6c7656aa29134038961908f58c32d59a909d428,largest qualifying empirical sample grid horizon,largest qualifying empirical sample grid horizon,,,,,,no qualifying grid horizon (<32); not a measured zero horizon,no qualifying grid horizon (<32); not a measured zero horizon,239.865234375,UNIFORM_14,240.02734375,35059,3733dbe08ca89b54e70c6d86b6c7656aa29134038961908f58c32d59a909d428,0.0,UNIFORM_14,0.0,35059,3733dbe08ca89b54e70c6d86b6c7656aa29134038961908f58c32d59a909d428
POST_HOC_BUDGET_AUDIT_SAME_TEST,2,NATIVE_FP32,16,226146,14134.125,12296,29410,630,23,MIXED_4_8;MIXED_4_8_TOP2;MIXED_4_8_TOP5;MIXED_6_8;MIXED_6_8_TOP1;MIXED_6_8_TOP4;NATIVE_FP32;STOCHASTIC_4;UNIFORM_10;UNIFORM_11;UNIFORM_12;UNIFORM_13;UNIFORM_14;UNIFORM_15;UNIFORM_16;UNIFORM_2;UNIFORM_3;UNIFORM_4;UNIFORM_5;UNIFORM_6;UNIFORM_7;UNIFORM_8;UNIFORM_9,True,"best feasible on the reused TEST sample; not DEV-selected, independent confirmation, or a superiority test","maximize the named metric, then RMST; minimize total bytes, then arm name lexicographically",lower-bound or point-estimate ordering does not establish statistical superiority,NOT_MEASURED,db80d41f386bde76e76fa38111a1d40a5d40060f84bb7d251352934c4a5fd268,128,UNIFORM_14,128,116539,3733dbe08ca89b54e70c6d86b6c7656aa29134038961908f58c32d59a909d428,largest qualifying empirical sample grid horizon,largest qualifying empirical sample grid horizon,64,UNIFORM_14,64,116539,3733dbe08ca89b54e70c6d86b6c7656aa29134038961908f58c32d59a909d428,simultaneous confidence-supported lower bound >= 64,simultaneous confidence-supported lower bound >= 64,64,UNIFORM_14,64,116539,3733dbe08ca89b54e70c6d86b6c7656aa29134038961908f58c32d59a909d428,largest qualifying empirical sample grid horizon,largest qualifying empirical sample grid horizon,,,,,,no qualifying grid horizon (<32); not a measured zero horizon,no qualifying grid horizon (<32); not a measured zero horizon,239.865234375,UNIFORM_14,240.02734375,116539,3733dbe08ca89b54e70c6d86b6c7656aa29134038961908f58c32d59a909d428,0.0,UNIFORM_14,0.0,116539,3733dbe08ca89b54e70c6d86b6c7656aa29134038961908f58c32d59a909d428
POST_HOC_BUDGET_AUDIT_SAME_TEST,2,NATIVE_FP32,128,1603298,12525.765625,12296,29410,630,23,MIXED_4_8;MIXED_4_8_TOP2;MIXED_4_8_TOP5;MIXED_6_8;MIXED_6_8_TOP1;MIXED_6_8_TOP4;NATIVE_FP32;STOCHASTIC_4;UNIFORM_10;UNIFORM_11;UNIFORM_12;UNIFORM_13;UNIFORM_14;UNIFORM_15;UNIFORM_16;UNIFORM_2;UNIFORM_3;UNIFORM_4;UNIFORM_5;UNIFORM_6;UNIFORM_7;UNIFORM_8;UNIFORM_9,True,"best feasible on the reused TEST sample; not DEV-selected, independent confirmation, or a superiority test","maximize the named metric, then RMST; minimize total bytes, then arm name lexicographically",lower-bound or point-estimate ordering does not establish statistical superiority,NOT_MEASURED,db80d41f386bde76e76fa38111a1d40a5d40060f84bb7d251352934c4a5fd268,128,UNIFORM_14,128,724923,3733dbe08ca89b54e70c6d86b6c7656aa29134038961908f58c32d59a909d428,largest qualifying empirical sample grid horizon,largest qualifying empirical sample grid horizon,64,UNIFORM_14,64,724923,3733dbe08ca89b54e70c6d86b6c7656aa29134038961908f58c32d59a909d428,simultaneous confidence-supported lower bound >= 64,simultaneous confidence-supported lower bound >= 64,64,UNIFORM_14,64,724923,3733dbe08ca89b54e70c6d86b6c7656aa29134038961908f58c32d59a909d428,largest qualifying empirical sample grid horizon,largest qualifying empirical sample grid horizon,,,,,,no qualifying grid horizon (<32); not a measured zero horizon,no qualifying grid horizon (<32); not a measured zero horizon,239.865234375,UNIFORM_14,240.02734375,724923,3733dbe08ca89b54e70c6d86b6c7656aa29134038961908f58c32d59a909d428,0.0,UNIFORM_14,0.0,724923,3733dbe08ca89b54e70c6d86b6c7656aa29134038961908f58c32d59a909d428
POST_HOC_BUDGET_AUDIT_SAME_TEST,2,STOCHASTIC_4,1,31286,31286.0,1608,29678,630,4,STOCHASTIC_4;UNIFORM_2;UNIFORM_3;UNIFORM_4,False,"best feasible on the reused TEST sample; not DEV-selected, independent confirmation, or a superiority test","maximize the named metric, then RMST; minimize total bytes, then arm name lexicographically",lower-bound or point-estimate ordering does not establish statistical superiority,NOT_MEASURED,eded212a6c5e668d2753d340336c905013724702e78320f5337a730c8128c4de,64,UNIFORM_4,64,31218,758fd85b202244422a4149d96e87769cca4e56dd88c40547b31eb2f2d3e644e6,largest qualifying empirical sample grid horizon,largest qualifying empirical sample grid horizon,32,UNIFORM_4,64,31218,758fd85b202244422a4149d96e87769cca4e56dd88c40547b31eb2f2d3e644e6,simultaneous confidence-supported lower bound >= 32,simultaneous confidence-supported lower bound >= 64,32,UNIFORM_4,64,31218,758fd85b202244422a4149d96e87769cca4e56dd88c40547b31eb2f2d3e644e6,largest qualifying empirical sample grid horizon,largest qualifying empirical sample grid horizon,,,,,,no qualifying grid horizon (<32); not a measured zero horizon,no qualifying grid horizon (<32); not a measured zero horizon,104.244140625,UNIFORM_4,185.5078125,31218,758fd85b202244422a4149d96e87769cca4e56dd88c40547b31eb2f2d3e644e6,0.0,UNIFORM_4,0.0,31218,758fd85b202244422a4149d96e87769cca4e56dd88c40547b31eb2f2d3e644e6
POST_HOC_BUDGET_AUDIT_SAME_TEST,2,STOCHASTIC_4,16,55406,3462.875,1608,29678,630,4,STOCHASTIC_4;UNIFORM_2;UNIFORM_3;UNIFORM_4,False,"best feasible on the reused TEST sample; not DEV-selected, independent confirmation, or a superiority test","maximize the named metric, then RMST; minimize total bytes, then arm name lexicographically",lower-bound or point-estimate ordering does not establish statistical superiority,NOT_MEASURED,eded212a6c5e668d2753d340336c905013724702e78320f5337a730c8128c4de,64,UNIFORM_4,64,55098,758fd85b202244422a4149d96e87769cca4e56dd88c40547b31eb2f2d3e644e6,largest qualifying empirical sample grid horizon,largest qualifying empirical sample grid horizon,32,UNIFORM_4,64,55098,758fd85b202244422a4149d96e87769cca4e56dd88c40547b31eb2f2d3e644e6,simultaneous confidence-supported lower bound >= 32,simultaneous confidence-supported lower bound >= 64,32,UNIFORM_4,64,55098,758fd85b202244422a4149d96e87769cca4e56dd88c40547b31eb2f2d3e644e6,largest qualifying empirical sample grid horizon,largest qualifying empirical sample grid horizon,,,,,,no qualifying grid horizon (<32); not a measured zero horizon,no qualifying grid horizon (<32); not a measured zero horizon,104.244140625,UNIFORM_4,185.5078125,55098,758fd85b202244422a4149d96e87769cca4e56dd88c40547b31eb2f2d3e644e6,0.0,UNIFORM_4,0.0,55098,758fd85b202244422a4149d96e87769cca4e56dd88c40547b31eb2f2d3e644e6
POST_HOC_BUDGET_AUDIT_SAME_TEST,2,STOCHASTIC_4,128,235502,1839.859375,1608,29678,630,4,STOCHASTIC_4;UNIFORM_2;UNIFORM_3;UNIFORM_4,False,"best feasible on the reused TEST sample; not DEV-selected, independent confirmation, or a superiority test","maximize the named metric, then RMST; minimize total bytes, then arm name lexicographically",lower-bound or point-estimate ordering does not establish statistical superiority,NOT_MEASURED,eded212a6c5e668d2753d340336c905013724702e78320f5337a730c8128c4de,64,UNIFORM_4,64,233402,758fd85b202244422a4149d96e87769cca4e56dd88c40547b31eb2f2d3e644e6,largest qualifying empirical sample grid horizon,largest qualifying empirical sample grid horizon,32,UNIFORM_4,64,233402,758fd85b202244422a4149d96e87769cca4e56dd88c40547b31eb2f2d3e644e6,simultaneous confidence-supported lower bound >= 32,simultaneous confidence-supported lower bound >= 64,32,UNIFORM_4,64,233402,758fd85b202244422a4149d96e87769cca4e56dd88c40547b31eb2f2d3e644e6,largest qualifying empirical sample grid horizon,largest qualifying empirical sample grid horizon,,,,,,no qualifying grid horizon (<32); not a measured zero horizon,no qualifying grid horizon (<32); not a measured zero horizon,104.244140625,UNIFORM_4,185.5078125,233402,758fd85b202244422a4149d96e87769cca4e56dd88c40547b31eb2f2d3e644e6,0.0,UNIFORM_4,0.0,233402,758fd85b202244422a4149d96e87769cca4e56dd88c40547b31eb2f2d3e644e6
POST_HOC_BUDGET_AUDIT_SAME_TEST,2,UNIFORM_10,1,33523,33523.0,3896,29627,630,16,MIXED_4_8;MIXED_4_8_TOP2;MIXED_4_8_TOP5;MIXED_6_8;MIXED_6_8_TOP1;MIXED_6_8_TOP4;STOCHASTIC_4;UNIFORM_10;UNIFORM_2;UNIFORM_3;UNIFORM_4;UNIFORM_5;UNIFORM_6;UNIFORM_7;UNIFORM_8;UNIFORM_9,False,"best feasible on the reused TEST sample; not DEV-selected, independent confirmation, or a superiority test","maximize the named metric, then RMST; minimize total bytes, then arm name lexicographically",lower-bound or point-estimate ordering does not establish statistical superiority,NOT_MEASURED,96918b676fccd0050f2e17d3dcc113913b0383723e5e6a8bc998d49d14552ab8,128,UNIFORM_9,128,33138,ebbff77c1454d7c71602e64647965b76dbcc4d01681b7ffeb94f765627658c97,largest qualifying empirical sample grid horizon,largest qualifying empirical sample grid horizon,64,UNIFORM_9,64,33138,ebbff77c1454d7c71602e64647965b76dbcc4d01681b7ffeb94f765627658c97,simultaneous confidence-supported lower bound >= 64,simultaneous confidence-supported lower bound >= 64,64,UNIFORM_9,64,33138,ebbff77c1454d7c71602e64647965b76dbcc4d01681b7ffeb94f765627658c97,largest qualifying empirical sample grid horizon,largest qualifying empirical sample grid horizon,,,,,,no qualifying grid horizon (<32); not a measured zero horizon,no qualifying grid horizon (<32); not a measured zero horizon,239.646484375,UNIFORM_9,239.994140625,33138,ebbff77c1454d7c71602e64647965b76dbcc4d01681b7ffeb94f765627658c97,0.0,UNIFORM_9,0.0,33138,ebbff77c1454d7c71602e64647965b76dbcc4d01681b7ffeb94f765627658c97
POST_HOC_BUDGET_AUDIT_SAME_TEST,2,UNIFORM_10,16,91963,5747.6875,3896,29627,630,16,MIXED_4_8;MIXED_4_8_TOP2;MIXED_4_8_TOP5;MIXED_6_8;MIXED_6_8_TOP1;MIXED_6_8_TOP4;STOCHASTIC_4;UNIFORM_10;UNIFORM_2;UNIFORM_3;UNIFORM_4;UNIFORM_5;UNIFORM_6;UNIFORM_7;UNIFORM_8;UNIFORM_9,False,"best feasible on the reused TEST sample; not DEV-selected, independent confirmation, or a superiority test","maximize the named metric, then RMST; minimize total bytes, then arm name lexicographically",lower-bound or point-estimate ordering does not establish statistical superiority,NOT_MEASURED,96918b676fccd0050f2e17d3dcc113913b0383723e5e6a8bc998d49d14552ab8,128,UNIFORM_9,128,85818,ebbff77c1454d7c71602e64647965b76dbcc4d01681b7ffeb94f765627658c97,largest qualifying empirical sample grid horizon,largest qualifying empirical sample grid horizon,64,UNIFORM_9,64,85818,ebbff77c1454d7c71602e64647965b76dbcc4d01681b7ffeb94f765627658c97,simultaneous confidence-supported lower bound >= 64,simultaneous confidence-supported lower bound >= 64,64,UNIFORM_9,64,85818,ebbff77c1454d7c71602e64647965b76dbcc4d01681b7ffeb94f765627658c97,largest qualifying empirical sample grid horizon,largest qualifying empirical sample grid horizon,,,,,,no qualifying grid horizon (<32); not a measured zero horizon,no qualifying grid horizon (<32); not a measured zero horizon,239.646484375,UNIFORM_9,239.994140625,85818,ebbff77c1454d7c71602e64647965b76dbcc4d01681b7ffeb94f765627658c97,0.0,UNIFORM_9,0.0,85818,ebbff77c1454d7c71602e64647965b76dbcc4d01681b7ffeb94f765627658c97
POST_HOC_BUDGET_AUDIT_SAME_TEST,2,UNIFORM_10,128,528315,4127.4609375,3896,29627,630,16,MIXED_4_8;MIXED_4_8_TOP2;MIXED_4_8_TOP5;MIXED_6_8;MIXED_6_8_TOP1;MIXED_6_8_TOP4;STOCHASTIC_4;UNIFORM_10;UNIFORM_2;UNIFORM_3;UNIFORM_4;UNIFORM_5;UNIFORM_6;UNIFORM_7;UNIFORM_8;UNIFORM_9,False,"best feasible on the reused TEST sample; not DEV-selected, independent confirmation, or a superiority test","maximize the named metric, then RMST; minimize total bytes, then arm name lexicographically",lower-bound or point-estimate ordering does not establish statistical superiority,NOT_MEASURED,96918b676fccd0050f2e17d3dcc113913b0383723e5e6a8bc998d49d14552ab8,128,UNIFORM_9,128,479162,ebbff77c1454d7c71602e64647965b76dbcc4d01681b7ffeb94f765627658c97,largest qualifying empirical sample grid horizon,largest qualifying empirical sample grid horizon,64,UNIFORM_9,64,479162,ebbff77c1454d7c71602e64647965b76dbcc4d01681b7ffeb94f765627658c97,simultaneous confidence-supported lower bound >= 64,simultaneous confidence-supported lower bound >= 64,64,UNIFORM_9,64,479162,ebbff77c1454d7c71602e64647965b76dbcc4d01681b7ffeb94f765627658c97,largest qualifying empirical sample grid horizon,largest qualifying empirical sample grid horizon,,,,,,no qualifying grid horizon (<32); not a measured zero horizon,no qualifying grid horizon (<32); not a measured zero horizon,239.646484375,UNIFORM_9,239.994140625,479162,ebbff77c1454d7c71602e64647965b76dbcc4d01681b7ffeb94f765627658c97,0.0,UNIFORM_9,0.0,479162,ebbff77c1454d7c71602e64647965b76dbcc4d01681b7ffeb94f765627658c97
POST_HOC_BUDGET_AUDIT_SAME_TEST,2,UNIFORM_11,1,33907,33907.0,4280,29627,630,17,MIXED_4_8;MIXED_4_8_TOP2;MIXED_4_8_TOP5;MIXED_6_8;MIXED_6_8_TOP1;MIXED_6_8_TOP4;STOCHASTIC_4;UNIFORM_10;UNIFORM_11;UNIFORM_2;UNIFORM_3;UNIFORM_4;UNIFORM_5;UNIFORM_6;UNIFORM_7;UNIFORM_8;UNIFORM_9,False,"best feasible on the reused TEST sample; not DEV-selected, independent confirmation, or a superiority test","maximize the named metric, then RMST; minimize total bytes, then arm name lexicographically",lower-bound or point-estimate ordering does not establish statistical superiority,NOT_MEASURED,92aaac3321e5e32d0986eb5baa02d8f77b80293964fbd3f63b4b5c6d490ebb6d,128,UNIFORM_9,128,33138,ebbff77c1454d7c71602e64647965b76dbcc4d01681b7ffeb94f765627658c97,largest qualifying empirical sample grid horizon,largest qualifying empirical sample grid horizon,64,UNIFORM_9,64,33138,ebbff77c1454d7c71602e64647965b76dbcc4d01681b7ffeb94f765627658c97,simultaneous confidence-supported lower bound >= 64,simultaneous confidence-supported lower bound >= 64,64,UNIFORM_9,64,33138,ebbff77c1454d7c71602e64647965b76dbcc4d01681b7ffeb94f765627658c97,largest qualifying empirical sample grid horizon,largest qualifying empirical sample grid horizon,,,,,,no qualifying grid horizon (<32); not a measured zero horizon,no qualifying grid horizon (<32); not a measured zero horizon,239.728515625,UNIFORM_9,239.994140625,33138,ebbff77c1454d7c71602e64647965b76dbcc4d01681b7ffeb94f765627658c97,0.0,UNIFORM_9,0.0,33138,ebbff77c1454d7c71602e64647965b76dbcc4d01681b7ffeb94f765627658c97
POST_HOC_BUDGET_AUDIT_SAME_TEST,2,UNIFORM_11,16,98107,6131.6875,4280,29627,630,17,MIXED_4_8;MIXED_4_8_TOP2;MIXED_4_8_TOP5;MIXED_6_8;MIXED_6_8_TOP1;MIXED_6_8_TOP4;STOCHASTIC_4;UNIFORM_10;UNIFORM_11;UNIFORM_2;UNIFORM_3;UNIFORM_4;UNIFORM_5;UNIFORM_6;UNIFORM_7;UNIFORM_8;UNIFORM_9,False,"best feasible on the reused TEST sample; not DEV-selected, independent confirmation, or a superiority test","maximize the named metric, then RMST; minimize total bytes, then arm name lexicographically",lower-bound or point-estimate ordering does not establish statistical superiority,NOT_MEASURED,92aaac3321e5e32d0986eb5baa02d8f77b80293964fbd3f63b4b5c6d490ebb6d,128,UNIFORM_9,128,85818,ebbff77c1454d7c71602e64647965b76dbcc4d01681b7ffeb94f765627658c97,largest qualifying empirical sample grid horizon,largest qualifying empirical sample grid horizon,64,UNIFORM_9,64,85818,ebbff77c1454d7c71602e64647965b76dbcc4d01681b7ffeb94f765627658c97,simultaneous confidence-supported lower bound >= 64,simultaneous confidence-supported lower bound >= 64,64,UNIFORM_9,64,85818,ebbff77c1454d7c71602e64647965b76dbcc4d01681b7ffeb94f765627658c97,largest qualifying empirical sample grid horizon,largest qualifying empirical sample grid horizon,,,,,,no qualifying grid horizon (<32); not a measured zero horizon,no qualifying grid horizon (<32); not a measured zero horizon,239.728515625,UNIFORM_9,239.994140625,85818,ebbff77c1454d7c71602e64647965b76dbcc4d01681b7ffeb94f765627658c97,0.0,UNIFORM_9,0.0,85818,ebbff77c1454d7c71602e64647965b76dbcc4d01681b7ffeb94f765627658c97
POST_HOC_BUDGET_AUDIT_SAME_TEST,2,UNIFORM_11,128,577467,4511.4609375,4280,29627,630,17,MIXED_4_8;MIXED_4_8_TOP2;MIXED_4_8_TOP5;MIXED_6_8;MIXED_6_8_TOP1;MIXED_6_8_TOP4;STOCHASTIC_4;UNIFORM_10;UNIFORM_11;UNIFORM_2;UNIFORM_3;UNIFORM_4;UNIFORM_5;UNIFORM_6;UNIFORM_7;UNIFORM_8;UNIFORM_9,False,"best feasible on the reused TEST sample; not DEV-selected, independent confirmation, or a superiority test","maximize the named metric, then RMST; minimize total bytes, then arm name lexicographically",lower-bound or point-estimate ordering does not establish statistical superiority,NOT_MEASURED,92aaac3321e5e32d0986eb5baa02d8f77b80293964fbd3f63b4b5c6d490ebb6d,128,UNIFORM_9,128,479162,ebbff77c1454d7c71602e64647965b76dbcc4d01681b7ffeb94f765627658c97,largest qualifying empirical sample grid horizon,largest qualifying empirical sample grid horizon,64,UNIFORM_9,64,479162,ebbff77c1454d7c71602e64647965b76dbcc4d01681b7ffeb94f765627658c97,simultaneous confidence-supported lower bound >= 64,simultaneous confidence-supported lower bound >= 64,64,UNIFORM_9,64,479162,ebbff77c1454d7c71602e64647965b76dbcc4d01681b7ffeb94f765627658c97,largest qualifying empirical sample grid horizon,largest qualifying empirical sample grid horizon,,,,,,no qualifying grid horizon (<32); not a measured zero horizon,no qualifying grid horizon (<32); not a measured zero horizon,239.728515625,UNIFORM_9,239.994140625,479162,ebbff77c1454d7c71602e64647965b76dbcc4d01681b7ffeb94f765627658c97,0.0,UNIFORM_9,0.0,479162,ebbff77c1454d7c71602e64647965b76dbcc4d01681b7ffeb94f765627658c97
POST_HOC_BUDGET_AUDIT_SAME_TEST,2,UNIFORM_12,1,34291,34291.0,4664,29627,630,18,MIXED_4_8;MIXED_4_8_TOP2;MIXED_4_8_TOP5;MIXED_6_8;MIXED_6_8_TOP1;MIXED_6_8_TOP4;STOCHASTIC_4;UNIFORM_10;UNIFORM_11;UNIFORM_12;UNIFORM_2;UNIFORM_3;UNIFORM_4;UNIFORM_5;UNIFORM_6;UNIFORM_7;UNIFORM_8;UNIFORM_9,False,"best feasible on the reused TEST sample; not DEV-selected, independent confirmation, or a superiority test","maximize the named metric, then RMST; minimize total bytes, then arm name lexicographically",lower-bound or point-estimate ordering does not establish statistical superiority,NOT_MEASURED,52c3f798e729283bea239d3a331a59d2716839548dfc55cc67dfb5ed6990bfc2,128,UNIFORM_9,128,33138,ebbff77c1454d7c71602e64647965b76dbcc4d01681b7ffeb94f765627658c97,largest qualifying empirical sample grid horizon,largest qualifying empirical sample grid horizon,64,UNIFORM_9,64,33138,ebbff77c1454d7c71602e64647965b76dbcc4d01681b7ffeb94f765627658c97,simultaneous confidence-supported lower bound >= 64,simultaneous confidence-supported lower bound >= 64,64,UNIFORM_9,64,33138,ebbff77c1454d7c71602e64647965b76dbcc4d01681b7ffeb94f765627658c97,largest qualifying empirical sample grid horizon,largest qualifying empirical sample grid horizon,,,,,,no qualifying grid horizon (<32); not a measured zero horizon,no qualifying grid horizon (<32); not a measured zero horizon,239.83203125,UNIFORM_9,239.994140625,33138,ebbff77c1454d7c71602e64647965b76dbcc4d01681b7ffeb94f765627658c97,0.0,UNIFORM_9,0.0,33138,ebbff77c1454d7c71602e64647965b76dbcc4d01681b7ffeb94f765627658c97
POST_HOC_BUDGET_AUDIT_SAME_TEST,2,UNIFORM_12,16,104251,6515.6875,4664,29627,630,18,MIXED_4_8;MIXED_4_8_TOP2;MIXED_4_8_TOP5;MIXED_6_8;MIXED_6_8_TOP1;MIXED_6_8_TOP4;STOCHASTIC_4;UNIFORM_10;UNIFORM_11;UNIFORM_12;UNIFORM_2;UNIFORM_3;UNIFORM_4;UNIFORM_5;UNIFORM_6;UNIFORM_7;UNIFORM_8;UNIFORM_9,False,"best feasible on the reused TEST sample; not DEV-selected, independent confirmation, or a superiority test","maximize the named metric, then RMST; minimize total bytes, then arm name lexicographically",lower-bound or point-estimate ordering does not establish statistical superiority,NOT_MEASURED,52c3f798e729283bea239d3a331a59d2716839548dfc55cc67dfb5ed6990bfc2,128,UNIFORM_9,128,85818,ebbff77c1454d7c71602e64647965b76dbcc4d01681b7ffeb94f765627658c97,largest qualifying empirical sample grid horizon,largest qualifying empirical sample grid horizon,64,UNIFORM_9,64,85818,ebbff77c1454d7c71602e64647965b76dbcc4d01681b7ffeb94f765627658c97,simultaneous confidence-supported lower bound >= 64,simultaneous confidence-supported lower bound >= 64,64,UNIFORM_9,64,85818,ebbff77c1454d7c71602e64647965b76dbcc4d01681b7ffeb94f765627658c97,largest qualifying empirical sample grid horizon,largest qualifying empirical sample grid horizon,,,,,,no qualifying grid horizon (<32); not a measured zero horizon,no qualifying grid horizon (<32); not a measured zero horizon,239.83203125,UNIFORM_9,239.994140625,85818,ebbff77c1454d7c71602e64647965b76dbcc4d01681b7ffeb94f765627658c97,0.0,UNIFORM_9,0.0,85818,ebbff77c1454d7c71602e64647965b76dbcc4d01681b7ffeb94f765627658c97
POST_HOC_BUDGET_AUDIT_SAME_TEST,2,UNIFORM_12,128,626619,4895.4609375,4664,29627,630,18,MIXED_4_8;MIXED_4_8_TOP2;MIXED_4_8_TOP5;MIXED_6_8;MIXED_6_8_TOP1;MIXED_6_8_TOP4;STOCHASTIC_4;UNIFORM_10;UNIFORM_11;UNIFORM_12;UNIFORM_2;UNIFORM_3;UNIFORM_4;UNIFORM_5;UNIFORM_6;UNIFORM_7;UNIFORM_8;UNIFORM_9,False,"best feasible on the reused TEST sample; not DEV-selected, independent confirmation, or a superiority test","maximize the named metric, then RMST; minimize total bytes, then arm name lexicographically",lower-bound or point-estimate ordering does not establish statistical superiority,NOT_MEASURED,52c3f798e729283bea239d3a331a59d2716839548dfc55cc67dfb5ed6990bfc2,128,UNIFORM_9,128,479162,ebbff77c1454d7c71602e64647965b76dbcc4d01681b7ffeb94f765627658c97,largest qualifying empirical sample grid horizon,largest qualifying empirical sample grid horizon,64,UNIFORM_9,64,479162,ebbff77c1454d7c71602e64647965b76dbcc4d01681b7ffeb94f765627658c97,simultaneous confidence-supported lower bound >= 64,simultaneous confidence-supported lower bound >= 64,64,UNIFORM_9,64,479162,ebbff77c1454d7c71602e64647965b76dbcc4d01681b7ffeb94f765627658c97,largest qualifying empirical sample grid horizon,largest qualifying empirical sample grid horizon,,,,,,no qualifying grid horizon (<32); not a measured zero horizon,no qualifying grid horizon (<32); not a measured zero horizon,239.83203125,UNIFORM_9,239.994140625,479162,ebbff77c1454d7c71602e64647965b76dbcc4d01681b7ffeb94f765627658c97,0.0,UNIFORM_9,0.0,479162,ebbff77c1454d7c71602e64647965b76dbcc4d01681b7ffeb94f765627658c97
POST_HOC_BUDGET_AUDIT_SAME_TEST,2,UNIFORM_13,1,34675,34675.0,5048,29627,630,19,MIXED_4_8;MIXED_4_8_TOP2;MIXED_4_8_TOP5;MIXED_6_8;MIXED_6_8_TOP1;MIXED_6_8_TOP4;STOCHASTIC_4;UNIFORM_10;UNIFORM_11;UNIFORM_12;UNIFORM_13;UNIFORM_2;UNIFORM_3;UNIFORM_4;UNIFORM_5;UNIFORM_6;UNIFORM_7;UNIFORM_8;UNIFORM_9,False,"best feasible on the reused TEST sample; not DEV-selected, independent confirmation, or a superiority test","maximize the named metric, then RMST; minimize total bytes, then arm name lexicographically",lower-bound or point-estimate ordering does not establish statistical superiority,NOT_MEASURED,37ac95746ac07ed4e59b43d0298f17fb8981e07d158e2310c55657ed85a8e7af,128,UNIFORM_13,128,34675,37ac95746ac07ed4e59b43d0298f17fb8981e07d158e2310c55657ed85a8e7af,largest qualifying empirical sample grid horizon,largest qualifying empirical sample grid horizon,64,UNIFORM_13,64,34675,37ac95746ac07ed4e59b43d0298f17fb8981e07d158e2310c55657ed85a8e7af,simultaneous confidence-supported lower bound >= 64,simultaneous confidence-supported lower bound >= 64,64,UNIFORM_13,64,34675,37ac95746ac07ed4e59b43d0298f17fb8981e07d158e2310c55657ed85a8e7af,largest qualifying empirical sample grid horizon,largest qualifying empirical sample grid horizon,,,,,,no qualifying grid horizon (<32); not a measured zero horizon,no qualifying grid horizon (<32); not a measured zero horizon,239.998046875,UNIFORM_13,239.998046875,34675,37ac95746ac07ed4e59b43d0298f17fb8981e07d158e2310c55657ed85a8e7af,0.0,UNIFORM_13,0.0,34675,37ac95746ac07ed4e59b43d0298f17fb8981e07d158e2310c55657ed85a8e7af
POST_HOC_BUDGET_AUDIT_SAME_TEST,2,UNIFORM_13,16,110395,6899.6875,5048,29627,630,19,MIXED_4_8;MIXED_4_8_TOP2;MIXED_4_8_TOP5;MIXED_6_8;MIXED_6_8_TOP1;MIXED_6_8_TOP4;STOCHASTIC_4;UNIFORM_10;UNIFORM_11;UNIFORM_12;UNIFORM_13;UNIFORM_2;UNIFORM_3;UNIFORM_4;UNIFORM_5;UNIFORM_6;UNIFORM_7;UNIFORM_8;UNIFORM_9,False,"best feasible on the reused TEST sample; not DEV-selected, independent confirmation, or a superiority test","maximize the named metric, then RMST; minimize total bytes, then arm name lexicographically",lower-bound or point-estimate ordering does not establish statistical superiority,NOT_MEASURED,37ac95746ac07ed4e59b43d0298f17fb8981e07d158e2310c55657ed85a8e7af,128,UNIFORM_13,128,110395,37ac95746ac07ed4e59b43d0298f17fb8981e07d158e2310c55657ed85a8e7af,largest qualifying empirical sample grid horizon,largest qualifying empirical sample grid horizon,64,UNIFORM_13,64,110395,37ac95746ac07ed4e59b43d0298f17fb8981e07d158e2310c55657ed85a8e7af,simultaneous confidence-supported lower bound >= 64,simultaneous confidence-supported lower bound >= 64,64,UNIFORM_13,64,110395,37ac95746ac07ed4e59b43d0298f17fb8981e07d158e2310c55657ed85a8e7af,largest qualifying empirical sample grid horizon,largest qualifying empirical sample grid horizon,,,,,,no qualifying grid horizon (<32); not a measured zero horizon,no qualifying grid horizon (<32); not a measured zero horizon,239.998046875,UNIFORM_13,239.998046875,110395,37ac95746ac07ed4e59b43d0298f17fb8981e07d158e2310c55657ed85a8e7af,0.0,UNIFORM_13,0.0,110395,37ac95746ac07ed4e59b43d0298f17fb8981e07d158e2310c55657ed85a8e7af
POST_HOC_BUDGET_AUDIT_SAME_TEST,2,UNIFORM_13,128,675771,5279.4609375,5048,29627,630,19,MIXED_4_8;MIXED_4_8_TOP2;MIXED_4_8_TOP5;MIXED_6_8;MIXED_6_8_TOP1;MIXED_6_8_TOP4;STOCHASTIC_4;UNIFORM_10;UNIFORM_11;UNIFORM_12;UNIFORM_13;UNIFORM_2;UNIFORM_3;UNIFORM_4;UNIFORM_5;UNIFORM_6;UNIFORM_7;UNIFORM_8;UNIFORM_9,False,"best feasible on the reused TEST sample; not DEV-selected, independent confirmation, or a superiority test","maximize the named metric, then RMST; minimize total bytes, then arm name lexicographically",lower-bound or point-estimate ordering does not establish statistical superiority,NOT_MEASURED,37ac95746ac07ed4e59b43d0298f17fb8981e07d158e2310c55657ed85a8e7af,128,UNIFORM_13,128,675771,37ac95746ac07ed4e59b43d0298f17fb8981e07d158e2310c55657ed85a8e7af,largest qualifying empirical sample grid horizon,largest qualifying empirical sample grid horizon,64,UNIFORM_13,64,675771,37ac95746ac07ed4e59b43d0298f17fb8981e07d158e2310c55657ed85a8e7af,simultaneous confidence-supported lower bound >= 64,simultaneous confidence-supported lower bound >= 64,64,UNIFORM_13,64,675771,37ac95746ac07ed4e59b43d0298f17fb8981e07d158e2310c55657ed85a8e7af,largest qualifying empirical sample grid horizon,largest qualifying empirical sample grid horizon,,,,,,no qualifying grid horizon (<32); not a measured zero horizon,no qualifying grid horizon (<32); not a measured zero horizon,239.998046875,UNIFORM_13,239.998046875,675771,37ac95746ac07ed4e59b43d0298f17fb8981e07d158e2310c55657ed85a8e7af,0.0,UNIFORM_13,0.0,675771,37ac95746ac07ed4e59b43d0298f17fb8981e07d158e2310c55657ed85a8e7af
POST_HOC_BUDGET_AUDIT_SAME_TEST,2,UNIFORM_14,1,35059,35059.0,5432,29627,630,20,MIXED_4_8;MIXED_4_8_TOP2;MIXED_4_8_TOP5;MIXED_6_8;MIXED_6_8_TOP1;MIXED_6_8_TOP4;STOCHASTIC_4;UNIFORM_10;UNIFORM_11;UNIFORM_12;UNIFORM_13;UNIFORM_14;UNIFORM_2;UNIFORM_3;UNIFORM_4;UNIFORM_5;UNIFORM_6;UNIFORM_7;UNIFORM_8;UNIFORM_9,False,"best feasible on the reused TEST sample; not DEV-selected, independent confirmation, or a superiority test","maximize the named metric, then RMST; minimize total bytes, then arm name lexicographically",lower-bound or point-estimate ordering does not establish statistical superiority,NOT_MEASURED,3733dbe08ca89b54e70c6d86b6c7656aa29134038961908f58c32d59a909d428,128,UNIFORM_14,128,35059,3733dbe08ca89b54e70c6d86b6c7656aa29134038961908f58c32d59a909d428,largest qualifying empirical sample grid horizon,largest qualifying empirical sample grid horizon,64,UNIFORM_14,64,35059,3733dbe08ca89b54e70c6d86b6c7656aa29134038961908f58c32d59a909d428,simultaneous confidence-supported lower bound >= 64,simultaneous confidence-supported lower bound >= 64,64,UNIFORM_14,64,35059,3733dbe08ca89b54e70c6d86b6c7656aa29134038961908f58c32d59a909d428,largest qualifying empirical sample grid horizon,largest qualifying empirical sample grid horizon,,,,,,no qualifying grid horizon (<32); not a measured zero horizon,no qualifying grid horizon (<32); not a measured zero horizon,240.02734375,UNIFORM_14,240.02734375,35059,3733dbe08ca89b54e70c6d86b6c7656aa29134038961908f58c32d59a909d428,0.0,UNIFORM_14,0.0,35059,3733dbe08ca89b54e70c6d86b6c7656aa29134038961908f58c32d59a909d428
POST_HOC_BUDGET_AUDIT_SAME_TEST,2,UNIFORM_14,16,116539,7283.6875,5432,29627,630,20,MIXED_4_8;MIXED_4_8_TOP2;MIXED_4_8_TOP5;MIXED_6_8;MIXED_6_8_TOP1;MIXED_6_8_TOP4;STOCHASTIC_4;UNIFORM_10;UNIFORM_11;UNIFORM_12;UNIFORM_13;UNIFORM_14;UNIFORM_2;UNIFORM_3;UNIFORM_4;UNIFORM_5;UNIFORM_6;UNIFORM_7;UNIFORM_8;UNIFORM_9,False,"best feasible on the reused TEST sample; not DEV-selected, independent confirmation, or a superiority test","maximize the named metric, then RMST; minimize total bytes, then arm name lexicographically",lower-bound or point-estimate ordering does not establish statistical superiority,NOT_MEASURED,3733dbe08ca89b54e70c6d86b6c7656aa29134038961908f58c32d59a909d428,128,UNIFORM_14,128,116539,3733dbe08ca89b54e70c6d86b6c7656aa29134038961908f58c32d59a909d428,largest qualifying empirical sample grid horizon,largest qualifying empirical sample grid horizon,64,UNIFORM_14,64,116539,3733dbe08ca89b54e70c6d86b6c7656aa29134038961908f58c32d59a909d428,simultaneous confidence-supported lower bound >= 64,simultaneous confidence-supported lower bound >= 64,64,UNIFORM_14,64,116539,3733dbe08ca89b54e70c6d86b6c7656aa29134038961908f58c32d59a909d428,largest qualifying empirical sample grid horizon,largest qualifying empirical sample grid horizon,,,,,,no qualifying grid horizon (<32); not a measured zero horizon,no qualifying grid horizon (<32); not a measured zero horizon,240.02734375,UNIFORM_14,240.02734375,116539,3733dbe08ca89b54e70c6d86b6c7656aa29134038961908f58c32d59a909d428,0.0,UNIFORM_14,0.0,116539,3733dbe08ca89b54e70c6d86b6c7656aa29134038961908f58c32d59a909d428
POST_HOC_BUDGET_AUDIT_SAME_TEST,2,UNIFORM_14,128,724923,5663.4609375,5432,29627,630,20,MIXED_4_8;MIXED_4_8_TOP2;MIXED_4_8_TOP5;MIXED_6_8;MIXED_6_8_TOP1;MIXED_6_8_TOP4;STOCHASTIC_4;UNIFORM_10;UNIFORM_11;UNIFORM_12;UNIFORM_13;UNIFORM_14;UNIFORM_2;UNIFORM_3;UNIFORM_4;UNIFORM_5;UNIFORM_6;UNIFORM_7;UNIFORM_8;UNIFORM_9,False,"best feasible on the reused TEST sample; not DEV-selected, independent confirmation, or a superiority test","maximize the named metric, then RMST; minimize total bytes, then arm name lexicographically",lower-bound or point-estimate ordering does not establish statistical superiority,NOT_MEASURED,3733dbe08ca89b54e70c6d86b6c7656aa29134038961908f58c32d59a909d428,128,UNIFORM_14,128,724923,3733dbe08ca89b54e70c6d86b6c7656aa29134038961908f58c32d59a909d428,largest qualifying empirical sample grid horizon,largest qualifying empirical sample grid horizon,64,UNIFORM_14,64,724923,3733dbe08ca89b54e70c6d86b6c7656aa29134038961908f58c32d59a909d428,simultaneous confidence-supported lower bound >= 64,simultaneous confidence-supported lower bound >= 64,64,UNIFORM_14,64,724923,3733dbe08ca89b54e70c6d86b6c7656aa29134038961908f58c32d59a909d428,largest qualifying empirical sample grid horizon,largest qualifying empirical sample grid horizon,,,,,,no qualifying grid horizon (<32); not a measured zero horizon,no qualifying grid horizon (<32); not a measured zero horizon,240.02734375,UNIFORM_14,240.02734375,724923,3733dbe08ca89b54e70c6d86b6c7656aa29134038961908f58c32d59a909d428,0.0,UNIFORM_14,0.0,724923,3733dbe08ca89b54e70c6d86b6c7656aa29134038961908f58c32d59a909d428
POST_HOC_BUDGET_AUDIT_SAME_TEST,2,UNIFORM_15,1,35443,35443.0,5816,29627,630,21,MIXED_4_8;MIXED_4_8_TOP2;MIXED_4_8_TOP5;MIXED_6_8;MIXED_6_8_TOP1;MIXED_6_8_TOP4;STOCHASTIC_4;UNIFORM_10;UNIFORM_11;UNIFORM_12;UNIFORM_13;UNIFORM_14;UNIFORM_15;UNIFORM_2;UNIFORM_3;UNIFORM_4;UNIFORM_5;UNIFORM_6;UNIFORM_7;UNIFORM_8;UNIFORM_9,False,"best feasible on the reused TEST sample; not DEV-selected, independent confirmation, or a superiority test","maximize the named metric, then RMST; minimize total bytes, then arm name lexicographically",lower-bound or point-estimate ordering does not establish statistical superiority,NOT_MEASURED,0ceb78350c62061a931f187056b3c00f473ce7c3b5be7c442fb6c21bbb512582,128,UNIFORM_14,128,35059,3733dbe08ca89b54e70c6d86b6c7656aa29134038961908f58c32d59a909d428,largest qualifying empirical sample grid horizon,largest qualifying empirical sample grid horizon,64,UNIFORM_14,64,35059,3733dbe08ca89b54e70c6d86b6c7656aa29134038961908f58c32d59a909d428,simultaneous confidence-supported lower bound >= 64,simultaneous confidence-supported lower bound >= 64,64,UNIFORM_14,64,35059,3733dbe08ca89b54e70c6d86b6c7656aa29134038961908f58c32d59a909d428,largest qualifying empirical sample grid horizon,largest qualifying empirical sample grid horizon,,,,,,no qualifying grid horizon (<32); not a measured zero horizon,no qualifying grid horizon (<32); not a measured zero horizon,239.990234375,UNIFORM_14,240.02734375,35059,3733dbe08ca89b54e70c6d86b6c7656aa29134038961908f58c32d59a909d428,0.0,UNIFORM_14,0.0,35059,3733dbe08ca89b54e70c6d86b6c7656aa29134038961908f58c32d59a909d428
POST_HOC_BUDGET_AUDIT_SAME_TEST,2,UNIFORM_15,16,122683,7667.6875,5816,29627,630,21,MIXED_4_8;MIXED_4_8_TOP2;MIXED_4_8_TOP5;MIXED_6_8;MIXED_6_8_TOP1;MIXED_6_8_TOP4;STOCHASTIC_4;UNIFORM_10;UNIFORM_11;UNIFORM_12;UNIFORM_13;UNIFORM_14;UNIFORM_15;UNIFORM_2;UNIFORM_3;UNIFORM_4;UNIFORM_5;UNIFORM_6;UNIFORM_7;UNIFORM_8;UNIFORM_9,False,"best feasible on the reused TEST sample; not DEV-selected, independent confirmation, or a superiority test","maximize the named metric, then RMST; minimize total bytes, then arm name lexicographically",lower-bound or point-estimate ordering does not establish statistical superiority,NOT_MEASURED,0ceb78350c62061a931f187056b3c00f473ce7c3b5be7c442fb6c21bbb512582,128,UNIFORM_14,128,116539,3733dbe08ca89b54e70c6d86b6c7656aa29134038961908f58c32d59a909d428,largest qualifying empirical sample grid horizon,largest qualifying empirical sample grid horizon,64,UNIFORM_14,64,116539,3733dbe08ca89b54e70c6d86b6c7656aa29134038961908f58c32d59a909d428,simultaneous confidence-supported lower bound >= 64,simultaneous confidence-supported lower bound >= 64,64,UNIFORM_14,64,116539,3733dbe08ca89b54e70c6d86b6c7656aa29134038961908f58c32d59a909d428,largest qualifying empirical sample grid horizon,largest qualifying empirical sample grid horizon,,,,,,no qualifying grid horizon (<32); not a measured zero horizon,no qualifying grid horizon (<32); not a measured zero horizon,239.990234375,UNIFORM_14,240.02734375,116539,3733dbe08ca89b54e70c6d86b6c7656aa29134038961908f58c32d59a909d428,0.0,UNIFORM_14,0.0,116539,3733dbe08ca89b54e70c6d86b6c7656aa29134038961908f58c32d59a909d428
POST_HOC_BUDGET_AUDIT_SAME_TEST,2,UNIFORM_15,128,774075,6047.4609375,5816,29627,630,21,MIXED_4_8;MIXED_4_8_TOP2;MIXED_4_8_TOP5;MIXED_6_8;MIXED_6_8_TOP1;MIXED_6_8_TOP4;STOCHASTIC_4;UNIFORM_10;UNIFORM_11;UNIFORM_12;UNIFORM_13;UNIFORM_14;UNIFORM_15;UNIFORM_2;UNIFORM_3;UNIFORM_4;UNIFORM_5;UNIFORM_6;UNIFORM_7;UNIFORM_8;UNIFORM_9,False,"best feasible on the reused TEST sample; not DEV-selected, independent confirmation, or a superiority test","maximize the named metric, then RMST; minimize total bytes, then arm name lexicographically",lower-bound or point-estimate ordering does not establish statistical superiority,NOT_MEASURED,0ceb78350c62061a931f187056b3c00f473ce7c3b5be7c442fb6c21bbb512582,128,UNIFORM_14,128,724923,3733dbe08ca89b54e70c6d86b6c7656aa29134038961908f58c32d59a909d428,largest qualifying empirical sample grid horizon,largest qualifying empirical sample grid horizon,64,UNIFORM_14,64,724923,3733dbe08ca89b54e70c6d86b6c7656aa29134038961908f58c32d59a909d428,simultaneous confidence-supported lower bound >= 64,simultaneous confidence-supported lower bound >= 64,64,UNIFORM_14,64,724923,3733dbe08ca89b54e70c6d86b6c7656aa29134038961908f58c32d59a909d428,largest qualifying empirical sample grid horizon,largest qualifying empirical sample grid horizon,,,,,,no qualifying grid horizon (<32); not a measured zero horizon,no qualifying grid horizon (<32); not a measured zero horizon,239.990234375,UNIFORM_14,240.02734375,724923,3733dbe08ca89b54e70c6d86b6c7656aa29134038961908f58c32d59a909d428,0.0,UNIFORM_14,0.0,724923,3733dbe08ca89b54e70c6d86b6c7656aa29134038961908f58c32d59a909d428
POST_HOC_BUDGET_AUDIT_SAME_TEST,2,UNIFORM_16,1,35827,35827.0,6200,29627,630,22,MIXED_4_8;MIXED_4_8_TOP2;MIXED_4_8_TOP5;MIXED_6_8;MIXED_6_8_TOP1;MIXED_6_8_TOP4;STOCHASTIC_4;UNIFORM_10;UNIFORM_11;UNIFORM_12;UNIFORM_13;UNIFORM_14;UNIFORM_15;UNIFORM_16;UNIFORM_2;UNIFORM_3;UNIFORM_4;UNIFORM_5;UNIFORM_6;UNIFORM_7;UNIFORM_8;UNIFORM_9,False,"best feasible on the reused TEST sample; not DEV-selected, independent confirmation, or a superiority test","maximize the named metric, then RMST; minimize total bytes, then arm name lexicographically",lower-bound or point-estimate ordering does not establish statistical superiority,NOT_MEASURED,9ffc2039a28afb0c58a2d9596241a131333449b8d782f8dccbbc2269efc575e9,128,UNIFORM_14,128,35059,3733dbe08ca89b54e70c6d86b6c7656aa29134038961908f58c32d59a909d428,largest qualifying empirical sample grid horizon,largest qualifying empirical sample grid horizon,64,UNIFORM_14,64,35059,3733dbe08ca89b54e70c6d86b6c7656aa29134038961908f58c32d59a909d428,simultaneous confidence-supported lower bound >= 64,simultaneous confidence-supported lower bound >= 64,64,UNIFORM_14,64,35059,3733dbe08ca89b54e70c6d86b6c7656aa29134038961908f58c32d59a909d428,largest qualifying empirical sample grid horizon,largest qualifying empirical sample grid horizon,,,,,,no qualifying grid horizon (<32); not a measured zero horizon,no qualifying grid horizon (<32); not a measured zero horizon,239.990234375,UNIFORM_14,240.02734375,35059,3733dbe08ca89b54e70c6d86b6c7656aa29134038961908f58c32d59a909d428,0.0,UNIFORM_14,0.0,35059,3733dbe08ca89b54e70c6d86b6c7656aa29134038961908f58c32d59a909d428
POST_HOC_BUDGET_AUDIT_SAME_TEST,2,UNIFORM_16,16,128827,8051.6875,6200,29627,630,22,MIXED_4_8;MIXED_4_8_TOP2;MIXED_4_8_TOP5;MIXED_6_8;MIXED_6_8_TOP1;MIXED_6_8_TOP4;STOCHASTIC_4;UNIFORM_10;UNIFORM_11;UNIFORM_12;UNIFORM_13;UNIFORM_14;UNIFORM_15;UNIFORM_16;UNIFORM_2;UNIFORM_3;UNIFORM_4;UNIFORM_5;UNIFORM_6;UNIFORM_7;UNIFORM_8;UNIFORM_9,False,"best feasible on the reused TEST sample; not DEV-selected, independent confirmation, or a superiority test","maximize the named metric, then RMST; minimize total bytes, then arm name lexicographically",lower-bound or point-estimate ordering does not establish statistical superiority,NOT_MEASURED,9ffc2039a28afb0c58a2d9596241a131333449b8d782f8dccbbc2269efc575e9,128,UNIFORM_14,128,116539,3733dbe08ca89b54e70c6d86b6c7656aa29134038961908f58c32d59a909d428,largest qualifying empirical sample grid horizon,largest qualifying empirical sample grid horizon,64,UNIFORM_14,64,116539,3733dbe08ca89b54e70c6d86b6c7656aa29134038961908f58c32d59a909d428,simultaneous confidence-supported lower bound >= 64,simultaneous confidence-supported lower bound >= 64,64,UNIFORM_14,64,116539,3733dbe08ca89b54e70c6d86b6c7656aa29134038961908f58c32d59a909d428,largest qualifying empirical sample grid horizon,largest qualifying empirical sample grid horizon,,,,,,no qualifying grid horizon (<32); not a measured zero horizon,no qualifying grid horizon (<32); not a measured zero horizon,239.990234375,UNIFORM_14,240.02734375,116539,3733dbe08ca89b54e70c6d86b6c7656aa29134038961908f58c32d59a909d428,0.0,UNIFORM_14,0.0,116539,3733dbe08ca89b54e70c6d86b6c7656aa29134038961908f58c32d59a909d428
POST_HOC_BUDGET_AUDIT_SAME_TEST,2,UNIFORM_16,128,823227,6431.4609375,6200,29627,630,22,MIXED_4_8;MIXED_4_8_TOP2;MIXED_4_8_TOP5;MIXED_6_8;MIXED_6_8_TOP1;MIXED_6_8_TOP4;STOCHASTIC_4;UNIFORM_10;UNIFORM_11;UNIFORM_12;UNIFORM_13;UNIFORM_14;UNIFORM_15;UNIFORM_16;UNIFORM_2;UNIFORM_3;UNIFORM_4;UNIFORM_5;UNIFORM_6;UNIFORM_7;UNIFORM_8;UNIFORM_9,False,"best feasible on the reused TEST sample; not DEV-selected, independent confirmation, or a superiority test","maximize the named metric, then RMST; minimize total bytes, then arm name lexicographically",lower-bound or point-estimate ordering does not establish statistical superiority,NOT_MEASURED,9ffc2039a28afb0c58a2d9596241a131333449b8d782f8dccbbc2269efc575e9,128,UNIFORM_14,128,724923,3733dbe08ca89b54e70c6d86b6c7656aa29134038961908f58c32d59a909d428,largest qualifying empirical sample grid horizon,largest qualifying empirical sample grid horizon,64,UNIFORM_14,64,724923,3733dbe08ca89b54e70c6d86b6c7656aa29134038961908f58c32d59a909d428,simultaneous confidence-supported lower bound >= 64,simultaneous confidence-supported lower bound >= 64,64,UNIFORM_14,64,724923,3733dbe08ca89b54e70c6d86b6c7656aa29134038961908f58c32d59a909d428,largest qualifying empirical sample grid horizon,largest qualifying empirical sample grid horizon,,,,,,no qualifying grid horizon (<32); not a measured zero horizon,no qualifying grid horizon (<32); not a measured zero horizon,239.990234375,UNIFORM_14,240.02734375,724923,3733dbe08ca89b54e70c6d86b6c7656aa29134038961908f58c32d59a909d428,0.0,UNIFORM_14,0.0,724923,3733dbe08ca89b54e70c6d86b6c7656aa29134038961908f58c32d59a909d428
POST_HOC_BUDGET_AUDIT_SAME_TEST,2,UNIFORM_2,1,30450,30450.0,824,29626,630,1,UNIFORM_2,False,"best feasible on the reused TEST sample; not DEV-selected, independent confirmation, or a superiority test","maximize the named metric, then RMST; minimize total bytes, then arm name lexicographically",lower-bound or point-estimate ordering does not establish statistical superiority,NOT_MEASURED,5491ae96e72e74da8f587aa88355a2686492b31a8aaa344ab368b753a165ec7c,,,,,,no qualifying grid horizon (<32); not a measured zero horizon,no qualifying grid horizon (<32); not a measured zero horizon,,,,,,no qualifying grid horizon (<32); not a measured zero horizon,no qualifying grid horizon (<32); not a measured zero horizon,,,,,,no qualifying grid horizon (<32); not a measured zero horizon,no qualifying grid horizon (<32); not a measured zero horizon,,,,,,no qualifying grid horizon (<32); not a measured zero horizon,no qualifying grid horizon (<32); not a measured zero horizon,11.212890625,UNIFORM_2,11.212890625,30450,5491ae96e72e74da8f587aa88355a2686492b31a8aaa344ab368b753a165ec7c,0.0,UNIFORM_2,0.0,30450,5491ae96e72e74da8f587aa88355a2686492b31a8aaa344ab368b753a165ec7c
POST_HOC_BUDGET_AUDIT_SAME_TEST,2,UNIFORM_2,16,42810,2675.625,824,29626,630,1,UNIFORM_2,False,"best feasible on the reused TEST sample; not DEV-selected, independent confirmation, or a superiority test","maximize the named metric, then RMST; minimize total bytes, then arm name lexicographically",lower-bound or point-estimate ordering does not establish statistical superiority,NOT_MEASURED,5491ae96e72e74da8f587aa88355a2686492b31a8aaa344ab368b753a165ec7c,,,,,,no qualifying grid horizon (<32); not a measured zero horizon,no qualifying grid horizon (<32); not a measured zero horizon,,,,,,no qualifying grid horizon (<32); not a measured zero horizon,no qualifying grid horizon (<32); not a measured zero horizon,,,,,,no qualifying grid horizon (<32); not a measured zero horizon,no qualifying grid horizon (<32); not a measured zero horizon,,,,,,no qualifying grid horizon (<32); not a measured zero horizon,no qualifying grid horizon (<32); not a measured zero horizon,11.212890625,UNIFORM_2,11.212890625,42810,5491ae96e72e74da8f587aa88355a2686492b31a8aaa344ab368b753a165ec7c,0.0,UNIFORM_2,0.0,42810,5491ae96e72e74da8f587aa88355a2686492b31a8aaa344ab368b753a165ec7c
POST_HOC_BUDGET_AUDIT_SAME_TEST,2,UNIFORM_2,128,135098,1055.453125,824,29626,630,1,UNIFORM_2,False,"best feasible on the reused TEST sample; not DEV-selected, independent confirmation, or a superiority test","maximize the named metric, then RMST; minimize total bytes, then arm name lexicographically",lower-bound or point-estimate ordering does not establish statistical superiority,NOT_MEASURED,5491ae96e72e74da8f587aa88355a2686492b31a8aaa344ab368b753a165ec7c,,,,,,no qualifying grid horizon (<32); not a measured zero horizon,no qualifying grid horizon (<32); not a measured zero horizon,,,,,,no qualifying grid horizon (<32); not a measured zero horizon,no qualifying grid horizon (<32); not a measured zero horizon,,,,,,no qualifying grid horizon (<32); not a measured zero horizon,no qualifying grid horizon (<32); not a measured zero horizon,,,,,,no qualifying grid horizon (<32); not a measured zero horizon,no qualifying grid horizon (<32); not a measured zero horizon,11.212890625,UNIFORM_2,11.212890625,135098,5491ae96e72e74da8f587aa88355a2686492b31a8aaa344ab368b753a165ec7c,0.0,UNIFORM_2,0.0,135098,5491ae96e72e74da8f587aa88355a2686492b31a8aaa344ab368b753a165ec7c
POST_HOC_BUDGET_AUDIT_SAME_TEST,2,UNIFORM_3,1,30834,30834.0,1208,29626,630,2,UNIFORM_2;UNIFORM_3,False,"best feasible on the reused TEST sample; not DEV-selected, independent confirmation, or a superiority test","maximize the named metric, then RMST; minimize total bytes, then arm name lexicographically",lower-bound or point-estimate ordering does not establish statistical superiority,NOT_MEASURED,717016d8e0b40b83ab6590d23ce60fb5e3745c59a94db605f28c8318484ea211,32,UNIFORM_3,32,30834,717016d8e0b40b83ab6590d23ce60fb5e3745c59a94db605f28c8318484ea211,largest qualifying empirical sample grid horizon,largest qualifying empirical sample grid horizon,32,UNIFORM_3,32,30834,717016d8e0b40b83ab6590d23ce60fb5e3745c59a94db605f28c8318484ea211,simultaneous confidence-supported lower bound >= 32,simultaneous confidence-supported lower bound >= 32,,,,,,no qualifying grid horizon (<32); not a measured zero horizon,no qualifying grid horizon (<32); not a measured zero horizon,,,,,,no qualifying grid horizon (<32); not a measured zero horizon,no qualifying grid horizon (<32); not a measured zero horizon,84.41796875,UNIFORM_3,84.41796875,30834,717016d8e0b40b83ab6590d23ce60fb5e3745c59a94db605f28c8318484ea211,0.0,UNIFORM_3,0.0,30834,717016d8e0b40b83ab6590d23ce60fb5e3745c59a94db605f28c8318484ea211
POST_HOC_BUDGET_AUDIT_SAME_TEST,2,UNIFORM_3,16,48954,3059.625,1208,29626,630,2,UNIFORM_2;UNIFORM_3,False,"best feasible on the reused TEST sample; not DEV-selected, independent confirmation, or a superiority test","maximize the named metric, then RMST; minimize total bytes, then arm name lexicographically",lower-bound or point-estimate ordering does not establish statistical superiority,NOT_MEASURED,717016d8e0b40b83ab6590d23ce60fb5e3745c59a94db605f28c8318484ea211,32,UNIFORM_3,32,48954,717016d8e0b40b83ab6590d23ce60fb5e3745c59a94db605f28c8318484ea211,largest qualifying empirical sample grid horizon,largest qualifying empirical sample grid horizon,32,UNIFORM_3,32,48954,717016d8e0b40b83ab6590d23ce60fb5e3745c59a94db605f28c8318484ea211,simultaneous confidence-supported lower bound >= 32,simultaneous confidence-supported lower bound >= 32,,,,,,no qualifying grid horizon (<32); not a measured zero horizon,no qualifying grid horizon (<32); not a measured zero horizon,,,,,,no qualifying grid horizon (<32); not a measured zero horizon,no qualifying grid horizon (<32); not a measured zero horizon,84.41796875,UNIFORM_3,84.41796875,48954,717016d8e0b40b83ab6590d23ce60fb5e3745c59a94db605f28c8318484ea211,0.0,UNIFORM_3,0.0,48954,717016d8e0b40b83ab6590d23ce60fb5e3745c59a94db605f28c8318484ea211
POST_HOC_BUDGET_AUDIT_SAME_TEST,2,UNIFORM_3,128,184250,1439.453125,1208,29626,630,2,UNIFORM_2;UNIFORM_3,False,"best feasible on the reused TEST sample; not DEV-selected, independent confirmation, or a superiority test","maximize the named metric, then RMST; minimize total bytes, then arm name lexicographically",lower-bound or point-estimate ordering does not establish statistical superiority,NOT_MEASURED,717016d8e0b40b83ab6590d23ce60fb5e3745c59a94db605f28c8318484ea211,32,UNIFORM_3,32,184250,717016d8e0b40b83ab6590d23ce60fb5e3745c59a94db605f28c8318484ea211,largest qualifying empirical sample grid horizon,largest qualifying empirical sample grid horizon,32,UNIFORM_3,32,184250,717016d8e0b40b83ab6590d23ce60fb5e3745c59a94db605f28c8318484ea211,simultaneous confidence-supported lower bound >= 32,simultaneous confidence-supported lower bound >= 32,,,,,,no qualifying grid horizon (<32); not a measured zero horizon,no qualifying grid horizon (<32); not a measured zero horizon,,,,,,no qualifying grid horizon (<32); not a measured zero horizon,no qualifying grid horizon (<32); not a measured zero horizon,84.41796875,UNIFORM_3,84.41796875,184250,717016d8e0b40b83ab6590d23ce60fb5e3745c59a94db605f28c8318484ea211,0.0,UNIFORM_3,0.0,184250,717016d8e0b40b83ab6590d23ce60fb5e3745c59a94db605f28c8318484ea211
POST_HOC_BUDGET_AUDIT_SAME_TEST,2,UNIFORM_4,1,31218,31218.0,1592,29626,630,3,UNIFORM_2;UNIFORM_3;UNIFORM_4,False,"best feasible on the reused TEST sample; not DEV-selected, independent confirmation, or a superiority test","maximize the named metric, then RMST; minimize total bytes, then arm name lexicographically",lower-bound or point-estimate ordering does not establish statistical superiority,NOT_MEASURED,758fd85b202244422a4149d96e87769cca4e56dd88c40547b31eb2f2d3e644e6,64,UNIFORM_4,64,31218,758fd85b202244422a4149d96e87769cca4e56dd88c40547b31eb2f2d3e644e6,largest qualifying empirical sample grid horizon,largest qualifying empirical sample grid horizon,64,UNIFORM_4,64,31218,758fd85b202244422a4149d96e87769cca4e56dd88c40547b31eb2f2d3e644e6,simultaneous confidence-supported lower bound >= 64,simultaneous confidence-supported lower bound >= 64,64,UNIFORM_4,64,31218,758fd85b202244422a4149d96e87769cca4e56dd88c40547b31eb2f2d3e644e6,largest qualifying empirical sample grid horizon,largest qualifying empirical sample grid horizon,,,,,,no qualifying grid horizon (<32); not a measured zero horizon,no qualifying grid horizon (<32); not a measured zero horizon,185.5078125,UNIFORM_4,185.5078125,31218,758fd85b202244422a4149d96e87769cca4e56dd88c40547b31eb2f2d3e644e6,0.0,UNIFORM_4,0.0,31218,758fd85b202244422a4149d96e87769cca4e56dd88c40547b31eb2f2d3e644e6
POST_HOC_BUDGET_AUDIT_SAME_TEST,2,UNIFORM_4,16,55098,3443.625,1592,29626,630,3,UNIFORM_2;UNIFORM_3;UNIFORM_4,False,"best feasible on the reused TEST sample; not DEV-selected, independent confirmation, or a superiority test","maximize the named metric, then RMST; minimize total bytes, then arm name lexicographically",lower-bound or point-estimate ordering does not establish statistical superiority,NOT_MEASURED,758fd85b202244422a4149d96e87769cca4e56dd88c40547b31eb2f2d3e644e6,64,UNIFORM_4,64,55098,758fd85b202244422a4149d96e87769cca4e56dd88c40547b31eb2f2d3e644e6,largest qualifying empirical sample grid horizon,largest qualifying empirical sample grid horizon,64,UNIFORM_4,64,55098,758fd85b202244422a4149d96e87769cca4e56dd88c40547b31eb2f2d3e644e6,simultaneous confidence-supported lower bound >= 64,simultaneous confidence-supported lower bound >= 64,64,UNIFORM_4,64,55098,758fd85b202244422a4149d96e87769cca4e56dd88c40547b31eb2f2d3e644e6,largest qualifying empirical sample grid horizon,largest qualifying empirical sample grid horizon,,,,,,no qualifying grid horizon (<32); not a measured zero horizon,no qualifying grid horizon (<32); not a measured zero horizon,185.5078125,UNIFORM_4,185.5078125,55098,758fd85b202244422a4149d96e87769cca4e56dd88c40547b31eb2f2d3e644e6,0.0,UNIFORM_4,0.0,55098,758fd85b202244422a4149d96e87769cca4e56dd88c40547b31eb2f2d3e644e6
POST_HOC_BUDGET_AUDIT_SAME_TEST,2,UNIFORM_4,128,233402,1823.453125,1592,29626,630,3,UNIFORM_2;UNIFORM_3;UNIFORM_4,False,"best feasible on the reused TEST sample; not DEV-selected, independent confirmation, or a superiority test","maximize the named metric, then RMST; minimize total bytes, then arm name lexicographically",lower-bound or point-estimate ordering does not establish statistical superiority,NOT_MEASURED,758fd85b202244422a4149d96e87769cca4e56dd88c40547b31eb2f2d3e644e6,64,UNIFORM_4,64,233402,758fd85b202244422a4149d96e87769cca4e56dd88c40547b31eb2f2d3e644e6,largest qualifying empirical sample grid horizon,largest qualifying empirical sample grid horizon,64,UNIFORM_4,64,233402,758fd85b202244422a4149d96e87769cca4e56dd88c40547b31eb2f2d3e644e6,simultaneous confidence-supported lower bound >= 64,simultaneous confidence-supported lower bound >= 64,64,UNIFORM_4,64,233402,758fd85b202244422a4149d96e87769cca4e56dd88c40547b31eb2f2d3e644e6,largest qualifying empirical sample grid horizon,largest qualifying empirical sample grid horizon,,,,,,no qualifying grid horizon (<32); not a measured zero horizon,no qualifying grid horizon (<32); not a measured zero horizon,185.5078125,UNIFORM_4,185.5078125,233402,758fd85b202244422a4149d96e87769cca4e56dd88c40547b31eb2f2d3e644e6,0.0,UNIFORM_4,0.0,233402,758fd85b202244422a4149d96e87769cca4e56dd88c40547b31eb2f2d3e644e6
POST_HOC_BUDGET_AUDIT_SAME_TEST,2,UNIFORM_5,1,31602,31602.0,1976,29626,630,5,STOCHASTIC_4;UNIFORM_2;UNIFORM_3;UNIFORM_4;UNIFORM_5,False,"best feasible on the reused TEST sample; not DEV-selected, independent confirmation, or a superiority test","maximize the named metric, then RMST; minimize total bytes, then arm name lexicographically",lower-bound or point-estimate ordering does not establish statistical superiority,NOT_MEASURED,63d35a47ee996398ecdb807e806b46d4956dfbf2e7fe1c4da93392357c8094c2,128,UNIFORM_5,128,31602,63d35a47ee996398ecdb807e806b46d4956dfbf2e7fe1c4da93392357c8094c2,largest qualifying empirical sample grid horizon,largest qualifying empirical sample grid horizon,64,UNIFORM_5,64,31602,63d35a47ee996398ecdb807e806b46d4956dfbf2e7fe1c4da93392357c8094c2,simultaneous confidence-supported lower bound >= 64,simultaneous confidence-supported lower bound >= 64,64,UNIFORM_5,64,31602,63d35a47ee996398ecdb807e806b46d4956dfbf2e7fe1c4da93392357c8094c2,largest qualifying empirical sample grid horizon,largest qualifying empirical sample grid horizon,,,,,,no qualifying grid horizon (<32); not a measured zero horizon,no qualifying grid horizon (<32); not a measured zero horizon,226.484375,UNIFORM_5,226.484375,31602,63d35a47ee996398ecdb807e806b46d4956dfbf2e7fe1c4da93392357c8094c2,0.0,UNIFORM_5,0.0,31602,63d35a47ee996398ecdb807e806b46d4956dfbf2e7fe1c4da93392357c8094c2
POST_HOC_BUDGET_AUDIT_SAME_TEST,2,UNIFORM_5,16,61242,3827.625,1976,29626,630,6,MIXED_4_8_TOP2;STOCHASTIC_4;UNIFORM_2;UNIFORM_3;UNIFORM_4;UNIFORM_5,False,"best feasible on the reused TEST sample; not DEV-selected, independent confirmation, or a superiority test","maximize the named metric, then RMST; minimize total bytes, then arm name lexicographically",lower-bound or point-estimate ordering does not establish statistical superiority,NOT_MEASURED,63d35a47ee996398ecdb807e806b46d4956dfbf2e7fe1c4da93392357c8094c2,128,UNIFORM_5,128,61242,63d35a47ee996398ecdb807e806b46d4956dfbf2e7fe1c4da93392357c8094c2,largest qualifying empirical sample grid horizon,largest qualifying empirical sample grid horizon,64,UNIFORM_5,64,61242,63d35a47ee996398ecdb807e806b46d4956dfbf2e7fe1c4da93392357c8094c2,simultaneous confidence-supported lower bound >= 64,simultaneous confidence-supported lower bound >= 64,64,UNIFORM_5,64,61242,63d35a47ee996398ecdb807e806b46d4956dfbf2e7fe1c4da93392357c8094c2,largest qualifying empirical sample grid horizon,largest qualifying empirical sample grid horizon,,,,,,no qualifying grid horizon (<32); not a measured zero horizon,no qualifying grid horizon (<32); not a measured zero horizon,226.484375,UNIFORM_5,226.484375,61242,63d35a47ee996398ecdb807e806b46d4956dfbf2e7fe1c4da93392357c8094c2,0.0,UNIFORM_5,0.0,61242,63d35a47ee996398ecdb807e806b46d4956dfbf2e7fe1c4da93392357c8094c2
POST_HOC_BUDGET_AUDIT_SAME_TEST,2,UNIFORM_5,128,282554,2207.453125,1976,29626,630,6,MIXED_4_8_TOP2;STOCHASTIC_4;UNIFORM_2;UNIFORM_3;UNIFORM_4;UNIFORM_5,False,"best feasible on the reused TEST sample; not DEV-selected, independent confirmation, or a superiority test","maximize the named metric, then RMST; minimize total bytes, then arm name lexicographically",lower-bound or point-estimate ordering does not establish statistical superiority,NOT_MEASURED,63d35a47ee996398ecdb807e806b46d4956dfbf2e7fe1c4da93392357c8094c2,128,UNIFORM_5,128,282554,63d35a47ee996398ecdb807e806b46d4956dfbf2e7fe1c4da93392357c8094c2,largest qualifying empirical sample grid horizon,largest qualifying empirical sample grid horizon,64,UNIFORM_5,64,282554,63d35a47ee996398ecdb807e806b46d4956dfbf2e7fe1c4da93392357c8094c2,simultaneous confidence-supported lower bound >= 64,simultaneous confidence-supported lower bound >= 64,64,UNIFORM_5,64,282554,63d35a47ee996398ecdb807e806b46d4956dfbf2e7fe1c4da93392357c8094c2,largest qualifying empirical sample grid horizon,largest qualifying empirical sample grid horizon,,,,,,no qualifying grid horizon (<32); not a measured zero horizon,no qualifying grid horizon (<32); not a measured zero horizon,226.484375,UNIFORM_5,226.484375,282554,63d35a47ee996398ecdb807e806b46d4956dfbf2e7fe1c4da93392357c8094c2,0.0,UNIFORM_5,0.0,282554,63d35a47ee996398ecdb807e806b46d4956dfbf2e7fe1c4da93392357c8094c2
POST_HOC_BUDGET_AUDIT_SAME_TEST,2,UNIFORM_6,1,31986,31986.0,2360,29626,630,7,MIXED_4_8_TOP2;STOCHASTIC_4;UNIFORM_2;UNIFORM_3;UNIFORM_4;UNIFORM_5;UNIFORM_6,False,"best feasible on the reused TEST sample; not DEV-selected, independent confirmation, or a superiority test","maximize the named metric, then RMST; minimize total bytes, then arm name lexicographically",lower-bound or point-estimate ordering does not establish statistical superiority,NOT_MEASURED,d04fdd7d49aeaec80e9ab3ba9d842736014a4009b69d584c8d1147f58ea461ec,128,UNIFORM_6,128,31986,d04fdd7d49aeaec80e9ab3ba9d842736014a4009b69d584c8d1147f58ea461ec,largest qualifying empirical sample grid horizon,largest qualifying empirical sample grid horizon,64,UNIFORM_6,64,31986,d04fdd7d49aeaec80e9ab3ba9d842736014a4009b69d584c8d1147f58ea461ec,simultaneous confidence-supported lower bound >= 64,simultaneous confidence-supported lower bound >= 64,64,UNIFORM_6,64,31986,d04fdd7d49aeaec80e9ab3ba9d842736014a4009b69d584c8d1147f58ea461ec,largest qualifying empirical sample grid horizon,largest qualifying empirical sample grid horizon,,,,,,no qualifying grid horizon (<32); not a measured zero horizon,no qualifying grid horizon (<32); not a measured zero horizon,235.453125,UNIFORM_6,235.453125,31986,d04fdd7d49aeaec80e9ab3ba9d842736014a4009b69d584c8d1147f58ea461ec,0.0,UNIFORM_6,0.0,31986,d04fdd7d49aeaec80e9ab3ba9d842736014a4009b69d584c8d1147f58ea461ec
POST_HOC_BUDGET_AUDIT_SAME_TEST,2,UNIFORM_6,16,67386,4211.625,2360,29626,630,9,MIXED_4_8;MIXED_4_8_TOP2;MIXED_4_8_TOP5;STOCHASTIC_4;UNIFORM_2;UNIFORM_3;UNIFORM_4;UNIFORM_5;UNIFORM_6,False,"best feasible on the reused TEST sample; not DEV-selected, independent confirmation, or a superiority test","maximize the named metric, then RMST; minimize total bytes, then arm name lexicographically",lower-bound or point-estimate ordering does not establish statistical superiority,NOT_MEASURED,d04fdd7d49aeaec80e9ab3ba9d842736014a4009b69d584c8d1147f58ea461ec,128,UNIFORM_6,128,67386,d04fdd7d49aeaec80e9ab3ba9d842736014a4009b69d584c8d1147f58ea461ec,largest qualifying empirical sample grid horizon,largest qualifying empirical sample grid horizon,64,UNIFORM_6,64,67386,d04fdd7d49aeaec80e9ab3ba9d842736014a4009b69d584c8d1147f58ea461ec,simultaneous confidence-supported lower bound >= 64,simultaneous confidence-supported lower bound >= 64,64,UNIFORM_6,64,67386,d04fdd7d49aeaec80e9ab3ba9d842736014a4009b69d584c8d1147f58ea461ec,largest qualifying empirical sample grid horizon,largest qualifying empirical sample grid horizon,,,,,,no qualifying grid horizon (<32); not a measured zero horizon,no qualifying grid horizon (<32); not a measured zero horizon,235.453125,UNIFORM_6,235.453125,67386,d04fdd7d49aeaec80e9ab3ba9d842736014a4009b69d584c8d1147f58ea461ec,0.0,UNIFORM_6,0.0,67386,d04fdd7d49aeaec80e9ab3ba9d842736014a4009b69d584c8d1147f58ea461ec
POST_HOC_BUDGET_AUDIT_SAME_TEST,2,UNIFORM_6,128,331706,2591.453125,2360,29626,630,9,MIXED_4_8;MIXED_4_8_TOP2;MIXED_4_8_TOP5;STOCHASTIC_4;UNIFORM_2;UNIFORM_3;UNIFORM_4;UNIFORM_5;UNIFORM_6,False,"best feasible on the reused TEST sample; not DEV-selected, independent confirmation, or a superiority test","maximize the named metric, then RMST; minimize total bytes, then arm name lexicographically",lower-bound or point-estimate ordering does not establish statistical superiority,NOT_MEASURED,d04fdd7d49aeaec80e9ab3ba9d842736014a4009b69d584c8d1147f58ea461ec,128,UNIFORM_6,128,331706,d04fdd7d49aeaec80e9ab3ba9d842736014a4009b69d584c8d1147f58ea461ec,largest qualifying empirical sample grid horizon,largest qualifying empirical sample grid horizon,64,UNIFORM_6,64,331706,d04fdd7d49aeaec80e9ab3ba9d842736014a4009b69d584c8d1147f58ea461ec,simultaneous confidence-supported lower bound >= 64,simultaneous confidence-supported lower bound >= 64,64,UNIFORM_6,64,331706,d04fdd7d49aeaec80e9ab3ba9d842736014a4009b69d584c8d1147f58ea461ec,largest qualifying empirical sample grid horizon,largest qualifying empirical sample grid horizon,,,,,,no qualifying grid horizon (<32); not a measured zero horizon,no qualifying grid horizon (<32); not a measured zero horizon,235.453125,UNIFORM_6,235.453125,331706,d04fdd7d49aeaec80e9ab3ba9d842736014a4009b69d584c8d1147f58ea461ec,0.0,UNIFORM_6,0.0,331706,d04fdd7d49aeaec80e9ab3ba9d842736014a4009b69d584c8d1147f58ea461ec
POST_HOC_BUDGET_AUDIT_SAME_TEST,2,UNIFORM_7,1,32370,32370.0,2744,29626,630,10,MIXED_4_8;MIXED_4_8_TOP2;MIXED_4_8_TOP5;STOCHASTIC_4;UNIFORM_2;UNIFORM_3;UNIFORM_4;UNIFORM_5;UNIFORM_6;UNIFORM_7,False,"best feasible on the reused TEST sample; not DEV-selected, independent confirmation, or a superiority test","maximize the named metric, then RMST; minimize total bytes, then arm name lexicographically",lower-bound or point-estimate ordering does not establish statistical superiority,NOT_MEASURED,73ef30bef1a13cbbef4895486f9ae8d413b2f9696b936a685f5e36c8df26789b,128,UNIFORM_7,128,32370,73ef30bef1a13cbbef4895486f9ae8d413b2f9696b936a685f5e36c8df26789b,largest qualifying empirical sample grid horizon,largest qualifying empirical sample grid horizon,64,UNIFORM_7,64,32370,73ef30bef1a13cbbef4895486f9ae8d413b2f9696b936a685f5e36c8df26789b,simultaneous confidence-supported lower bound >= 64,simultaneous confidence-supported lower bound >= 64,64,UNIFORM_7,64,32370,73ef30bef1a13cbbef4895486f9ae8d413b2f9696b936a685f5e36c8df26789b,largest qualifying empirical sample grid horizon,largest qualifying empirical sample grid horizon,,,,,,no qualifying grid horizon (<32); not a measured zero horizon,no qualifying grid horizon (<32); not a measured zero horizon,236.35546875,UNIFORM_7,236.35546875,32370,73ef30bef1a13cbbef4895486f9ae8d413b2f9696b936a685f5e36c8df26789b,0.0,UNIFORM_7,0.0,32370,73ef30bef1a13cbbef4895486f9ae8d413b2f9696b936a685f5e36c8df26789b
POST_HOC_BUDGET_AUDIT_SAME_TEST,2,UNIFORM_7,16,73530,4595.625,2744,29626,630,12,MIXED_4_8;MIXED_4_8_TOP2;MIXED_4_8_TOP5;MIXED_6_8_TOP1;MIXED_6_8_TOP4;STOCHASTIC_4;UNIFORM_2;UNIFORM_3;UNIFORM_4;UNIFORM_5;UNIFORM_6;UNIFORM_7,False,"best feasible on the reused TEST sample; not DEV-selected, independent confirmation, or a superiority test","maximize the named metric, then RMST; minimize total bytes, then arm name lexicographically",lower-bound or point-estimate ordering does not establish statistical superiority,NOT_MEASURED,73ef30bef1a13cbbef4895486f9ae8d413b2f9696b936a685f5e36c8df26789b,128,MIXED_6_8_TOP4,128,70863,e6fcbaba9734d9a22ed6986582f0ec6e1775b75b7ef967433248f07b3cd13dac,largest qualifying empirical sample grid horizon,largest qualifying empirical sample grid horizon,64,MIXED_6_8_TOP4,64,70863,e6fcbaba9734d9a22ed6986582f0ec6e1775b75b7ef967433248f07b3cd13dac,simultaneous confidence-supported lower bound >= 64,simultaneous confidence-supported lower bound >= 64,64,MIXED_6_8_TOP4,64,70863,e6fcbaba9734d9a22ed6986582f0ec6e1775b75b7ef967433248f07b3cd13dac,largest qualifying empirical sample grid horizon,largest qualifying empirical sample grid horizon,,,,,,no qualifying grid horizon (<32); not a measured zero horizon,no qualifying grid horizon (<32); not a measured zero horizon,236.35546875,MIXED_6_8_TOP4,238.98828125,70863,e6fcbaba9734d9a22ed6986582f0ec6e1775b75b7ef967433248f07b3cd13dac,0.0,MIXED_6_8_TOP4,0.0,70863,e6fcbaba9734d9a22ed6986582f0ec6e1775b75b7ef967433248f07b3cd13dac
POST_HOC_BUDGET_AUDIT_SAME_TEST,2,UNIFORM_7,128,380858,2975.453125,2744,29626,630,12,MIXED_4_8;MIXED_4_8_TOP2;MIXED_4_8_TOP5;MIXED_6_8_TOP1;MIXED_6_8_TOP4;STOCHASTIC_4;UNIFORM_2;UNIFORM_3;UNIFORM_4;UNIFORM_5;UNIFORM_6;UNIFORM_7,False,"best feasible on the reused TEST sample; not DEV-selected, independent confirmation, or a superiority test","maximize the named metric, then RMST; minimize total bytes, then arm name lexicographically",lower-bound or point-estimate ordering does not establish statistical superiority,NOT_MEASURED,73ef30bef1a13cbbef4895486f9ae8d413b2f9696b936a685f5e36c8df26789b,128,MIXED_6_8_TOP4,128,356687,e6fcbaba9734d9a22ed6986582f0ec6e1775b75b7ef967433248f07b3cd13dac,largest qualifying empirical sample grid horizon,largest qualifying empirical sample grid horizon,64,MIXED_6_8_TOP4,64,356687,e6fcbaba9734d9a22ed6986582f0ec6e1775b75b7ef967433248f07b3cd13dac,simultaneous confidence-supported lower bound >= 64,simultaneous confidence-supported lower bound >= 64,64,MIXED_6_8_TOP4,64,356687,e6fcbaba9734d9a22ed6986582f0ec6e1775b75b7ef967433248f07b3cd13dac,largest qualifying empirical sample grid horizon,largest qualifying empirical sample grid horizon,,,,,,no qualifying grid horizon (<32); not a measured zero horizon,no qualifying grid horizon (<32); not a measured zero horizon,236.35546875,MIXED_6_8_TOP4,238.98828125,356687,e6fcbaba9734d9a22ed6986582f0ec6e1775b75b7ef967433248f07b3cd13dac,0.0,MIXED_6_8_TOP4,0.0,356687,e6fcbaba9734d9a22ed6986582f0ec6e1775b75b7ef967433248f07b3cd13dac
POST_HOC_BUDGET_AUDIT_SAME_TEST,2,UNIFORM_8,1,32754,32754.0,3128,29626,630,13,MIXED_4_8;MIXED_4_8_TOP2;MIXED_4_8_TOP5;MIXED_6_8_TOP1;MIXED_6_8_TOP4;STOCHASTIC_4;UNIFORM_2;UNIFORM_3;UNIFORM_4;UNIFORM_5;UNIFORM_6;UNIFORM_7;UNIFORM_8,False,"best feasible on the reused TEST sample; not DEV-selected, independent confirmation, or a superiority test","maximize the named metric, then RMST; minimize total bytes, then arm name lexicographically",lower-bound or point-estimate ordering does not establish statistical superiority,NOT_MEASURED,a12cb0122c33f0007c3b86c9f2dcf4ea8438c994614d7d8a4fdcda9eda2c4ee8,128,UNIFORM_8,128,32754,a12cb0122c33f0007c3b86c9f2dcf4ea8438c994614d7d8a4fdcda9eda2c4ee8,largest qualifying empirical sample grid horizon,largest qualifying empirical sample grid horizon,64,UNIFORM_8,64,32754,a12cb0122c33f0007c3b86c9f2dcf4ea8438c994614d7d8a4fdcda9eda2c4ee8,simultaneous confidence-supported lower bound >= 64,simultaneous confidence-supported lower bound >= 64,64,UNIFORM_8,64,32754,a12cb0122c33f0007c3b86c9f2dcf4ea8438c994614d7d8a4fdcda9eda2c4ee8,largest qualifying empirical sample grid horizon,largest qualifying empirical sample grid horizon,,,,,,no qualifying grid horizon (<32); not a measured zero horizon,no qualifying grid horizon (<32); not a measured zero horizon,239.6171875,UNIFORM_8,239.6171875,32754,a12cb0122c33f0007c3b86c9f2dcf4ea8438c994614d7d8a4fdcda9eda2c4ee8,0.0,UNIFORM_8,0.0,32754,a12cb0122c33f0007c3b86c9f2dcf4ea8438c994614d7d8a4fdcda9eda2c4ee8
POST_HOC_BUDGET_AUDIT_SAME_TEST,2,UNIFORM_8,16,79674,4979.625,3128,29626,630,14,MIXED_4_8;MIXED_4_8_TOP2;MIXED_4_8_TOP5;MIXED_6_8;MIXED_6_8_TOP1;MIXED_6_8_TOP4;STOCHASTIC_4;UNIFORM_2;UNIFORM_3;UNIFORM_4;UNIFORM_5;UNIFORM_6;UNIFORM_7;UNIFORM_8,False,"best feasible on the reused TEST sample; not DEV-selected, independent confirmation, or a superiority test","maximize the named metric, then RMST; minimize total bytes, then arm name lexicographically",lower-bound or point-estimate ordering does not establish statistical superiority,NOT_MEASURED,a12cb0122c33f0007c3b86c9f2dcf4ea8438c994614d7d8a4fdcda9eda2c4ee8,128,UNIFORM_8,128,79674,a12cb0122c33f0007c3b86c9f2dcf4ea8438c994614d7d8a4fdcda9eda2c4ee8,largest qualifying empirical sample grid horizon,largest qualifying empirical sample grid horizon,64,UNIFORM_8,64,79674,a12cb0122c33f0007c3b86c9f2dcf4ea8438c994614d7d8a4fdcda9eda2c4ee8,simultaneous confidence-supported lower bound >= 64,simultaneous confidence-supported lower bound >= 64,64,UNIFORM_8,64,79674,a12cb0122c33f0007c3b86c9f2dcf4ea8438c994614d7d8a4fdcda9eda2c4ee8,largest qualifying empirical sample grid horizon,largest qualifying empirical sample grid horizon,,,,,,no qualifying grid horizon (<32); not a measured zero horizon,no qualifying grid horizon (<32); not a measured zero horizon,239.6171875,UNIFORM_8,239.6171875,79674,a12cb0122c33f0007c3b86c9f2dcf4ea8438c994614d7d8a4fdcda9eda2c4ee8,0.0,UNIFORM_8,0.0,79674,a12cb0122c33f0007c3b86c9f2dcf4ea8438c994614d7d8a4fdcda9eda2c4ee8
POST_HOC_BUDGET_AUDIT_SAME_TEST,2,UNIFORM_8,128,430010,3359.453125,3128,29626,630,14,MIXED_4_8;MIXED_4_8_TOP2;MIXED_4_8_TOP5;MIXED_6_8;MIXED_6_8_TOP1;MIXED_6_8_TOP4;STOCHASTIC_4;UNIFORM_2;UNIFORM_3;UNIFORM_4;UNIFORM_5;UNIFORM_6;UNIFORM_7;UNIFORM_8,False,"best feasible on the reused TEST sample; not DEV-selected, independent confirmation, or a superiority test","maximize the named metric, then RMST; minimize total bytes, then arm name lexicographically",lower-bound or point-estimate ordering does not establish statistical superiority,NOT_MEASURED,a12cb0122c33f0007c3b86c9f2dcf4ea8438c994614d7d8a4fdcda9eda2c4ee8,128,UNIFORM_8,128,430010,a12cb0122c33f0007c3b86c9f2dcf4ea8438c994614d7d8a4fdcda9eda2c4ee8,largest qualifying empirical sample grid horizon,largest qualifying empirical sample grid horizon,64,UNIFORM_8,64,430010,a12cb0122c33f0007c3b86c9f2dcf4ea8438c994614d7d8a4fdcda9eda2c4ee8,simultaneous confidence-supported lower bound >= 64,simultaneous confidence-supported lower bound >= 64,64,UNIFORM_8,64,430010,a12cb0122c33f0007c3b86c9f2dcf4ea8438c994614d7d8a4fdcda9eda2c4ee8,largest qualifying empirical sample grid horizon,largest qualifying empirical sample grid horizon,,,,,,no qualifying grid horizon (<32); not a measured zero horizon,no qualifying grid horizon (<32); not a measured zero horizon,239.6171875,UNIFORM_8,239.6171875,430010,a12cb0122c33f0007c3b86c9f2dcf4ea8438c994614d7d8a4fdcda9eda2c4ee8,0.0,UNIFORM_8,0.0,430010,a12cb0122c33f0007c3b86c9f2dcf4ea8438c994614d7d8a4fdcda9eda2c4ee8
POST_HOC_BUDGET_AUDIT_SAME_TEST,2,UNIFORM_9,1,33138,33138.0,3512,29626,630,15,MIXED_4_8;MIXED_4_8_TOP2;MIXED_4_8_TOP5;MIXED_6_8;MIXED_6_8_TOP1;MIXED_6_8_TOP4;STOCHASTIC_4;UNIFORM_2;UNIFORM_3;UNIFORM_4;UNIFORM_5;UNIFORM_6;UNIFORM_7;UNIFORM_8;UNIFORM_9,False,"best feasible on the reused TEST sample; not DEV-selected, independent confirmation, or a superiority test","maximize the named metric, then RMST; minimize total bytes, then arm name lexicographically",lower-bound or point-estimate ordering does not establish statistical superiority,NOT_MEASURED,ebbff77c1454d7c71602e64647965b76dbcc4d01681b7ffeb94f765627658c97,128,UNIFORM_9,128,33138,ebbff77c1454d7c71602e64647965b76dbcc4d01681b7ffeb94f765627658c97,largest qualifying empirical sample grid horizon,largest qualifying empirical sample grid horizon,64,UNIFORM_9,64,33138,ebbff77c1454d7c71602e64647965b76dbcc4d01681b7ffeb94f765627658c97,simultaneous confidence-supported lower bound >= 64,simultaneous confidence-supported lower bound >= 64,64,UNIFORM_9,64,33138,ebbff77c1454d7c71602e64647965b76dbcc4d01681b7ffeb94f765627658c97,largest qualifying empirical sample grid horizon,largest qualifying empirical sample grid horizon,,,,,,no qualifying grid horizon (<32); not a measured zero horizon,no qualifying grid horizon (<32); not a measured zero horizon,239.994140625,UNIFORM_9,239.994140625,33138,ebbff77c1454d7c71602e64647965b76dbcc4d01681b7ffeb94f765627658c97,0.0,UNIFORM_9,0.0,33138,ebbff77c1454d7c71602e64647965b76dbcc4d01681b7ffeb94f765627658c97
POST_HOC_BUDGET_AUDIT_SAME_TEST,2,UNIFORM_9,16,85818,5363.625,3512,29626,630,15,MIXED_4_8;MIXED_4_8_TOP2;MIXED_4_8_TOP5;MIXED_6_8;MIXED_6_8_TOP1;MIXED_6_8_TOP4;STOCHASTIC_4;UNIFORM_2;UNIFORM_3;UNIFORM_4;UNIFORM_5;UNIFORM_6;UNIFORM_7;UNIFORM_8;UNIFORM_9,False,"best feasible on the reused TEST sample; not DEV-selected, independent confirmation, or a superiority test","maximize the named metric, then RMST; minimize total bytes, then arm name lexicographically",lower-bound or point-estimate ordering does not establish statistical superiority,NOT_MEASURED,ebbff77c1454d7c71602e64647965b76dbcc4d01681b7ffeb94f765627658c97,128,UNIFORM_9,128,85818,ebbff77c1454d7c71602e64647965b76dbcc4d01681b7ffeb94f765627658c97,largest qualifying empirical sample grid horizon,largest qualifying empirical sample grid horizon,64,UNIFORM_9,64,85818,ebbff77c1454d7c71602e64647965b76dbcc4d01681b7ffeb94f765627658c97,simultaneous confidence-supported lower bound >= 64,simultaneous confidence-supported lower bound >= 64,64,UNIFORM_9,64,85818,ebbff77c1454d7c71602e64647965b76dbcc4d01681b7ffeb94f765627658c97,largest qualifying empirical sample grid horizon,largest qualifying empirical sample grid horizon,,,,,,no qualifying grid horizon (<32); not a measured zero horizon,no qualifying grid horizon (<32); not a measured zero horizon,239.994140625,UNIFORM_9,239.994140625,85818,ebbff77c1454d7c71602e64647965b76dbcc4d01681b7ffeb94f765627658c97,0.0,UNIFORM_9,0.0,85818,ebbff77c1454d7c71602e64647965b76dbcc4d01681b7ffeb94f765627658c97
POST_HOC_BUDGET_AUDIT_SAME_TEST,2,UNIFORM_9,128,479162,3743.453125,3512,29626,630,15,MIXED_4_8;MIXED_4_8_TOP2;MIXED_4_8_TOP5;MIXED_6_8;MIXED_6_8_TOP1;MIXED_6_8_TOP4;STOCHASTIC_4;UNIFORM_2;UNIFORM_3;UNIFORM_4;UNIFORM_5;UNIFORM_6;UNIFORM_7;UNIFORM_8;UNIFORM_9,False,"best feasible on the reused TEST sample; not DEV-selected, independent confirmation, or a superiority test","maximize the named metric, then RMST; minimize total bytes, then arm name lexicographically",lower-bound or point-estimate ordering does not establish statistical superiority,NOT_MEASURED,ebbff77c1454d7c71602e64647965b76dbcc4d01681b7ffeb94f765627658c97,128,UNIFORM_9,128,479162,ebbff77c1454d7c71602e64647965b76dbcc4d01681b7ffeb94f765627658c97,largest qualifying empirical sample grid horizon,largest qualifying empirical sample grid horizon,64,UNIFORM_9,64,479162,ebbff77c1454d7c71602e64647965b76dbcc4d01681b7ffeb94f765627658c97,simultaneous confidence-supported lower bound >= 64,simultaneous confidence-supported lower bound >= 64,64,UNIFORM_9,64,479162,ebbff77c1454d7c71602e64647965b76dbcc4d01681b7ffeb94f765627658c97,largest qualifying empirical sample grid horizon,largest qualifying empirical sample grid horizon,,,,,,no qualifying grid horizon (<32); not a measured zero horizon,no qualifying grid horizon (<32); not a measured zero horizon,239.994140625,UNIFORM_9,239.994140625,479162,ebbff77c1454d7c71602e64647965b76dbcc4d01681b7ffeb94f765627658c97,0.0,UNIFORM_9,0.0,479162,ebbff77c1454d7c71602e64647965b76dbcc4d01681b7ffeb94f765627658c97
POST_HOC_BUDGET_AUDIT_SAME_TEST,2,UNTRANSPORTED_4_4,1,33112,33112.0,3176,29936,630,14,MIXED_4_8;MIXED_4_8_TOP2;MIXED_4_8_TOP5;MIXED_6_8;MIXED_6_8_TOP1;MIXED_6_8_TOP4;STOCHASTIC_4;UNIFORM_2;UNIFORM_3;UNIFORM_4;UNIFORM_5;UNIFORM_6;UNIFORM_7;UNIFORM_8,False,"best feasible on the reused TEST sample; not DEV-selected, independent confirmation, or a superiority test","maximize the named metric, then RMST; minimize total bytes, then arm name lexicographically",lower-bound or point-estimate ordering does not establish statistical superiority,NOT_MEASURED,7651e1efb23636edfbee2698179d040ba052d216c69fd72273b9897c96d6c152,64,UNIFORM_8,128,32754,a12cb0122c33f0007c3b86c9f2dcf4ea8438c994614d7d8a4fdcda9eda2c4ee8,largest qualifying empirical sample grid horizon,largest qualifying empirical sample grid horizon,32,UNIFORM_8,64,32754,a12cb0122c33f0007c3b86c9f2dcf4ea8438c994614d7d8a4fdcda9eda2c4ee8,simultaneous confidence-supported lower bound >= 32,simultaneous confidence-supported lower bound >= 64,32,UNIFORM_8,64,32754,a12cb0122c33f0007c3b86c9f2dcf4ea8438c994614d7d8a4fdcda9eda2c4ee8,largest qualifying empirical sample grid horizon,largest qualifying empirical sample grid horizon,,,,,,no qualifying grid horizon (<32); not a measured zero horizon,no qualifying grid horizon (<32); not a measured zero horizon,110.998046875,UNIFORM_8,239.6171875,32754,a12cb0122c33f0007c3b86c9f2dcf4ea8438c994614d7d8a4fdcda9eda2c4ee8,0.0,UNIFORM_8,0.0,32754,a12cb0122c33f0007c3b86c9f2dcf4ea8438c994614d7d8a4fdcda9eda2c4ee8
POST_HOC_BUDGET_AUDIT_SAME_TEST,2,UNTRANSPORTED_4_4,16,80752,5047.0,3176,29936,630,14,MIXED_4_8;MIXED_4_8_TOP2;MIXED_4_8_TOP5;MIXED_6_8;MIXED_6_8_TOP1;MIXED_6_8_TOP4;STOCHASTIC_4;UNIFORM_2;UNIFORM_3;UNIFORM_4;UNIFORM_5;UNIFORM_6;UNIFORM_7;UNIFORM_8,False,"best feasible on the reused TEST sample; not DEV-selected, independent confirmation, or a superiority test","maximize the named metric, then RMST; minimize total bytes, then arm name lexicographically",lower-bound or point-estimate ordering does not establish statistical superiority,NOT_MEASURED,7651e1efb23636edfbee2698179d040ba052d216c69fd72273b9897c96d6c152,64,UNIFORM_8,128,79674,a12cb0122c33f0007c3b86c9f2dcf4ea8438c994614d7d8a4fdcda9eda2c4ee8,largest qualifying empirical sample grid horizon,largest qualifying empirical sample grid horizon,32,UNIFORM_8,64,79674,a12cb0122c33f0007c3b86c9f2dcf4ea8438c994614d7d8a4fdcda9eda2c4ee8,simultaneous confidence-supported lower bound >= 32,simultaneous confidence-supported lower bound >= 64,32,UNIFORM_8,64,79674,a12cb0122c33f0007c3b86c9f2dcf4ea8438c994614d7d8a4fdcda9eda2c4ee8,largest qualifying empirical sample grid horizon,largest qualifying empirical sample grid horizon,,,,,,no qualifying grid horizon (<32); not a measured zero horizon,no qualifying grid horizon (<32); not a measured zero horizon,110.998046875,UNIFORM_8,239.6171875,79674,a12cb0122c33f0007c3b86c9f2dcf4ea8438c994614d7d8a4fdcda9eda2c4ee8,0.0,UNIFORM_8,0.0,79674,a12cb0122c33f0007c3b86c9f2dcf4ea8438c994614d7d8a4fdcda9eda2c4ee8
POST_HOC_BUDGET_AUDIT_SAME_TEST,2,UNTRANSPORTED_4_4,128,436464,3409.875,3176,29936,630,14,MIXED_4_8;MIXED_4_8_TOP2;MIXED_4_8_TOP5;MIXED_6_8;MIXED_6_8_TOP1;MIXED_6_8_TOP4;STOCHASTIC_4;UNIFORM_2;UNIFORM_3;UNIFORM_4;UNIFORM_5;UNIFORM_6;UNIFORM_7;UNIFORM_8,False,"best feasible on the reused TEST sample; not DEV-selected, independent confirmation, or a superiority test","maximize the named metric, then RMST; minimize total bytes, then arm name lexicographically",lower-bound or point-estimate ordering does not establish statistical superiority,NOT_MEASURED,7651e1efb23636edfbee2698179d040ba052d216c69fd72273b9897c96d6c152,64,UNIFORM_8,128,430010,a12cb0122c33f0007c3b86c9f2dcf4ea8438c994614d7d8a4fdcda9eda2c4ee8,largest qualifying empirical sample grid horizon,largest qualifying empirical sample grid horizon,32,UNIFORM_8,64,430010,a12cb0122c33f0007c3b86c9f2dcf4ea8438c994614d7d8a4fdcda9eda2c4ee8,simultaneous confidence-supported lower bound >= 32,simultaneous confidence-supported lower bound >= 64,32,UNIFORM_8,64,430010,a12cb0122c33f0007c3b86c9f2dcf4ea8438c994614d7d8a4fdcda9eda2c4ee8,largest qualifying empirical sample grid horizon,largest qualifying empirical sample grid horizon,,,,,,no qualifying grid horizon (<32); not a measured zero horizon,no qualifying grid horizon (<32); not a measured zero horizon,110.998046875,UNIFORM_8,239.6171875,430010,a12cb0122c33f0007c3b86c9f2dcf4ea8438c994614d7d8a4fdcda9eda2c4ee8,0.0,UNIFORM_8,0.0,430010,a12cb0122c33f0007c3b86c9f2dcf4ea8438c994614d7d8a4fdcda9eda2c4ee8
