phase,model_seed,arm,n_sequences,source_family_size,joint_family_size,source_failure_upper_bound,source_json_sha256,horizon,first_failures,failure_probability,survival_probability,failure_upper_bound,survival_lower_bound
POST_HOC_BUDGET_AUDIT_SAME_TEST,0,FULL_RESIDUAL_4_4,512,546,630,0.017996927961500465,537b202c3648be90fd40b31ffd0e34c37a1a2d334b1e849c83974007c2ccada3,32,0,0.0,1.0,0.018271353414420138,0.9817286465855799
POST_HOC_BUDGET_AUDIT_SAME_TEST,0,FULL_RESIDUAL_4_4,512,546,630,0.017996927961500465,537b202c3648be90fd40b31ffd0e34c37a1a2d334b1e849c83974007c2ccada3,64,0,0.0,1.0,0.018271353414420138,0.9817286465855799
POST_HOC_BUDGET_AUDIT_SAME_TEST,0,FULL_RESIDUAL_4_4,512,546,630,0.07871423150530982,537b202c3648be90fd40b31ffd0e34c37a1a2d334b1e849c83974007c2ccada3,128,19,0.037109375,0.962890625,0.07918435614280188,0.9208156438571982
POST_HOC_BUDGET_AUDIT_SAME_TEST,0,FULL_RESIDUAL_4_4,512,546,630,0.5580133517311063,537b202c3648be90fd40b31ffd0e34c37a1a2d334b1e849c83974007c2ccada3,256,243,0.474609375,0.525390625,0.5587954868523066,0.4412045131476934
POST_HOC_BUDGET_AUDIT_SAME_TEST,0,FULL_RESIDUAL_4_4,512,546,630,0.981805902197242,537b202c3648be90fd40b31ffd0e34c37a1a2d334b1e849c83974007c2ccada3,512,489,0.955078125,0.044921875,0.9819839056061589,0.01801609439384111
POST_HOC_BUDGET_AUDIT_SAME_TEST,0,FULL_RESIDUAL_4_4,512,546,630,1.0,537b202c3648be90fd40b31ffd0e34c37a1a2d334b1e849c83974007c2ccada3,1024,512,1.0,0.0,1.0,0.0
POST_HOC_BUDGET_AUDIT_SAME_TEST,0,FULL_RESIDUAL_4_4,512,546,630,1.0,537b202c3648be90fd40b31ffd0e34c37a1a2d334b1e849c83974007c2ccada3,2048,512,1.0,0.0,1.0,0.0
POST_HOC_BUDGET_AUDIT_SAME_TEST,0,FULL_RESIDUAL_4_8,512,546,630,0.017996927961500465,7dc2ba425acb8da10fddf533ac89609dbb43e348e2e81afe0976dce2a0c29777,32,0,0.0,1.0,0.018271353414420138,0.9817286465855799
POST_HOC_BUDGET_AUDIT_SAME_TEST,0,FULL_RESIDUAL_4_8,512,546,630,0.017996927961500465,7dc2ba425acb8da10fddf533ac89609dbb43e348e2e81afe0976dce2a0c29777,64,0,0.0,1.0,0.018271353414420138,0.9817286465855799
POST_HOC_BUDGET_AUDIT_SAME_TEST,0,FULL_RESIDUAL_4_8,512,546,630,0.0760303754203286,7dc2ba425acb8da10fddf533ac89609dbb43e348e2e81afe0976dce2a0c29777,128,18,0.03515625,0.96484375,0.07649419646723002,0.92350580353277
POST_HOC_BUDGET_AUDIT_SAME_TEST,0,FULL_RESIDUAL_4_8,512,546,630,0.5405732661723032,7dc2ba425acb8da10fddf533ac89609dbb43e348e2e81afe0976dce2a0c29777,256,234,0.45703125,0.54296875,0.5413596757814092,0.4586403242185908
POST_HOC_BUDGET_AUDIT_SAME_TEST,0,FULL_RESIDUAL_4_8,512,546,630,0.981805902197242,7dc2ba425acb8da10fddf533ac89609dbb43e348e2e81afe0976dce2a0c29777,512,489,0.955078125,0.044921875,0.9819839056061589,0.01801609439384111
POST_HOC_BUDGET_AUDIT_SAME_TEST,0,FULL_RESIDUAL_4_8,512,546,630,1.0,7dc2ba425acb8da10fddf533ac89609dbb43e348e2e81afe0976dce2a0c29777,1024,512,1.0,0.0,1.0,0.0
POST_HOC_BUDGET_AUDIT_SAME_TEST,0,FULL_RESIDUAL_4_8,512,546,630,1.0,7dc2ba425acb8da10fddf533ac89609dbb43e348e2e81afe0976dce2a0c29777,2048,512,1.0,0.0,1.0,0.0
POST_HOC_BUDGET_AUDIT_SAME_TEST,0,FULL_RESIDUAL_4_FP32,512,546,630,0.017996927961500465,defcee98fa50a477fb5125234c0e04b9966f450c9b3f18a9245ae991abd882cd,32,0,0.0,1.0,0.018271353414420138,0.9817286465855799
POST_HOC_BUDGET_AUDIT_SAME_TEST,0,FULL_RESIDUAL_4_FP32,512,546,630,0.017996927961500465,defcee98fa50a477fb5125234c0e04b9966f450c9b3f18a9245ae991abd882cd,64,0,0.0,1.0,0.018271353414420138,0.9817286465855799
POST_HOC_BUDGET_AUDIT_SAME_TEST,0,FULL_RESIDUAL_4_FP32,512,546,630,0.0760303754203286,defcee98fa50a477fb5125234c0e04b9966f450c9b3f18a9245ae991abd882cd,128,18,0.03515625,0.96484375,0.07649419646723002,0.92350580353277
POST_HOC_BUDGET_AUDIT_SAME_TEST,0,FULL_RESIDUAL_4_FP32,512,546,630,0.5386292095308438,defcee98fa50a477fb5125234c0e04b9966f450c9b3f18a9245ae991abd882cd,256,233,0.455078125,0.544921875,0.5394160356499755,0.46058396435002447
POST_HOC_BUDGET_AUDIT_SAME_TEST,0,FULL_RESIDUAL_4_FP32,512,546,630,0.981805902197242,defcee98fa50a477fb5125234c0e04b9966f450c9b3f18a9245ae991abd882cd,512,489,0.955078125,0.044921875,0.9819839056061589,0.01801609439384111
POST_HOC_BUDGET_AUDIT_SAME_TEST,0,FULL_RESIDUAL_4_FP32,512,546,630,1.0,defcee98fa50a477fb5125234c0e04b9966f450c9b3f18a9245ae991abd882cd,1024,512,1.0,0.0,1.0,0.0
POST_HOC_BUDGET_AUDIT_SAME_TEST,0,FULL_RESIDUAL_4_FP32,512,546,630,1.0,defcee98fa50a477fb5125234c0e04b9966f450c9b3f18a9245ae991abd882cd,2048,512,1.0,0.0,1.0,0.0
POST_HOC_BUDGET_AUDIT_SAME_TEST,0,LOWRANK_4_8_R1,512,546,630,0.017996927961500465,dd673747124ad02ce1ee701bafd79ec3eaab23ea1a17670dca4a75d5cd48a023,32,0,0.0,1.0,0.018271353414420138,0.9817286465855799
POST_HOC_BUDGET_AUDIT_SAME_TEST,0,LOWRANK_4_8_R1,512,546,630,0.017996927961500465,dd673747124ad02ce1ee701bafd79ec3eaab23ea1a17670dca4a75d5cd48a023,64,0,0.0,1.0,0.018271353414420138,0.9817286465855799
POST_HOC_BUDGET_AUDIT_SAME_TEST,0,LOWRANK_4_8_R1,512,546,630,0.22356202304088746,dd673747124ad02ce1ee701bafd79ec3eaab23ea1a17670dca4a75d5cd48a023,128,80,0.15625,0.84375,0.22424860165874044,0.7757513983412596
POST_HOC_BUDGET_AUDIT_SAME_TEST,0,LOWRANK_4_8_R1,512,546,630,0.8583286954228492,dd673747124ad02ce1ee701bafd79ec3eaab23ea1a17670dca4a75d5cd48a023,256,408,0.796875,0.203125,0.8588518313256011,0.14114816867439894
POST_HOC_BUDGET_AUDIT_SAME_TEST,0,LOWRANK_4_8_R1,512,546,630,1.0,dd673747124ad02ce1ee701bafd79ec3eaab23ea1a17670dca4a75d5cd48a023,512,512,1.0,0.0,1.0,0.0
POST_HOC_BUDGET_AUDIT_SAME_TEST,0,LOWRANK_4_8_R1,512,546,630,1.0,dd673747124ad02ce1ee701bafd79ec3eaab23ea1a17670dca4a75d5cd48a023,1024,512,1.0,0.0,1.0,0.0
POST_HOC_BUDGET_AUDIT_SAME_TEST,0,LOWRANK_4_8_R1,512,546,630,1.0,dd673747124ad02ce1ee701bafd79ec3eaab23ea1a17670dca4a75d5cd48a023,2048,512,1.0,0.0,1.0,0.0
POST_HOC_BUDGET_AUDIT_SAME_TEST,0,LOWRANK_4_8_R2,512,546,630,0.017996927961500465,ccaf56039db2beff7fb3a7fd18d02495a2ca4410815b0e25bbfd74b84c417911,32,0,0.0,1.0,0.018271353414420138,0.9817286465855799
POST_HOC_BUDGET_AUDIT_SAME_TEST,0,LOWRANK_4_8_R2,512,546,630,0.022904422082748174,ccaf56039db2beff7fb3a7fd18d02495a2ca4410815b0e25bbfd74b84c417911,64,1,0.001953125,0.998046875,0.023200652646458316,0.9767993473535417
POST_HOC_BUDGET_AUDIT_SAME_TEST,0,LOWRANK_4_8_R2,512,546,630,0.06504679039111078,ccaf56039db2beff7fb3a7fd18d02495a2ca4410815b0e25bbfd74b84c417911,128,14,0.02734375,0.97265625,0.06548325633657673,0.9345167436634233
POST_HOC_BUDGET_AUDIT_SAME_TEST,0,LOWRANK_4_8_R2,512,546,630,0.5599448875654769,ccaf56039db2beff7fb3a7fd18d02495a2ca4410815b0e25bbfd74b84c417911,256,244,0.4765625,0.5234375,0.560726489477537,0.439273510522463
POST_HOC_BUDGET_AUDIT_SAME_TEST,0,LOWRANK_4_8_R2,512,546,630,0.981805902197242,ccaf56039db2beff7fb3a7fd18d02495a2ca4410815b0e25bbfd74b84c417911,512,489,0.955078125,0.044921875,0.9819839056061589,0.01801609439384111
POST_HOC_BUDGET_AUDIT_SAME_TEST,0,LOWRANK_4_8_R2,512,546,630,0.9999998211342254,ccaf56039db2beff7fb3a7fd18d02495a2ca4410815b0e25bbfd74b84c417911,1024,511,0.998046875,0.001953125,0.9999998449839399,1.5501606009937774e-07
POST_HOC_BUDGET_AUDIT_SAME_TEST,0,LOWRANK_4_8_R2,512,546,630,1.0,ccaf56039db2beff7fb3a7fd18d02495a2ca4410815b0e25bbfd74b84c417911,2048,512,1.0,0.0,1.0,0.0
POST_HOC_BUDGET_AUDIT_SAME_TEST,0,LOWRANK_4_8_R4,512,546,630,0.017996927961500465,9f49b4accf2f270b4692c10fb21550560d04cedf6bb098b9ab7ac546d4b42bee,32,0,0.0,1.0,0.018271353414420138,0.9817286465855799
POST_HOC_BUDGET_AUDIT_SAME_TEST,0,LOWRANK_4_8_R4,512,546,630,0.017996927961500465,9f49b4accf2f270b4692c10fb21550560d04cedf6bb098b9ab7ac546d4b42bee,64,0,0.0,1.0,0.018271353414420138,0.9817286465855799
POST_HOC_BUDGET_AUDIT_SAME_TEST,0,LOWRANK_4_8_R4,512,546,630,0.06783418361152173,9f49b4accf2f270b4692c10fb21550560d04cedf6bb098b9ab7ac546d4b42bee,128,15,0.029296875,0.970703125,0.06827784429960103,0.931722155700399
POST_HOC_BUDGET_AUDIT_SAME_TEST,0,LOWRANK_4_8_R4,512,546,630,0.7195075248147202,9f49b4accf2f270b4692c10fb21550560d04cedf6bb098b9ab7ac546d4b42bee,256,329,0.642578125,0.357421875,0.7202007844917363,0.2797992155082637
POST_HOC_BUDGET_AUDIT_SAME_TEST,0,LOWRANK_4_8_R4,512,546,630,0.9998363504624042,9f49b4accf2f270b4692c10fb21550560d04cedf6bb098b9ab7ac546d4b42bee,512,509,0.994140625,0.005859375,0.9998441270505333,0.0001558729494667288
POST_HOC_BUDGET_AUDIT_SAME_TEST,0,LOWRANK_4_8_R4,512,546,630,1.0,9f49b4accf2f270b4692c10fb21550560d04cedf6bb098b9ab7ac546d4b42bee,1024,512,1.0,0.0,1.0,0.0
POST_HOC_BUDGET_AUDIT_SAME_TEST,0,LOWRANK_4_8_R4,512,546,630,1.0,9f49b4accf2f270b4692c10fb21550560d04cedf6bb098b9ab7ac546d4b42bee,2048,512,1.0,0.0,1.0,0.0
POST_HOC_BUDGET_AUDIT_SAME_TEST,0,MIXED_4_8,512,546,630,0.017996927961500465,e637ec3a3976426612aad748fe02dfd1dc19781c0552116414218c6b34ce8267,32,0,0.0,1.0,0.018271353414420138,0.9817286465855799
POST_HOC_BUDGET_AUDIT_SAME_TEST,0,MIXED_4_8,512,546,630,0.017996927961500465,e637ec3a3976426612aad748fe02dfd1dc19781c0552116414218c6b34ce8267,64,0,0.0,1.0,0.018271353414420138,0.9817286465855799
POST_HOC_BUDGET_AUDIT_SAME_TEST,0,MIXED_4_8,512,546,630,0.07871423150530982,e637ec3a3976426612aad748fe02dfd1dc19781c0552116414218c6b34ce8267,128,19,0.037109375,0.962890625,0.07918435614280188,0.9208156438571982
POST_HOC_BUDGET_AUDIT_SAME_TEST,0,MIXED_4_8,512,546,630,0.761010218292529,e637ec3a3976426612aad748fe02dfd1dc19781c0552116414218c6b34ce8267,256,352,0.6875,0.3125,0.7616640087695905,0.2383359912304095
POST_HOC_BUDGET_AUDIT_SAME_TEST,0,MIXED_4_8,512,546,630,0.9999734221772335,e637ec3a3976426612aad748fe02dfd1dc19781c0552116414218c6b34ce8267,512,510,0.99609375,0.00390625,0.999975265135946,2.4734864053965744e-05
POST_HOC_BUDGET_AUDIT_SAME_TEST,0,MIXED_4_8,512,546,630,1.0,e637ec3a3976426612aad748fe02dfd1dc19781c0552116414218c6b34ce8267,1024,512,1.0,0.0,1.0,0.0
POST_HOC_BUDGET_AUDIT_SAME_TEST,0,MIXED_4_8,512,546,630,1.0,e637ec3a3976426612aad748fe02dfd1dc19781c0552116414218c6b34ce8267,2048,512,1.0,0.0,1.0,0.0
POST_HOC_BUDGET_AUDIT_SAME_TEST,0,MIXED_4_8_TOP2,512,630,630,0.018271353414420138,9ee66a503c00ee889cc40bca663f34ce37dfa9f1c385b8ad2837d36bc40a491a,32,0,0.0,1.0,0.018271353414420138,0.9817286465855799
POST_HOC_BUDGET_AUDIT_SAME_TEST,0,MIXED_4_8_TOP2,512,630,630,0.018271353414420138,9ee66a503c00ee889cc40bca663f34ce37dfa9f1c385b8ad2837d36bc40a491a,64,0,0.0,1.0,0.018271353414420138,0.9817286465855799
POST_HOC_BUDGET_AUDIT_SAME_TEST,0,MIXED_4_8_TOP2,512,630,630,0.15127377050912902,9ee66a503c00ee889cc40bca663f34ce37dfa9f1c385b8ad2837d36bc40a491a,128,48,0.09375,0.90625,0.15127377050912902,0.848726229490871
POST_HOC_BUDGET_AUDIT_SAME_TEST,0,MIXED_4_8_TOP2,512,630,630,0.8538065173177236,9ee66a503c00ee889cc40bca663f34ce37dfa9f1c385b8ad2837d36bc40a491a,256,405,0.791015625,0.208984375,0.8538065173177236,0.1461934826822764
POST_HOC_BUDGET_AUDIT_SAME_TEST,0,MIXED_4_8_TOP2,512,630,630,0.9999998449839399,9ee66a503c00ee889cc40bca663f34ce37dfa9f1c385b8ad2837d36bc40a491a,512,511,0.998046875,0.001953125,0.9999998449839399,1.5501606009937774e-07
POST_HOC_BUDGET_AUDIT_SAME_TEST,0,MIXED_4_8_TOP2,512,630,630,1.0,9ee66a503c00ee889cc40bca663f34ce37dfa9f1c385b8ad2837d36bc40a491a,1024,512,1.0,0.0,1.0,0.0
POST_HOC_BUDGET_AUDIT_SAME_TEST,0,MIXED_4_8_TOP2,512,630,630,1.0,9ee66a503c00ee889cc40bca663f34ce37dfa9f1c385b8ad2837d36bc40a491a,2048,512,1.0,0.0,1.0,0.0
POST_HOC_BUDGET_AUDIT_SAME_TEST,0,MIXED_4_8_TOP5,512,630,630,0.018271353414420138,a6cd917db8176d62391caf61df81a18ecf003b8e5b93543e4eeb726acc4c81bf,32,0,0.0,1.0,0.018271353414420138,0.9817286465855799
POST_HOC_BUDGET_AUDIT_SAME_TEST,0,MIXED_4_8_TOP5,512,630,630,0.018271353414420138,a6cd917db8176d62391caf61df81a18ecf003b8e5b93543e4eeb726acc4c81bf,64,0,0.0,1.0,0.018271353414420138,0.9817286465855799
POST_HOC_BUDGET_AUDIT_SAME_TEST,0,MIXED_4_8_TOP5,512,630,630,0.08974470119736469,a6cd917db8176d62391caf61df81a18ecf003b8e5b93543e4eeb726acc4c81bf,128,23,0.044921875,0.955078125,0.08974470119736469,0.9102552988026353
POST_HOC_BUDGET_AUDIT_SAME_TEST,0,MIXED_4_8_TOP5,512,630,630,0.7776665262832272,a6cd917db8176d62391caf61df81a18ecf003b8e5b93543e4eeb726acc4c81bf,256,361,0.705078125,0.294921875,0.7776665262832272,0.2223334737167728
POST_HOC_BUDGET_AUDIT_SAME_TEST,0,MIXED_4_8_TOP5,512,630,630,0.9999998449839399,a6cd917db8176d62391caf61df81a18ecf003b8e5b93543e4eeb726acc4c81bf,512,511,0.998046875,0.001953125,0.9999998449839399,1.5501606009937774e-07
POST_HOC_BUDGET_AUDIT_SAME_TEST,0,MIXED_4_8_TOP5,512,630,630,1.0,a6cd917db8176d62391caf61df81a18ecf003b8e5b93543e4eeb726acc4c81bf,1024,512,1.0,0.0,1.0,0.0
POST_HOC_BUDGET_AUDIT_SAME_TEST,0,MIXED_4_8_TOP5,512,630,630,1.0,a6cd917db8176d62391caf61df81a18ecf003b8e5b93543e4eeb726acc4c81bf,2048,512,1.0,0.0,1.0,0.0
POST_HOC_BUDGET_AUDIT_SAME_TEST,0,MIXED_6_8,512,546,630,0.017996927961500465,2339246dc9135bec8b08e7fbcde7af7065f3c4784576e58662137aab13bec5cc,32,0,0.0,1.0,0.018271353414420138,0.9817286465855799
POST_HOC_BUDGET_AUDIT_SAME_TEST,0,MIXED_6_8,512,546,630,0.017996927961500465,2339246dc9135bec8b08e7fbcde7af7065f3c4784576e58662137aab13bec5cc,64,0,0.0,1.0,0.018271353414420138,0.9817286465855799
POST_HOC_BUDGET_AUDIT_SAME_TEST,0,MIXED_6_8,512,546,630,0.06504679039111078,2339246dc9135bec8b08e7fbcde7af7065f3c4784576e58662137aab13bec5cc,128,14,0.02734375,0.97265625,0.06548325633657673,0.9345167436634233
POST_HOC_BUDGET_AUDIT_SAME_TEST,0,MIXED_6_8,512,546,630,0.5657320134370891,2339246dc9135bec8b08e7fbcde7af7065f3c4784576e58662137aab13bec5cc,256,247,0.482421875,0.517578125,0.5665119459907014,0.4334880540092986
POST_HOC_BUDGET_AUDIT_SAME_TEST,0,MIXED_6_8,512,546,630,0.9876903146484421,2339246dc9135bec8b08e7fbcde7af7065f3c4784576e58662137aab13bec5cc,512,494,0.96484375,0.03515625,0.9878323455045036,0.012167654495496394
POST_HOC_BUDGET_AUDIT_SAME_TEST,0,MIXED_6_8,512,546,630,1.0,2339246dc9135bec8b08e7fbcde7af7065f3c4784576e58662137aab13bec5cc,1024,512,1.0,0.0,1.0,0.0
POST_HOC_BUDGET_AUDIT_SAME_TEST,0,MIXED_6_8,512,546,630,1.0,2339246dc9135bec8b08e7fbcde7af7065f3c4784576e58662137aab13bec5cc,2048,512,1.0,0.0,1.0,0.0
POST_HOC_BUDGET_AUDIT_SAME_TEST,0,MIXED_6_8_TOP1,512,630,630,0.018271353414420138,a8293492b2feae01420fa2a7c2158fae74292a166e9cfcd38c8aa2354e7fdda4,32,0,0.0,1.0,0.018271353414420138,0.9817286465855799
POST_HOC_BUDGET_AUDIT_SAME_TEST,0,MIXED_6_8_TOP1,512,630,630,0.018271353414420138,a8293492b2feae01420fa2a7c2158fae74292a166e9cfcd38c8aa2354e7fdda4,64,0,0.0,1.0,0.018271353414420138,0.9817286465855799
POST_HOC_BUDGET_AUDIT_SAME_TEST,0,MIXED_6_8_TOP1,512,630,630,0.07918435614280188,a8293492b2feae01420fa2a7c2158fae74292a166e9cfcd38c8aa2354e7fdda4,128,19,0.037109375,0.962890625,0.07918435614280188,0.9208156438571982
POST_HOC_BUDGET_AUDIT_SAME_TEST,0,MIXED_6_8_TOP1,512,630,630,0.5742082881052284,a8293492b2feae01420fa2a7c2158fae74292a166e9cfcd38c8aa2354e7fdda4,256,251,0.490234375,0.509765625,0.5742082881052284,0.4257917118947716
POST_HOC_BUDGET_AUDIT_SAME_TEST,0,MIXED_6_8_TOP1,512,630,630,0.9900161391159136,a8293492b2feae01420fa2a7c2158fae74292a166e9cfcd38c8aa2354e7fdda4,512,496,0.96875,0.03125,0.9900161391159136,0.009983860884086426
POST_HOC_BUDGET_AUDIT_SAME_TEST,0,MIXED_6_8_TOP1,512,630,630,1.0,a8293492b2feae01420fa2a7c2158fae74292a166e9cfcd38c8aa2354e7fdda4,1024,512,1.0,0.0,1.0,0.0
POST_HOC_BUDGET_AUDIT_SAME_TEST,0,MIXED_6_8_TOP1,512,630,630,1.0,a8293492b2feae01420fa2a7c2158fae74292a166e9cfcd38c8aa2354e7fdda4,2048,512,1.0,0.0,1.0,0.0
POST_HOC_BUDGET_AUDIT_SAME_TEST,0,MIXED_6_8_TOP4,512,630,630,0.018271353414420138,5634fdc7e3a49c16c560b8bfaef3210a18bf6e51331f2b98444cb8e095e8e208,32,0,0.0,1.0,0.018271353414420138,0.9817286465855799
POST_HOC_BUDGET_AUDIT_SAME_TEST,0,MIXED_6_8_TOP4,512,630,630,0.018271353414420138,5634fdc7e3a49c16c560b8bfaef3210a18bf6e51331f2b98444cb8e095e8e208,64,0,0.0,1.0,0.018271353414420138,0.9817286465855799
POST_HOC_BUDGET_AUDIT_SAME_TEST,0,MIXED_6_8_TOP4,512,630,630,0.07104293847677659,5634fdc7e3a49c16c560b8bfaef3210a18bf6e51331f2b98444cb8e095e8e208,128,16,0.03125,0.96875,0.07104293847677659,0.9289570615232234
POST_HOC_BUDGET_AUDIT_SAME_TEST,0,MIXED_6_8_TOP4,512,630,630,0.5452431516415698,5634fdc7e3a49c16c560b8bfaef3210a18bf6e51331f2b98444cb8e095e8e208,256,236,0.4609375,0.5390625,0.5452431516415698,0.4547568483584302
POST_HOC_BUDGET_AUDIT_SAME_TEST,0,MIXED_6_8_TOP4,512,630,630,0.9831921775005567,5634fdc7e3a49c16c560b8bfaef3210a18bf6e51331f2b98444cb8e095e8e208,512,490,0.95703125,0.04296875,0.9831921775005567,0.016807822499443348
POST_HOC_BUDGET_AUDIT_SAME_TEST,0,MIXED_6_8_TOP4,512,630,630,1.0,5634fdc7e3a49c16c560b8bfaef3210a18bf6e51331f2b98444cb8e095e8e208,1024,512,1.0,0.0,1.0,0.0
POST_HOC_BUDGET_AUDIT_SAME_TEST,0,MIXED_6_8_TOP4,512,630,630,1.0,5634fdc7e3a49c16c560b8bfaef3210a18bf6e51331f2b98444cb8e095e8e208,2048,512,1.0,0.0,1.0,0.0
POST_HOC_BUDGET_AUDIT_SAME_TEST,0,NATIVE_FP32,512,546,630,0.017996927961500465,e0bca20dcc18f266c858757eb1fc0eb221e6127ed04b34dd4e390f8822adcb93,32,0,0.0,1.0,0.018271353414420138,0.9817286465855799
POST_HOC_BUDGET_AUDIT_SAME_TEST,0,NATIVE_FP32,512,546,630,0.017996927961500465,e0bca20dcc18f266c858757eb1fc0eb221e6127ed04b34dd4e390f8822adcb93,64,0,0.0,1.0,0.018271353414420138,0.9817286465855799
POST_HOC_BUDGET_AUDIT_SAME_TEST,0,NATIVE_FP32,512,546,630,0.0760303754203286,e0bca20dcc18f266c858757eb1fc0eb221e6127ed04b34dd4e390f8822adcb93,128,18,0.03515625,0.96484375,0.07649419646723002,0.92350580353277
POST_HOC_BUDGET_AUDIT_SAME_TEST,0,NATIVE_FP32,512,546,630,0.5386292095308438,e0bca20dcc18f266c858757eb1fc0eb221e6127ed04b34dd4e390f8822adcb93,256,233,0.455078125,0.544921875,0.5394160356499755,0.46058396435002447
POST_HOC_BUDGET_AUDIT_SAME_TEST,0,NATIVE_FP32,512,546,630,0.981805902197242,e0bca20dcc18f266c858757eb1fc0eb221e6127ed04b34dd4e390f8822adcb93,512,489,0.955078125,0.044921875,0.9819839056061589,0.01801609439384111
POST_HOC_BUDGET_AUDIT_SAME_TEST,0,NATIVE_FP32,512,546,630,1.0,e0bca20dcc18f266c858757eb1fc0eb221e6127ed04b34dd4e390f8822adcb93,1024,512,1.0,0.0,1.0,0.0
POST_HOC_BUDGET_AUDIT_SAME_TEST,0,NATIVE_FP32,512,546,630,1.0,e0bca20dcc18f266c858757eb1fc0eb221e6127ed04b34dd4e390f8822adcb93,2048,512,1.0,0.0,1.0,0.0
POST_HOC_BUDGET_AUDIT_SAME_TEST,0,STOCHASTIC_4,512,546,630,0.04750190330918149,4fb0dd3414cc4affb2020cd482e337edd2ed7dc3698605e76c2e7828b2066ffd,32,8,0.015625,0.984375,0.04788831235423295,0.952111687645767
POST_HOC_BUDGET_AUDIT_SAME_TEST,0,STOCHASTIC_4,512,546,630,0.4236482409522582,4fb0dd3414cc4affb2020cd482e337edd2ed7dc3698605e76c2e7828b2066ffd,64,175,0.341796875,0.658203125,0.4244384850240438,0.5755615149759562
POST_HOC_BUDGET_AUDIT_SAME_TEST,0,STOCHASTIC_4,512,546,630,0.9577273344482086,4fb0dd3414cc4affb2020cd482e337edd2ed7dc3698605e76c2e7828b2066ffd,128,471,0.919921875,0.080078125,0.9580114514591437,0.04198854854085632
POST_HOC_BUDGET_AUDIT_SAME_TEST,0,STOCHASTIC_4,512,546,630,1.0,4fb0dd3414cc4affb2020cd482e337edd2ed7dc3698605e76c2e7828b2066ffd,256,512,1.0,0.0,1.0,0.0
POST_HOC_BUDGET_AUDIT_SAME_TEST,0,STOCHASTIC_4,512,546,630,1.0,4fb0dd3414cc4affb2020cd482e337edd2ed7dc3698605e76c2e7828b2066ffd,512,512,1.0,0.0,1.0,0.0
POST_HOC_BUDGET_AUDIT_SAME_TEST,0,STOCHASTIC_4,512,546,630,1.0,4fb0dd3414cc4affb2020cd482e337edd2ed7dc3698605e76c2e7828b2066ffd,1024,512,1.0,0.0,1.0,0.0
POST_HOC_BUDGET_AUDIT_SAME_TEST,0,STOCHASTIC_4,512,546,630,1.0,4fb0dd3414cc4affb2020cd482e337edd2ed7dc3698605e76c2e7828b2066ffd,2048,512,1.0,0.0,1.0,0.0
POST_HOC_BUDGET_AUDIT_SAME_TEST,0,UNIFORM_10,512,546,630,0.017996927961500465,4f371bf745278051b9ecabf1f0e422a2d6f5d33b16117c01594710026eb11267,32,0,0.0,1.0,0.018271353414420138,0.9817286465855799
POST_HOC_BUDGET_AUDIT_SAME_TEST,0,UNIFORM_10,512,546,630,0.017996927961500465,4f371bf745278051b9ecabf1f0e422a2d6f5d33b16117c01594710026eb11267,64,0,0.0,1.0,0.018271353414420138,0.9817286465855799
POST_HOC_BUDGET_AUDIT_SAME_TEST,0,UNIFORM_10,512,546,630,0.0760303754203286,4f371bf745278051b9ecabf1f0e422a2d6f5d33b16117c01594710026eb11267,128,18,0.03515625,0.96484375,0.07649419646723002,0.92350580353277
POST_HOC_BUDGET_AUDIT_SAME_TEST,0,UNIFORM_10,512,546,630,0.5327894856250828,4f371bf745278051b9ecabf1f0e422a2d6f5d33b16117c01594710026eb11267,256,230,0.44921875,0.55078125,0.5335774908684011,0.4664225091315989
POST_HOC_BUDGET_AUDIT_SAME_TEST,0,UNIFORM_10,512,546,630,0.981805902197242,4f371bf745278051b9ecabf1f0e422a2d6f5d33b16117c01594710026eb11267,512,489,0.955078125,0.044921875,0.9819839056061589,0.01801609439384111
POST_HOC_BUDGET_AUDIT_SAME_TEST,0,UNIFORM_10,512,546,630,1.0,4f371bf745278051b9ecabf1f0e422a2d6f5d33b16117c01594710026eb11267,1024,512,1.0,0.0,1.0,0.0
POST_HOC_BUDGET_AUDIT_SAME_TEST,0,UNIFORM_10,512,546,630,1.0,4f371bf745278051b9ecabf1f0e422a2d6f5d33b16117c01594710026eb11267,2048,512,1.0,0.0,1.0,0.0
POST_HOC_BUDGET_AUDIT_SAME_TEST,0,UNIFORM_11,512,546,630,0.017996927961500465,d26a66e069a77d5a4a21974d65f97e2c0796b2fc96527006b39eb81406f01867,32,0,0.0,1.0,0.018271353414420138,0.9817286465855799
POST_HOC_BUDGET_AUDIT_SAME_TEST,0,UNIFORM_11,512,546,630,0.017996927961500465,d26a66e069a77d5a4a21974d65f97e2c0796b2fc96527006b39eb81406f01867,64,0,0.0,1.0,0.018271353414420138,0.9817286465855799
POST_HOC_BUDGET_AUDIT_SAME_TEST,0,UNIFORM_11,512,546,630,0.0760303754203286,d26a66e069a77d5a4a21974d65f97e2c0796b2fc96527006b39eb81406f01867,128,18,0.03515625,0.96484375,0.07649419646723002,0.92350580353277
POST_HOC_BUDGET_AUDIT_SAME_TEST,0,UNIFORM_11,512,546,630,0.5425160659859528,d26a66e069a77d5a4a21974d65f97e2c0796b2fc96527006b39eb81406f01867,256,235,0.458984375,0.541015625,0.5433020473708849,0.45669795262911506
POST_HOC_BUDGET_AUDIT_SAME_TEST,0,UNIFORM_11,512,546,630,0.9830210736705866,d26a66e069a77d5a4a21974d65f97e2c0796b2fc96527006b39eb81406f01867,512,490,0.95703125,0.04296875,0.9831921775005567,0.016807822499443348
POST_HOC_BUDGET_AUDIT_SAME_TEST,0,UNIFORM_11,512,546,630,1.0,d26a66e069a77d5a4a21974d65f97e2c0796b2fc96527006b39eb81406f01867,1024,512,1.0,0.0,1.0,0.0
POST_HOC_BUDGET_AUDIT_SAME_TEST,0,UNIFORM_11,512,546,630,1.0,d26a66e069a77d5a4a21974d65f97e2c0796b2fc96527006b39eb81406f01867,2048,512,1.0,0.0,1.0,0.0
POST_HOC_BUDGET_AUDIT_SAME_TEST,0,UNIFORM_12,512,546,630,0.017996927961500465,a7339aba82a52e1980efed92cd2364c585802ce15c4e4dc2cf9280587cd22f4c,32,0,0.0,1.0,0.018271353414420138,0.9817286465855799
POST_HOC_BUDGET_AUDIT_SAME_TEST,0,UNIFORM_12,512,546,630,0.017996927961500465,a7339aba82a52e1980efed92cd2364c585802ce15c4e4dc2cf9280587cd22f4c,64,0,0.0,1.0,0.018271353414420138,0.9817286465855799
POST_HOC_BUDGET_AUDIT_SAME_TEST,0,UNIFORM_12,512,546,630,0.0760303754203286,a7339aba82a52e1980efed92cd2364c585802ce15c4e4dc2cf9280587cd22f4c,128,18,0.03515625,0.96484375,0.07649419646723002,0.92350580353277
POST_HOC_BUDGET_AUDIT_SAME_TEST,0,UNIFORM_12,512,546,630,0.5386292095308438,a7339aba82a52e1980efed92cd2364c585802ce15c4e4dc2cf9280587cd22f4c,256,233,0.455078125,0.544921875,0.5394160356499755,0.46058396435002447
POST_HOC_BUDGET_AUDIT_SAME_TEST,0,UNIFORM_12,512,546,630,0.9830210736705866,a7339aba82a52e1980efed92cd2364c585802ce15c4e4dc2cf9280587cd22f4c,512,490,0.95703125,0.04296875,0.9831921775005567,0.016807822499443348
POST_HOC_BUDGET_AUDIT_SAME_TEST,0,UNIFORM_12,512,546,630,1.0,a7339aba82a52e1980efed92cd2364c585802ce15c4e4dc2cf9280587cd22f4c,1024,512,1.0,0.0,1.0,0.0
POST_HOC_BUDGET_AUDIT_SAME_TEST,0,UNIFORM_12,512,546,630,1.0,a7339aba82a52e1980efed92cd2364c585802ce15c4e4dc2cf9280587cd22f4c,2048,512,1.0,0.0,1.0,0.0
POST_HOC_BUDGET_AUDIT_SAME_TEST,0,UNIFORM_13,512,546,630,0.017996927961500465,0ec4b9c5ececb2e5d412ad39b2705d1bf59083b91e7629f69ad18f2dec64492d,32,0,0.0,1.0,0.018271353414420138,0.9817286465855799
POST_HOC_BUDGET_AUDIT_SAME_TEST,0,UNIFORM_13,512,546,630,0.017996927961500465,0ec4b9c5ececb2e5d412ad39b2705d1bf59083b91e7629f69ad18f2dec64492d,64,0,0.0,1.0,0.018271353414420138,0.9817286465855799
POST_HOC_BUDGET_AUDIT_SAME_TEST,0,UNIFORM_13,512,546,630,0.0760303754203286,0ec4b9c5ececb2e5d412ad39b2705d1bf59083b91e7629f69ad18f2dec64492d,128,18,0.03515625,0.96484375,0.07649419646723002,0.92350580353277
POST_HOC_BUDGET_AUDIT_SAME_TEST,0,UNIFORM_13,512,546,630,0.5386292095308438,0ec4b9c5ececb2e5d412ad39b2705d1bf59083b91e7629f69ad18f2dec64492d,256,233,0.455078125,0.544921875,0.5394160356499755,0.46058396435002447
POST_HOC_BUDGET_AUDIT_SAME_TEST,0,UNIFORM_13,512,546,630,0.9830210736705866,0ec4b9c5ececb2e5d412ad39b2705d1bf59083b91e7629f69ad18f2dec64492d,512,490,0.95703125,0.04296875,0.9831921775005567,0.016807822499443348
POST_HOC_BUDGET_AUDIT_SAME_TEST,0,UNIFORM_13,512,546,630,1.0,0ec4b9c5ececb2e5d412ad39b2705d1bf59083b91e7629f69ad18f2dec64492d,1024,512,1.0,0.0,1.0,0.0
POST_HOC_BUDGET_AUDIT_SAME_TEST,0,UNIFORM_13,512,546,630,1.0,0ec4b9c5ececb2e5d412ad39b2705d1bf59083b91e7629f69ad18f2dec64492d,2048,512,1.0,0.0,1.0,0.0
POST_HOC_BUDGET_AUDIT_SAME_TEST,0,UNIFORM_14,512,546,630,0.017996927961500465,7ec11fcdaf29caa21a47b723efabdc7a40afb582fc2b69495c543515e5a9c5d4,32,0,0.0,1.0,0.018271353414420138,0.9817286465855799
POST_HOC_BUDGET_AUDIT_SAME_TEST,0,UNIFORM_14,512,546,630,0.017996927961500465,7ec11fcdaf29caa21a47b723efabdc7a40afb582fc2b69495c543515e5a9c5d4,64,0,0.0,1.0,0.018271353414420138,0.9817286465855799
POST_HOC_BUDGET_AUDIT_SAME_TEST,0,UNIFORM_14,512,546,630,0.0760303754203286,7ec11fcdaf29caa21a47b723efabdc7a40afb582fc2b69495c543515e5a9c5d4,128,18,0.03515625,0.96484375,0.07649419646723002,0.92350580353277
POST_HOC_BUDGET_AUDIT_SAME_TEST,0,UNIFORM_14,512,546,630,0.5386292095308438,7ec11fcdaf29caa21a47b723efabdc7a40afb582fc2b69495c543515e5a9c5d4,256,233,0.455078125,0.544921875,0.5394160356499755,0.46058396435002447
POST_HOC_BUDGET_AUDIT_SAME_TEST,0,UNIFORM_14,512,546,630,0.981805902197242,7ec11fcdaf29caa21a47b723efabdc7a40afb582fc2b69495c543515e5a9c5d4,512,489,0.955078125,0.044921875,0.9819839056061589,0.01801609439384111
POST_HOC_BUDGET_AUDIT_SAME_TEST,0,UNIFORM_14,512,546,630,1.0,7ec11fcdaf29caa21a47b723efabdc7a40afb582fc2b69495c543515e5a9c5d4,1024,512,1.0,0.0,1.0,0.0
POST_HOC_BUDGET_AUDIT_SAME_TEST,0,UNIFORM_14,512,546,630,1.0,7ec11fcdaf29caa21a47b723efabdc7a40afb582fc2b69495c543515e5a9c5d4,2048,512,1.0,0.0,1.0,0.0
POST_HOC_BUDGET_AUDIT_SAME_TEST,0,UNIFORM_15,512,546,630,0.017996927961500465,a6b5f5df4acca2ca7adb8efa49598a1da393dae48e1d7e63150e34d6df75b717,32,0,0.0,1.0,0.018271353414420138,0.9817286465855799
POST_HOC_BUDGET_AUDIT_SAME_TEST,0,UNIFORM_15,512,546,630,0.017996927961500465,a6b5f5df4acca2ca7adb8efa49598a1da393dae48e1d7e63150e34d6df75b717,64,0,0.0,1.0,0.018271353414420138,0.9817286465855799
POST_HOC_BUDGET_AUDIT_SAME_TEST,0,UNIFORM_15,512,546,630,0.0760303754203286,a6b5f5df4acca2ca7adb8efa49598a1da393dae48e1d7e63150e34d6df75b717,128,18,0.03515625,0.96484375,0.07649419646723002,0.92350580353277
POST_HOC_BUDGET_AUDIT_SAME_TEST,0,UNIFORM_15,512,546,630,0.5386292095308438,a6b5f5df4acca2ca7adb8efa49598a1da393dae48e1d7e63150e34d6df75b717,256,233,0.455078125,0.544921875,0.5394160356499755,0.46058396435002447
POST_HOC_BUDGET_AUDIT_SAME_TEST,0,UNIFORM_15,512,546,630,0.9830210736705866,a6b5f5df4acca2ca7adb8efa49598a1da393dae48e1d7e63150e34d6df75b717,512,490,0.95703125,0.04296875,0.9831921775005567,0.016807822499443348
POST_HOC_BUDGET_AUDIT_SAME_TEST,0,UNIFORM_15,512,546,630,1.0,a6b5f5df4acca2ca7adb8efa49598a1da393dae48e1d7e63150e34d6df75b717,1024,512,1.0,0.0,1.0,0.0
POST_HOC_BUDGET_AUDIT_SAME_TEST,0,UNIFORM_15,512,546,630,1.0,a6b5f5df4acca2ca7adb8efa49598a1da393dae48e1d7e63150e34d6df75b717,2048,512,1.0,0.0,1.0,0.0
POST_HOC_BUDGET_AUDIT_SAME_TEST,0,UNIFORM_16,512,546,630,0.017996927961500465,5aa22cdd63f2419dedfce7aa3d63d771ee2b8b3ea85108b058d5c109d8d24256,32,0,0.0,1.0,0.018271353414420138,0.9817286465855799
POST_HOC_BUDGET_AUDIT_SAME_TEST,0,UNIFORM_16,512,546,630,0.017996927961500465,5aa22cdd63f2419dedfce7aa3d63d771ee2b8b3ea85108b058d5c109d8d24256,64,0,0.0,1.0,0.018271353414420138,0.9817286465855799
POST_HOC_BUDGET_AUDIT_SAME_TEST,0,UNIFORM_16,512,546,630,0.0760303754203286,5aa22cdd63f2419dedfce7aa3d63d771ee2b8b3ea85108b058d5c109d8d24256,128,18,0.03515625,0.96484375,0.07649419646723002,0.92350580353277
POST_HOC_BUDGET_AUDIT_SAME_TEST,0,UNIFORM_16,512,546,630,0.5386292095308438,5aa22cdd63f2419dedfce7aa3d63d771ee2b8b3ea85108b058d5c109d8d24256,256,233,0.455078125,0.544921875,0.5394160356499755,0.46058396435002447
POST_HOC_BUDGET_AUDIT_SAME_TEST,0,UNIFORM_16,512,546,630,0.981805902197242,5aa22cdd63f2419dedfce7aa3d63d771ee2b8b3ea85108b058d5c109d8d24256,512,489,0.955078125,0.044921875,0.9819839056061589,0.01801609439384111
POST_HOC_BUDGET_AUDIT_SAME_TEST,0,UNIFORM_16,512,546,630,1.0,5aa22cdd63f2419dedfce7aa3d63d771ee2b8b3ea85108b058d5c109d8d24256,1024,512,1.0,0.0,1.0,0.0
POST_HOC_BUDGET_AUDIT_SAME_TEST,0,UNIFORM_16,512,546,630,1.0,5aa22cdd63f2419dedfce7aa3d63d771ee2b8b3ea85108b058d5c109d8d24256,2048,512,1.0,0.0,1.0,0.0
POST_HOC_BUDGET_AUDIT_SAME_TEST,0,UNIFORM_2,512,546,630,0.9999998211342254,c1f092699a0dcdba243a34e2132912f388770cbd7a35a9738c053ed451f59c6f,32,511,0.998046875,0.001953125,0.9999998449839399,1.5501606009937774e-07
POST_HOC_BUDGET_AUDIT_SAME_TEST,0,UNIFORM_2,512,546,630,1.0,c1f092699a0dcdba243a34e2132912f388770cbd7a35a9738c053ed451f59c6f,64,512,1.0,0.0,1.0,0.0
POST_HOC_BUDGET_AUDIT_SAME_TEST,0,UNIFORM_2,512,546,630,1.0,c1f092699a0dcdba243a34e2132912f388770cbd7a35a9738c053ed451f59c6f,128,512,1.0,0.0,1.0,0.0
POST_HOC_BUDGET_AUDIT_SAME_TEST,0,UNIFORM_2,512,546,630,1.0,c1f092699a0dcdba243a34e2132912f388770cbd7a35a9738c053ed451f59c6f,256,512,1.0,0.0,1.0,0.0
POST_HOC_BUDGET_AUDIT_SAME_TEST,0,UNIFORM_2,512,546,630,1.0,c1f092699a0dcdba243a34e2132912f388770cbd7a35a9738c053ed451f59c6f,512,512,1.0,0.0,1.0,0.0
POST_HOC_BUDGET_AUDIT_SAME_TEST,0,UNIFORM_2,512,546,630,1.0,c1f092699a0dcdba243a34e2132912f388770cbd7a35a9738c053ed451f59c6f,1024,512,1.0,0.0,1.0,0.0
POST_HOC_BUDGET_AUDIT_SAME_TEST,0,UNIFORM_2,512,546,630,1.0,c1f092699a0dcdba243a34e2132912f388770cbd7a35a9738c053ed451f59c6f,2048,512,1.0,0.0,1.0,0.0
POST_HOC_BUDGET_AUDIT_SAME_TEST,0,UNIFORM_3,512,546,630,0.28876791119753187,ea90ece33f6c5123790a272c5a9826126928d1253d98c87889fce66fd7ff109a,32,110,0.21484375,0.78515625,0.2895059524748785,0.7104940475251216
POST_HOC_BUDGET_AUDIT_SAME_TEST,0,UNIFORM_3,512,546,630,0.8104045555938394,ea90ece33f6c5123790a272c5a9826126928d1253d98c87889fce66fd7ff109a,64,380,0.7421875,0.2578125,0.810999810890918,0.189000189109082
POST_HOC_BUDGET_AUDIT_SAME_TEST,0,UNIFORM_3,512,546,630,0.9999998211342254,ea90ece33f6c5123790a272c5a9826126928d1253d98c87889fce66fd7ff109a,128,511,0.998046875,0.001953125,0.9999998449839399,1.5501606009937774e-07
POST_HOC_BUDGET_AUDIT_SAME_TEST,0,UNIFORM_3,512,546,630,1.0,ea90ece33f6c5123790a272c5a9826126928d1253d98c87889fce66fd7ff109a,256,512,1.0,0.0,1.0,0.0
POST_HOC_BUDGET_AUDIT_SAME_TEST,0,UNIFORM_3,512,546,630,1.0,ea90ece33f6c5123790a272c5a9826126928d1253d98c87889fce66fd7ff109a,512,512,1.0,0.0,1.0,0.0
POST_HOC_BUDGET_AUDIT_SAME_TEST,0,UNIFORM_3,512,546,630,1.0,ea90ece33f6c5123790a272c5a9826126928d1253d98c87889fce66fd7ff109a,1024,512,1.0,0.0,1.0,0.0
POST_HOC_BUDGET_AUDIT_SAME_TEST,0,UNIFORM_3,512,546,630,1.0,ea90ece33f6c5123790a272c5a9826126928d1253d98c87889fce66fd7ff109a,2048,512,1.0,0.0,1.0,0.0
POST_HOC_BUDGET_AUDIT_SAME_TEST,0,UNIFORM_4,512,546,630,0.017996927961500465,43456578878df7cc3cdaf4b452dd3dee8f9c75cedf75a2f2dd068e3267fb350b,32,0,0.0,1.0,0.018271353414420138,0.9817286465855799
POST_HOC_BUDGET_AUDIT_SAME_TEST,0,UNIFORM_4,512,546,630,0.06504679039111078,43456578878df7cc3cdaf4b452dd3dee8f9c75cedf75a2f2dd068e3267fb350b,64,14,0.02734375,0.97265625,0.06548325633657673,0.9345167436634233
POST_HOC_BUDGET_AUDIT_SAME_TEST,0,UNIFORM_4,512,546,630,0.5249855074717305,43456578878df7cc3cdaf4b452dd3dee8f9c75cedf75a2f2dd068e3267fb350b,128,226,0.44140625,0.55859375,0.5257749201018375,0.47422507989816254
POST_HOC_BUDGET_AUDIT_SAME_TEST,0,UNIFORM_4,512,546,630,0.9767859754493614,43456578878df7cc3cdaf4b452dd3dee8f9c75cedf75a2f2dd068e3267fb350b,256,485,0.947265625,0.052734375,0.9769903067671656,0.023009693232834416
POST_HOC_BUDGET_AUDIT_SAME_TEST,0,UNIFORM_4,512,546,630,1.0,43456578878df7cc3cdaf4b452dd3dee8f9c75cedf75a2f2dd068e3267fb350b,512,512,1.0,0.0,1.0,0.0
POST_HOC_BUDGET_AUDIT_SAME_TEST,0,UNIFORM_4,512,546,630,1.0,43456578878df7cc3cdaf4b452dd3dee8f9c75cedf75a2f2dd068e3267fb350b,1024,512,1.0,0.0,1.0,0.0
POST_HOC_BUDGET_AUDIT_SAME_TEST,0,UNIFORM_4,512,546,630,1.0,43456578878df7cc3cdaf4b452dd3dee8f9c75cedf75a2f2dd068e3267fb350b,2048,512,1.0,0.0,1.0,0.0
POST_HOC_BUDGET_AUDIT_SAME_TEST,0,UNIFORM_5,512,546,630,0.017996927961500465,28a63b3bcfb341acad0bcfb5eb6ebb7d4753d2373eca6a2f3d9e120391b25b26,32,0,0.0,1.0,0.018271353414420138,0.9817286465855799
POST_HOC_BUDGET_AUDIT_SAME_TEST,0,UNIFORM_5,512,546,630,0.017996927961500465,28a63b3bcfb341acad0bcfb5eb6ebb7d4753d2373eca6a2f3d9e120391b25b26,64,0,0.0,1.0,0.018271353414420138,0.9817286465855799
POST_HOC_BUDGET_AUDIT_SAME_TEST,0,UNIFORM_5,512,546,630,0.11701546500483852,28a63b3bcfb341acad0bcfb5eb6ebb7d4753d2373eca6a2f3d9e120391b25b26,128,34,0.06640625,0.93359375,0.11756294996095373,0.8824370500390463
POST_HOC_BUDGET_AUDIT_SAME_TEST,0,UNIFORM_5,512,546,630,0.7376482016011563,28a63b3bcfb341acad0bcfb5eb6ebb7d4753d2373eca6a2f3d9e120391b25b26,256,339,0.662109375,0.337890625,0.738325192547963,0.261674807452037
POST_HOC_BUDGET_AUDIT_SAME_TEST,0,UNIFORM_5,512,546,630,0.9986227039224261,28a63b3bcfb341acad0bcfb5eb6ebb7d4753d2373eca6a2f3d9e120391b25b26,512,506,0.98828125,0.01171875,0.9986586086854383,0.0013413913145616796
POST_HOC_BUDGET_AUDIT_SAME_TEST,0,UNIFORM_5,512,546,630,1.0,28a63b3bcfb341acad0bcfb5eb6ebb7d4753d2373eca6a2f3d9e120391b25b26,1024,512,1.0,0.0,1.0,0.0
POST_HOC_BUDGET_AUDIT_SAME_TEST,0,UNIFORM_5,512,546,630,1.0,28a63b3bcfb341acad0bcfb5eb6ebb7d4753d2373eca6a2f3d9e120391b25b26,2048,512,1.0,0.0,1.0,0.0
POST_HOC_BUDGET_AUDIT_SAME_TEST,0,UNIFORM_6,512,546,630,0.017996927961500465,042899ac254c056dcebb416c0240983d5ce1cbc3dfae38145bf8c976c8bec584,32,0,0.0,1.0,0.018271353414420138,0.9817286465855799
POST_HOC_BUDGET_AUDIT_SAME_TEST,0,UNIFORM_6,512,546,630,0.017996927961500465,042899ac254c056dcebb416c0240983d5ce1cbc3dfae38145bf8c976c8bec584,64,0,0.0,1.0,0.018271353414420138,0.9817286465855799
POST_HOC_BUDGET_AUDIT_SAME_TEST,0,UNIFORM_6,512,546,630,0.08137687841619139,042899ac254c056dcebb416c0240983d5ce1cbc3dfae38145bf8c976c8bec584,128,20,0.0390625,0.9609375,0.08185312221621802,0.918146877783782
POST_HOC_BUDGET_AUDIT_SAME_TEST,0,UNIFORM_6,512,546,630,0.5830261635553478,042899ac254c056dcebb416c0240983d5ce1cbc3dfae38145bf8c976c8bec584,256,256,0.5,0.5,0.5838004614692808,0.4161995385307192
POST_HOC_BUDGET_AUDIT_SAME_TEST,0,UNIFORM_6,512,546,630,0.9876903146484421,042899ac254c056dcebb416c0240983d5ce1cbc3dfae38145bf8c976c8bec584,512,494,0.96484375,0.03515625,0.9878323455045036,0.012167654495496394
POST_HOC_BUDGET_AUDIT_SAME_TEST,0,UNIFORM_6,512,546,630,1.0,042899ac254c056dcebb416c0240983d5ce1cbc3dfae38145bf8c976c8bec584,1024,512,1.0,0.0,1.0,0.0
POST_HOC_BUDGET_AUDIT_SAME_TEST,0,UNIFORM_6,512,546,630,1.0,042899ac254c056dcebb416c0240983d5ce1cbc3dfae38145bf8c976c8bec584,2048,512,1.0,0.0,1.0,0.0
POST_HOC_BUDGET_AUDIT_SAME_TEST,0,UNIFORM_7,512,546,630,0.017996927961500465,51d3ab72117ce923eb5d3ddf30d904222c8d4da963492883dc9f6b30eae29058,32,0,0.0,1.0,0.018271353414420138,0.9817286465855799
POST_HOC_BUDGET_AUDIT_SAME_TEST,0,UNIFORM_7,512,546,630,0.017996927961500465,51d3ab72117ce923eb5d3ddf30d904222c8d4da963492883dc9f6b30eae29058,64,0,0.0,1.0,0.018271353414420138,0.9817286465855799
POST_HOC_BUDGET_AUDIT_SAME_TEST,0,UNIFORM_7,512,546,630,0.0760303754203286,51d3ab72117ce923eb5d3ddf30d904222c8d4da963492883dc9f6b30eae29058,128,18,0.03515625,0.96484375,0.07649419646723002,0.92350580353277
POST_HOC_BUDGET_AUDIT_SAME_TEST,0,UNIFORM_7,512,546,630,0.5657320134370891,51d3ab72117ce923eb5d3ddf30d904222c8d4da963492883dc9f6b30eae29058,256,247,0.482421875,0.517578125,0.5665119459907014,0.4334880540092986
POST_HOC_BUDGET_AUDIT_SAME_TEST,0,UNIFORM_7,512,546,630,0.9830210736705866,51d3ab72117ce923eb5d3ddf30d904222c8d4da963492883dc9f6b30eae29058,512,490,0.95703125,0.04296875,0.9831921775005567,0.016807822499443348
POST_HOC_BUDGET_AUDIT_SAME_TEST,0,UNIFORM_7,512,546,630,1.0,51d3ab72117ce923eb5d3ddf30d904222c8d4da963492883dc9f6b30eae29058,1024,512,1.0,0.0,1.0,0.0
POST_HOC_BUDGET_AUDIT_SAME_TEST,0,UNIFORM_7,512,546,630,1.0,51d3ab72117ce923eb5d3ddf30d904222c8d4da963492883dc9f6b30eae29058,2048,512,1.0,0.0,1.0,0.0
POST_HOC_BUDGET_AUDIT_SAME_TEST,0,UNIFORM_8,512,546,630,0.017996927961500465,a1ef414ff1c797757b086e266dfa748ed98d4a5af7169ef2ebcc6c5a704fa520,32,0,0.0,1.0,0.018271353414420138,0.9817286465855799
POST_HOC_BUDGET_AUDIT_SAME_TEST,0,UNIFORM_8,512,546,630,0.017996927961500465,a1ef414ff1c797757b086e266dfa748ed98d4a5af7169ef2ebcc6c5a704fa520,64,0,0.0,1.0,0.018271353414420138,0.9817286465855799
POST_HOC_BUDGET_AUDIT_SAME_TEST,0,UNIFORM_8,512,546,630,0.0760303754203286,a1ef414ff1c797757b086e266dfa748ed98d4a5af7169ef2ebcc6c5a704fa520,128,18,0.03515625,0.96484375,0.07649419646723002,0.92350580353277
POST_HOC_BUDGET_AUDIT_SAME_TEST,0,UNIFORM_8,512,546,630,0.5386292095308438,a1ef414ff1c797757b086e266dfa748ed98d4a5af7169ef2ebcc6c5a704fa520,256,233,0.455078125,0.544921875,0.5394160356499755,0.46058396435002447
POST_HOC_BUDGET_AUDIT_SAME_TEST,0,UNIFORM_8,512,546,630,0.9830210736705866,a1ef414ff1c797757b086e266dfa748ed98d4a5af7169ef2ebcc6c5a704fa520,512,490,0.95703125,0.04296875,0.9831921775005567,0.016807822499443348
POST_HOC_BUDGET_AUDIT_SAME_TEST,0,UNIFORM_8,512,546,630,1.0,a1ef414ff1c797757b086e266dfa748ed98d4a5af7169ef2ebcc6c5a704fa520,1024,512,1.0,0.0,1.0,0.0
POST_HOC_BUDGET_AUDIT_SAME_TEST,0,UNIFORM_8,512,546,630,1.0,a1ef414ff1c797757b086e266dfa748ed98d4a5af7169ef2ebcc6c5a704fa520,2048,512,1.0,0.0,1.0,0.0
POST_HOC_BUDGET_AUDIT_SAME_TEST,0,UNIFORM_9,512,546,630,0.017996927961500465,511e9c8be2f03dce301769beadd89a8b9d83458ef8e2ac988f04803fef528c02,32,0,0.0,1.0,0.018271353414420138,0.9817286465855799
POST_HOC_BUDGET_AUDIT_SAME_TEST,0,UNIFORM_9,512,546,630,0.017996927961500465,511e9c8be2f03dce301769beadd89a8b9d83458ef8e2ac988f04803fef528c02,64,0,0.0,1.0,0.018271353414420138,0.9817286465855799
POST_HOC_BUDGET_AUDIT_SAME_TEST,0,UNIFORM_9,512,546,630,0.0760303754203286,511e9c8be2f03dce301769beadd89a8b9d83458ef8e2ac988f04803fef528c02,128,18,0.03515625,0.96484375,0.07649419646723002,0.92350580353277
POST_HOC_BUDGET_AUDIT_SAME_TEST,0,UNIFORM_9,512,546,630,0.5405732661723032,511e9c8be2f03dce301769beadd89a8b9d83458ef8e2ac988f04803fef528c02,256,234,0.45703125,0.54296875,0.5413596757814092,0.4586403242185908
POST_HOC_BUDGET_AUDIT_SAME_TEST,0,UNIFORM_9,512,546,630,0.9805738955464157,511e9c8be2f03dce301769beadd89a8b9d83458ef8e2ac988f04803fef528c02,512,488,0.953125,0.046875,0.9807586654495464,0.019241334550453626
POST_HOC_BUDGET_AUDIT_SAME_TEST,0,UNIFORM_9,512,546,630,1.0,511e9c8be2f03dce301769beadd89a8b9d83458ef8e2ac988f04803fef528c02,1024,512,1.0,0.0,1.0,0.0
POST_HOC_BUDGET_AUDIT_SAME_TEST,0,UNIFORM_9,512,546,630,1.0,511e9c8be2f03dce301769beadd89a8b9d83458ef8e2ac988f04803fef528c02,2048,512,1.0,0.0,1.0,0.0
POST_HOC_BUDGET_AUDIT_SAME_TEST,0,UNTRANSPORTED_4_4,512,546,630,0.04750190330918149,5cb3460c19ec1d12f853e12c3377bc59ade75c5dbd857a0a6a192224ec03a657,32,8,0.015625,0.984375,0.04788831235423295,0.952111687645767
POST_HOC_BUDGET_AUDIT_SAME_TEST,0,UNTRANSPORTED_4_4,512,546,630,0.38701015709507475,5cb3460c19ec1d12f853e12c3377bc59ade75c5dbd857a0a6a192224ec03a657,64,157,0.306640625,0.693359375,0.3877925746429387,0.6122074253570613
POST_HOC_BUDGET_AUDIT_SAME_TEST,0,UNTRANSPORTED_4_4,512,546,630,0.932555600145556,5cb3460c19ec1d12f853e12c3377bc59ade75c5dbd857a0a6a192224ec03a657,128,454,0.88671875,0.11328125,0.9329190333603732,0.06708096663962682
POST_HOC_BUDGET_AUDIT_SAME_TEST,0,UNTRANSPORTED_4_4,512,546,630,1.0,5cb3460c19ec1d12f853e12c3377bc59ade75c5dbd857a0a6a192224ec03a657,256,512,1.0,0.0,1.0,0.0
POST_HOC_BUDGET_AUDIT_SAME_TEST,0,UNTRANSPORTED_4_4,512,546,630,1.0,5cb3460c19ec1d12f853e12c3377bc59ade75c5dbd857a0a6a192224ec03a657,512,512,1.0,0.0,1.0,0.0
POST_HOC_BUDGET_AUDIT_SAME_TEST,0,UNTRANSPORTED_4_4,512,546,630,1.0,5cb3460c19ec1d12f853e12c3377bc59ade75c5dbd857a0a6a192224ec03a657,1024,512,1.0,0.0,1.0,0.0
POST_HOC_BUDGET_AUDIT_SAME_TEST,0,UNTRANSPORTED_4_4,512,546,630,1.0,5cb3460c19ec1d12f853e12c3377bc59ade75c5dbd857a0a6a192224ec03a657,2048,512,1.0,0.0,1.0,0.0
POST_HOC_BUDGET_AUDIT_SAME_TEST,1,FULL_RESIDUAL_4_4,512,546,630,0.017996927961500465,a6e5ed66efa593a5c276cf3f17a2021fb5b19c064201df87c3511365f0c5c2ae,32,0,0.0,1.0,0.018271353414420138,0.9817286465855799
POST_HOC_BUDGET_AUDIT_SAME_TEST,1,FULL_RESIDUAL_4_4,512,546,630,0.030895099052133404,a6e5ed66efa593a5c276cf3f17a2021fb5b19c064201df87c3511365f0c5c2ae,64,3,0.005859375,0.994140625,0.031223973144942713,0.9687760268550573
POST_HOC_BUDGET_AUDIT_SAME_TEST,1,FULL_RESIDUAL_4_4,512,546,630,0.16004503261969105,a6e5ed66efa593a5c276cf3f17a2021fb5b19c064201df87c3511365f0c5c2ae,128,52,0.1015625,0.8984375,0.16065912469288815,0.8393408753071119
POST_HOC_BUDGET_AUDIT_SAME_TEST,1,FULL_RESIDUAL_4_4,512,546,630,0.6135224160811487,a6e5ed66efa593a5c276cf3f17a2021fb5b19c064201df87c3511365f0c5c2ae,256,272,0.53125,0.46875,0.6142843772842471,0.3857156227157529
POST_HOC_BUDGET_AUDIT_SAME_TEST,1,FULL_RESIDUAL_4_4,512,546,630,0.9702100111681704,a6e5ed66efa593a5c276cf3f17a2021fb5b19c064201df87c3511365f0c5c2ae,512,480,0.9375,0.0625,0.9704447873071517,0.02955521269284833
POST_HOC_BUDGET_AUDIT_SAME_TEST,1,FULL_RESIDUAL_4_4,512,546,630,1.0,a6e5ed66efa593a5c276cf3f17a2021fb5b19c064201df87c3511365f0c5c2ae,1024,512,1.0,0.0,1.0,0.0
POST_HOC_BUDGET_AUDIT_SAME_TEST,1,FULL_RESIDUAL_4_4,512,546,630,1.0,a6e5ed66efa593a5c276cf3f17a2021fb5b19c064201df87c3511365f0c5c2ae,2048,512,1.0,0.0,1.0,0.0
POST_HOC_BUDGET_AUDIT_SAME_TEST,1,FULL_RESIDUAL_4_8,512,546,630,0.017996927961500465,5461fdcde3de881d021039ca2b4c9bdb6a03b29988a99bb9296fab942801c056,32,0,0.0,1.0,0.018271353414420138,0.9817286465855799
POST_HOC_BUDGET_AUDIT_SAME_TEST,1,FULL_RESIDUAL_4_8,512,546,630,0.030895099052133404,5461fdcde3de881d021039ca2b4c9bdb6a03b29988a99bb9296fab942801c056,64,3,0.005859375,0.994140625,0.031223973144942713,0.9687760268550573
POST_HOC_BUDGET_AUDIT_SAME_TEST,1,FULL_RESIDUAL_4_8,512,546,630,0.16237401896463163,5461fdcde3de881d021039ca2b4c9bdb6a03b29988a99bb9296fab942801c056,128,53,0.103515625,0.896484375,0.16299125338698642,0.8370087466130136
POST_HOC_BUDGET_AUDIT_SAME_TEST,1,FULL_RESIDUAL_4_8,512,546,630,0.628650577973819,5461fdcde3de881d021039ca2b4c9bdb6a03b29988a99bb9296fab942801c056,256,280,0.546875,0.453125,0.6294052530440428,0.3705947469559572
POST_HOC_BUDGET_AUDIT_SAME_TEST,1,FULL_RESIDUAL_4_8,512,546,630,0.9675010601315701,5461fdcde3de881d021039ca2b4c9bdb6a03b29988a99bb9296fab942801c056,512,478,0.93359375,0.06640625,0.9677473560704694,0.032252643929530644
POST_HOC_BUDGET_AUDIT_SAME_TEST,1,FULL_RESIDUAL_4_8,512,546,630,1.0,5461fdcde3de881d021039ca2b4c9bdb6a03b29988a99bb9296fab942801c056,1024,512,1.0,0.0,1.0,0.0
POST_HOC_BUDGET_AUDIT_SAME_TEST,1,FULL_RESIDUAL_4_8,512,546,630,1.0,5461fdcde3de881d021039ca2b4c9bdb6a03b29988a99bb9296fab942801c056,2048,512,1.0,0.0,1.0,0.0
POST_HOC_BUDGET_AUDIT_SAME_TEST,1,FULL_RESIDUAL_4_FP32,512,546,630,0.017996927961500465,7f7e69ee11503bb594031127c8a713dd251f2a8acadba8f87a73a03a0a94ecd4,32,0,0.0,1.0,0.018271353414420138,0.9817286465855799
POST_HOC_BUDGET_AUDIT_SAME_TEST,1,FULL_RESIDUAL_4_FP32,512,546,630,0.030895099052133404,7f7e69ee11503bb594031127c8a713dd251f2a8acadba8f87a73a03a0a94ecd4,64,3,0.005859375,0.994140625,0.031223973144942713,0.9687760268550573
POST_HOC_BUDGET_AUDIT_SAME_TEST,1,FULL_RESIDUAL_4_FP32,512,546,630,0.16237401896463163,7f7e69ee11503bb594031127c8a713dd251f2a8acadba8f87a73a03a0a94ecd4,128,53,0.103515625,0.896484375,0.16299125338698642,0.8370087466130136
POST_HOC_BUDGET_AUDIT_SAME_TEST,1,FULL_RESIDUAL_4_FP32,512,546,630,0.628650577973819,7f7e69ee11503bb594031127c8a713dd251f2a8acadba8f87a73a03a0a94ecd4,256,280,0.546875,0.453125,0.6294052530440428,0.3705947469559572
POST_HOC_BUDGET_AUDIT_SAME_TEST,1,FULL_RESIDUAL_4_FP32,512,546,630,0.9675010601315701,7f7e69ee11503bb594031127c8a713dd251f2a8acadba8f87a73a03a0a94ecd4,512,478,0.93359375,0.06640625,0.9677473560704694,0.032252643929530644
POST_HOC_BUDGET_AUDIT_SAME_TEST,1,FULL_RESIDUAL_4_FP32,512,546,630,1.0,7f7e69ee11503bb594031127c8a713dd251f2a8acadba8f87a73a03a0a94ecd4,1024,512,1.0,0.0,1.0,0.0
POST_HOC_BUDGET_AUDIT_SAME_TEST,1,FULL_RESIDUAL_4_FP32,512,546,630,1.0,7f7e69ee11503bb594031127c8a713dd251f2a8acadba8f87a73a03a0a94ecd4,2048,512,1.0,0.0,1.0,0.0
POST_HOC_BUDGET_AUDIT_SAME_TEST,1,LOWRANK_4_8_R1,512,546,630,0.017996927961500465,cfac91215152db73250a532de61b5cb86ffa2d82e6df33879715bf2ac1cf7ea1,32,0,0.0,1.0,0.018271353414420138,0.9817286465855799
POST_HOC_BUDGET_AUDIT_SAME_TEST,1,LOWRANK_4_8_R1,512,546,630,0.056477770992436074,cfac91215152db73250a532de61b5cb86ffa2d82e6df33879715bf2ac1cf7ea1,64,11,0.021484375,0.978515625,0.0568909007021991,0.9431090992978008
POST_HOC_BUDGET_AUDIT_SAME_TEST,1,LOWRANK_4_8_R1,512,546,630,0.3829084884288542,cfac91215152db73250a532de61b5cb86ffa2d82e6df33879715bf2ac1cf7ea1,128,155,0.302734375,0.697265625,0.3836897500906402,0.6163102499093598
POST_HOC_BUDGET_AUDIT_SAME_TEST,1,LOWRANK_4_8_R1,512,546,630,0.8946830344179194,cfac91215152db73250a532de61b5cb86ffa2d82e6df33879715bf2ac1cf7ea1,256,430,0.83984375,0.16015625,0.8951375606487665,0.10486243935123352
POST_HOC_BUDGET_AUDIT_SAME_TEST,1,LOWRANK_4_8_R1,512,546,630,0.9999734221772335,cfac91215152db73250a532de61b5cb86ffa2d82e6df33879715bf2ac1cf7ea1,512,510,0.99609375,0.00390625,0.999975265135946,2.4734864053965744e-05
POST_HOC_BUDGET_AUDIT_SAME_TEST,1,LOWRANK_4_8_R1,512,546,630,1.0,cfac91215152db73250a532de61b5cb86ffa2d82e6df33879715bf2ac1cf7ea1,1024,512,1.0,0.0,1.0,0.0
POST_HOC_BUDGET_AUDIT_SAME_TEST,1,LOWRANK_4_8_R1,512,546,630,1.0,cfac91215152db73250a532de61b5cb86ffa2d82e6df33879715bf2ac1cf7ea1,2048,512,1.0,0.0,1.0,0.0
POST_HOC_BUDGET_AUDIT_SAME_TEST,1,LOWRANK_4_8_R2,512,546,630,0.017996927961500465,ea20454f599f9c2a50a0e2794c9e1862c84462e88d97af26c178a5222a38e781,32,0,0.0,1.0,0.018271353414420138,0.9817286465855799
POST_HOC_BUDGET_AUDIT_SAME_TEST,1,LOWRANK_4_8_R2,512,546,630,0.03447739512203626,ea20454f599f9c2a50a0e2794c9e1862c84462e88d97af26c178a5222a38e781,64,4,0.0078125,0.9921875,0.034819749521552985,0.965180250478447
POST_HOC_BUDGET_AUDIT_SAME_TEST,1,LOWRANK_4_8_R2,512,546,630,0.18766500965137356,ea20454f599f9c2a50a0e2794c9e1862c84462e88d97af26c178a5222a38e781,128,64,0.125,0.875,0.1883138173368274,0.8116861826631726
POST_HOC_BUDGET_AUDIT_SAME_TEST,1,LOWRANK_4_8_R2,512,546,630,0.7858732491324469,ea20454f599f9c2a50a0e2794c9e1862c84462e88d97af26c178a5222a38e781,256,366,0.71484375,0.28515625,0.7864993081489595,0.21350069185104048
POST_HOC_BUDGET_AUDIT_SAME_TEST,1,LOWRANK_4_8_R2,512,546,630,0.9991452561001598,ea20454f599f9c2a50a0e2794c9e1862c84462e88d97af26c178a5222a38e781,512,507,0.990234375,0.009765625,0.9991711713787021,0.0008288286212978502
POST_HOC_BUDGET_AUDIT_SAME_TEST,1,LOWRANK_4_8_R2,512,546,630,1.0,ea20454f599f9c2a50a0e2794c9e1862c84462e88d97af26c178a5222a38e781,1024,512,1.0,0.0,1.0,0.0
POST_HOC_BUDGET_AUDIT_SAME_TEST,1,LOWRANK_4_8_R2,512,546,630,1.0,ea20454f599f9c2a50a0e2794c9e1862c84462e88d97af26c178a5222a38e781,2048,512,1.0,0.0,1.0,0.0
POST_HOC_BUDGET_AUDIT_SAME_TEST,1,LOWRANK_4_8_R4,512,546,630,0.017996927961500465,619fef9cadbdc677a4c7c3649af7852e6c4a8e5c374fb408c1ab22fdd9f46f56,32,0,0.0,1.0,0.018271353414420138,0.9817286465855799
POST_HOC_BUDGET_AUDIT_SAME_TEST,1,LOWRANK_4_8_R4,512,546,630,0.030895099052133404,619fef9cadbdc677a4c7c3649af7852e6c4a8e5c374fb408c1ab22fdd9f46f56,64,3,0.005859375,0.994140625,0.031223973144942713,0.9687760268550573
POST_HOC_BUDGET_AUDIT_SAME_TEST,1,LOWRANK_4_8_R4,512,546,630,0.18310814842446713,619fef9cadbdc677a4c7c3649af7852e6c4a8e5c374fb408c1ab22fdd9f46f56,128,62,0.12109375,0.87890625,0.18375159494154372,0.8162484050584563
POST_HOC_BUDGET_AUDIT_SAME_TEST,1,LOWRANK_4_8_R4,512,546,630,0.726781055924429,619fef9cadbdc677a4c7c3649af7852e6c4a8e5c374fb408c1ab22fdd9f46f56,256,333,0.650390625,0.349609375,0.7274679684865379,0.27253203151346206
POST_HOC_BUDGET_AUDIT_SAME_TEST,1,LOWRANK_4_8_R4,512,546,630,0.9973111165518423,619fef9cadbdc677a4c7c3649af7852e6c4a8e5c374fb408c1ab22fdd9f46f56,512,504,0.984375,0.015625,0.9973669097646404,0.0026330902353596253
POST_HOC_BUDGET_AUDIT_SAME_TEST,1,LOWRANK_4_8_R4,512,546,630,1.0,619fef9cadbdc677a4c7c3649af7852e6c4a8e5c374fb408c1ab22fdd9f46f56,1024,512,1.0,0.0,1.0,0.0
POST_HOC_BUDGET_AUDIT_SAME_TEST,1,LOWRANK_4_8_R4,512,546,630,1.0,619fef9cadbdc677a4c7c3649af7852e6c4a8e5c374fb408c1ab22fdd9f46f56,2048,512,1.0,0.0,1.0,0.0
POST_HOC_BUDGET_AUDIT_SAME_TEST,1,MIXED_4_8,512,546,630,0.017996927961500465,9b19c756584ffacc6c327a266a4efd3737d927949fd2778fb8d6d157eef7aed2,32,0,0.0,1.0,0.018271353414420138,0.9817286465855799
POST_HOC_BUDGET_AUDIT_SAME_TEST,1,MIXED_4_8,512,546,630,0.030895099052133404,9b19c756584ffacc6c327a266a4efd3737d927949fd2778fb8d6d157eef7aed2,64,3,0.005859375,0.994140625,0.031223973144942713,0.9687760268550573
POST_HOC_BUDGET_AUDIT_SAME_TEST,1,MIXED_4_8,512,546,630,0.22798696427039322,9b19c756584ffacc6c327a266a4efd3737d927949fd2778fb8d6d157eef7aed2,128,82,0.16015625,0.83984375,0.22867769247890257,0.7713223075210974
POST_HOC_BUDGET_AUDIT_SAME_TEST,1,MIXED_4_8,512,546,630,0.8667036520470178,9b19c756584ffacc6c327a266a4efd3737d927949fd2778fb8d6d157eef7aed2,256,413,0.806640625,0.193359375,0.8672122260497359,0.1327877739502641
POST_HOC_BUDGET_AUDIT_SAME_TEST,1,MIXED_4_8,512,546,630,0.9999998211342254,9b19c756584ffacc6c327a266a4efd3737d927949fd2778fb8d6d157eef7aed2,512,511,0.998046875,0.001953125,0.9999998449839399,1.5501606009937774e-07
POST_HOC_BUDGET_AUDIT_SAME_TEST,1,MIXED_4_8,512,546,630,1.0,9b19c756584ffacc6c327a266a4efd3737d927949fd2778fb8d6d157eef7aed2,1024,512,1.0,0.0,1.0,0.0
POST_HOC_BUDGET_AUDIT_SAME_TEST,1,MIXED_4_8,512,546,630,1.0,9b19c756584ffacc6c327a266a4efd3737d927949fd2778fb8d6d157eef7aed2,2048,512,1.0,0.0,1.0,0.0
POST_HOC_BUDGET_AUDIT_SAME_TEST,1,MIXED_4_8_TOP2,512,630,630,0.018271353414420138,82486a86c96434c37e831223c0ffaf738dee2a76fb3a9724b512ec6d59cd2010,32,0,0.0,1.0,0.018271353414420138,0.9817286465855799
POST_HOC_BUDGET_AUDIT_SAME_TEST,1,MIXED_4_8_TOP2,512,630,630,0.041556526938979294,82486a86c96434c37e831223c0ffaf738dee2a76fb3a9724b512ec6d59cd2010,64,6,0.01171875,0.98828125,0.041556526938979294,0.9584434730610207
POST_HOC_BUDGET_AUDIT_SAME_TEST,1,MIXED_4_8_TOP2,512,630,630,0.30016633060318204,82486a86c96434c37e831223c0ffaf738dee2a76fb3a9724b512ec6d59cd2010,128,115,0.224609375,0.775390625,0.30016633060318204,0.6998336693968179
POST_HOC_BUDGET_AUDIT_SAME_TEST,1,MIXED_4_8_TOP2,512,630,630,0.9143074068008807,82486a86c96434c37e831223c0ffaf738dee2a76fb3a9724b512ec6d59cd2010,256,442,0.86328125,0.13671875,0.9143074068008807,0.08569259319911926
POST_HOC_BUDGET_AUDIT_SAME_TEST,1,MIXED_4_8_TOP2,512,630,630,0.9998441270505333,82486a86c96434c37e831223c0ffaf738dee2a76fb3a9724b512ec6d59cd2010,512,509,0.994140625,0.005859375,0.9998441270505333,0.0001558729494667288
POST_HOC_BUDGET_AUDIT_SAME_TEST,1,MIXED_4_8_TOP2,512,630,630,1.0,82486a86c96434c37e831223c0ffaf738dee2a76fb3a9724b512ec6d59cd2010,1024,512,1.0,0.0,1.0,0.0
POST_HOC_BUDGET_AUDIT_SAME_TEST,1,MIXED_4_8_TOP2,512,630,630,1.0,82486a86c96434c37e831223c0ffaf738dee2a76fb3a9724b512ec6d59cd2010,2048,512,1.0,0.0,1.0,0.0
POST_HOC_BUDGET_AUDIT_SAME_TEST,1,MIXED_4_8_TOP5,512,630,630,0.018271353414420138,f9d5aa2e6d3ac38ec17941c7c3cbfffa0f77c71d9b81f054b3c018fcf42a615b,32,0,0.0,1.0,0.018271353414420138,0.9817286465855799
POST_HOC_BUDGET_AUDIT_SAME_TEST,1,MIXED_4_8_TOP5,512,630,630,0.031223973144942713,f9d5aa2e6d3ac38ec17941c7c3cbfffa0f77c71d9b81f054b3c018fcf42a615b,64,3,0.005859375,0.994140625,0.031223973144942713,0.9687760268550573
POST_HOC_BUDGET_AUDIT_SAME_TEST,1,MIXED_4_8_TOP5,512,630,630,0.19964641732892627,f9d5aa2e6d3ac38ec17941c7c3cbfffa0f77c71d9b81f054b3c018fcf42a615b,128,69,0.134765625,0.865234375,0.19964641732892627,0.8003535826710737
POST_HOC_BUDGET_AUDIT_SAME_TEST,1,MIXED_4_8_TOP5,512,630,630,0.7864993081489595,f9d5aa2e6d3ac38ec17941c7c3cbfffa0f77c71d9b81f054b3c018fcf42a615b,256,366,0.71484375,0.28515625,0.7864993081489595,0.21350069185104048
POST_HOC_BUDGET_AUDIT_SAME_TEST,1,MIXED_4_8_TOP5,512,630,630,0.9986586086854383,f9d5aa2e6d3ac38ec17941c7c3cbfffa0f77c71d9b81f054b3c018fcf42a615b,512,506,0.98828125,0.01171875,0.9986586086854383,0.0013413913145616796
POST_HOC_BUDGET_AUDIT_SAME_TEST,1,MIXED_4_8_TOP5,512,630,630,1.0,f9d5aa2e6d3ac38ec17941c7c3cbfffa0f77c71d9b81f054b3c018fcf42a615b,1024,512,1.0,0.0,1.0,0.0
POST_HOC_BUDGET_AUDIT_SAME_TEST,1,MIXED_4_8_TOP5,512,630,630,1.0,f9d5aa2e6d3ac38ec17941c7c3cbfffa0f77c71d9b81f054b3c018fcf42a615b,2048,512,1.0,0.0,1.0,0.0
POST_HOC_BUDGET_AUDIT_SAME_TEST,1,MIXED_6_8,512,546,630,0.017996927961500465,34ce2c5ff44b3535f259142f5a863e45185b3b9a026a9627485e795f724d8910,32,0,0.0,1.0,0.018271353414420138,0.9817286465855799
POST_HOC_BUDGET_AUDIT_SAME_TEST,1,MIXED_6_8,512,546,630,0.030895099052133404,34ce2c5ff44b3535f259142f5a863e45185b3b9a026a9627485e795f724d8910,64,3,0.005859375,0.994140625,0.031223973144942713,0.9687760268550573
POST_HOC_BUDGET_AUDIT_SAME_TEST,1,MIXED_6_8,512,546,630,0.1553704525616621,34ce2c5ff44b3535f259142f5a863e45185b3b9a026a9627485e795f724d8910,128,50,0.09765625,0.90234375,0.15597810871754775,0.8440218912824522
POST_HOC_BUDGET_AUDIT_SAME_TEST,1,MIXED_6_8,512,546,630,0.6248760753284532,34ce2c5ff44b3535f259142f5a863e45185b3b9a026a9627485e795f724d8910,256,278,0.54296875,0.45703125,0.6256326421557002,0.37436735784429975
POST_HOC_BUDGET_AUDIT_SAME_TEST,1,MIXED_6_8,512,546,630,0.966131587814363,34ce2c5ff44b3535f259142f5a863e45185b3b9a026a9627485e795f724d8910,512,477,0.931640625,0.068359375,0.9663835163968488,0.03361648360315117
POST_HOC_BUDGET_AUDIT_SAME_TEST,1,MIXED_6_8,512,546,630,1.0,34ce2c5ff44b3535f259142f5a863e45185b3b9a026a9627485e795f724d8910,1024,512,1.0,0.0,1.0,0.0
POST_HOC_BUDGET_AUDIT_SAME_TEST,1,MIXED_6_8,512,546,630,1.0,34ce2c5ff44b3535f259142f5a863e45185b3b9a026a9627485e795f724d8910,2048,512,1.0,0.0,1.0,0.0
POST_HOC_BUDGET_AUDIT_SAME_TEST,1,MIXED_6_8_TOP1,512,630,630,0.018271353414420138,d210e7c903c11ca581eec1fa1598553c881e688314b4911ef368251a40a1055c,32,0,0.0,1.0,0.018271353414420138,0.9817286465855799
POST_HOC_BUDGET_AUDIT_SAME_TEST,1,MIXED_6_8_TOP1,512,630,630,0.031223973144942713,d210e7c903c11ca581eec1fa1598553c881e688314b4911ef368251a40a1055c,64,3,0.005859375,0.994140625,0.031223973144942713,0.9687760268550573
POST_HOC_BUDGET_AUDIT_SAME_TEST,1,MIXED_6_8_TOP1,512,630,630,0.15127377050912902,d210e7c903c11ca581eec1fa1598553c881e688314b4911ef368251a40a1055c,128,48,0.09375,0.90625,0.15127377050912902,0.848726229490871
POST_HOC_BUDGET_AUDIT_SAME_TEST,1,MIXED_6_8_TOP1,512,630,630,0.6481917135253976,d210e7c903c11ca581eec1fa1598553c881e688314b4911ef368251a40a1055c,256,290,0.56640625,0.43359375,0.6481917135253976,0.3518082864746024
POST_HOC_BUDGET_AUDIT_SAME_TEST,1,MIXED_6_8_TOP1,512,630,630,0.9769903067671656,d210e7c903c11ca581eec1fa1598553c881e688314b4911ef368251a40a1055c,512,485,0.947265625,0.052734375,0.9769903067671656,0.023009693232834416
POST_HOC_BUDGET_AUDIT_SAME_TEST,1,MIXED_6_8_TOP1,512,630,630,1.0,d210e7c903c11ca581eec1fa1598553c881e688314b4911ef368251a40a1055c,1024,512,1.0,0.0,1.0,0.0
POST_HOC_BUDGET_AUDIT_SAME_TEST,1,MIXED_6_8_TOP1,512,630,630,1.0,d210e7c903c11ca581eec1fa1598553c881e688314b4911ef368251a40a1055c,2048,512,1.0,0.0,1.0,0.0
POST_HOC_BUDGET_AUDIT_SAME_TEST,1,MIXED_6_8_TOP4,512,630,630,0.018271353414420138,7aba6198324c190b1fa1a632687cb3dc0e7aa96446b43178e1e14923ce158741,32,0,0.0,1.0,0.018271353414420138,0.9817286465855799
POST_HOC_BUDGET_AUDIT_SAME_TEST,1,MIXED_6_8_TOP4,512,630,630,0.031223973144942713,7aba6198324c190b1fa1a632687cb3dc0e7aa96446b43178e1e14923ce158741,64,3,0.005859375,0.994140625,0.031223973144942713,0.9687760268550573
POST_HOC_BUDGET_AUDIT_SAME_TEST,1,MIXED_6_8_TOP4,512,630,630,0.16531797798919223,7aba6198324c190b1fa1a632687cb3dc0e7aa96446b43178e1e14923ce158741,128,54,0.10546875,0.89453125,0.16531797798919223,0.8346820220108078
POST_HOC_BUDGET_AUDIT_SAME_TEST,1,MIXED_6_8_TOP4,512,630,630,0.6425692315195903,7aba6198324c190b1fa1a632687cb3dc0e7aa96446b43178e1e14923ce158741,256,287,0.560546875,0.439453125,0.6425692315195903,0.35743076848040967
POST_HOC_BUDGET_AUDIT_SAME_TEST,1,MIXED_6_8_TOP4,512,630,630,0.9730989821346339,7aba6198324c190b1fa1a632687cb3dc0e7aa96446b43178e1e14923ce158741,512,482,0.94140625,0.05859375,0.9730989821346339,0.02690101786536614
POST_HOC_BUDGET_AUDIT_SAME_TEST,1,MIXED_6_8_TOP4,512,630,630,1.0,7aba6198324c190b1fa1a632687cb3dc0e7aa96446b43178e1e14923ce158741,1024,512,1.0,0.0,1.0,0.0
POST_HOC_BUDGET_AUDIT_SAME_TEST,1,MIXED_6_8_TOP4,512,630,630,1.0,7aba6198324c190b1fa1a632687cb3dc0e7aa96446b43178e1e14923ce158741,2048,512,1.0,0.0,1.0,0.0
POST_HOC_BUDGET_AUDIT_SAME_TEST,1,NATIVE_FP32,512,546,630,0.017996927961500465,2ef49774e1416f6818d6483e5de4a1958740b116b4b31ed5970f6c45ab7dc477,32,0,0.0,1.0,0.018271353414420138,0.9817286465855799
POST_HOC_BUDGET_AUDIT_SAME_TEST,1,NATIVE_FP32,512,546,630,0.030895099052133404,2ef49774e1416f6818d6483e5de4a1958740b116b4b31ed5970f6c45ab7dc477,64,3,0.005859375,0.994140625,0.031223973144942713,0.9687760268550573
POST_HOC_BUDGET_AUDIT_SAME_TEST,1,NATIVE_FP32,512,546,630,0.16237401896463163,2ef49774e1416f6818d6483e5de4a1958740b116b4b31ed5970f6c45ab7dc477,128,53,0.103515625,0.896484375,0.16299125338698642,0.8370087466130136
POST_HOC_BUDGET_AUDIT_SAME_TEST,1,NATIVE_FP32,512,546,630,0.628650577973819,2ef49774e1416f6818d6483e5de4a1958740b116b4b31ed5970f6c45ab7dc477,256,280,0.546875,0.453125,0.6294052530440428,0.3705947469559572
POST_HOC_BUDGET_AUDIT_SAME_TEST,1,NATIVE_FP32,512,546,630,0.9675010601315701,2ef49774e1416f6818d6483e5de4a1958740b116b4b31ed5970f6c45ab7dc477,512,478,0.93359375,0.06640625,0.9677473560704694,0.032252643929530644
POST_HOC_BUDGET_AUDIT_SAME_TEST,1,NATIVE_FP32,512,546,630,1.0,2ef49774e1416f6818d6483e5de4a1958740b116b4b31ed5970f6c45ab7dc477,1024,512,1.0,0.0,1.0,0.0
POST_HOC_BUDGET_AUDIT_SAME_TEST,1,NATIVE_FP32,512,546,630,1.0,2ef49774e1416f6818d6483e5de4a1958740b116b4b31ed5970f6c45ab7dc477,2048,512,1.0,0.0,1.0,0.0
POST_HOC_BUDGET_AUDIT_SAME_TEST,1,STOCHASTIC_4,512,546,630,0.09952428998954306,aa837bcd3eaf16bb93dc0860019ef9418741595f3e8f6b46f7f63ca24e1d8d8d,32,27,0.052734375,0.947265625,0.10003906193467235,0.8999609380653276
POST_HOC_BUDGET_AUDIT_SAME_TEST,1,STOCHASTIC_4,512,546,630,0.5868556261162406,aa837bcd3eaf16bb93dc0860019ef9418741595f3e8f6b46f7f63ca24e1d8d8d,64,258,0.50390625,0.49609375,0.5876285443765883,0.4123714556234117
POST_HOC_BUDGET_AUDIT_SAME_TEST,1,STOCHASTIC_4,512,546,630,0.9728760869372484,aa837bcd3eaf16bb93dc0860019ef9418741595f3e8f6b46f7f63ca24e1d8d8d,128,482,0.94140625,0.05859375,0.9730989821346339,0.02690101786536614
POST_HOC_BUDGET_AUDIT_SAME_TEST,1,STOCHASTIC_4,512,546,630,1.0,aa837bcd3eaf16bb93dc0860019ef9418741595f3e8f6b46f7f63ca24e1d8d8d,256,512,1.0,0.0,1.0,0.0
POST_HOC_BUDGET_AUDIT_SAME_TEST,1,STOCHASTIC_4,512,546,630,1.0,aa837bcd3eaf16bb93dc0860019ef9418741595f3e8f6b46f7f63ca24e1d8d8d,512,512,1.0,0.0,1.0,0.0
POST_HOC_BUDGET_AUDIT_SAME_TEST,1,STOCHASTIC_4,512,546,630,1.0,aa837bcd3eaf16bb93dc0860019ef9418741595f3e8f6b46f7f63ca24e1d8d8d,1024,512,1.0,0.0,1.0,0.0
POST_HOC_BUDGET_AUDIT_SAME_TEST,1,STOCHASTIC_4,512,546,630,1.0,aa837bcd3eaf16bb93dc0860019ef9418741595f3e8f6b46f7f63ca24e1d8d8d,2048,512,1.0,0.0,1.0,0.0
POST_HOC_BUDGET_AUDIT_SAME_TEST,1,UNIFORM_10,512,546,630,0.017996927961500465,7e098dcf996bde13c378de99bc0ab51122c07c6d6ffd8f0a6a937cc2fc65cbc3,32,0,0.0,1.0,0.018271353414420138,0.9817286465855799
POST_HOC_BUDGET_AUDIT_SAME_TEST,1,UNIFORM_10,512,546,630,0.030895099052133404,7e098dcf996bde13c378de99bc0ab51122c07c6d6ffd8f0a6a937cc2fc65cbc3,64,3,0.005859375,0.994140625,0.031223973144942713,0.9687760268550573
POST_HOC_BUDGET_AUDIT_SAME_TEST,1,UNIFORM_10,512,546,630,0.16004503261969105,7e098dcf996bde13c378de99bc0ab51122c07c6d6ffd8f0a6a937cc2fc65cbc3,128,52,0.1015625,0.8984375,0.16065912469288815,0.8393408753071119
POST_HOC_BUDGET_AUDIT_SAME_TEST,1,UNIFORM_10,512,546,630,0.6210965410509374,7e098dcf996bde13c378de99bc0ab51122c07c6d6ffd8f0a6a937cc2fc65cbc3,256,276,0.5390625,0.4609375,0.6218549527610621,0.37814504723893794
POST_HOC_BUDGET_AUDIT_SAME_TEST,1,UNIFORM_10,512,546,630,0.9688606708639708,7e098dcf996bde13c378de99bc0ab51122c07c6d6ffd8f0a6a937cc2fc65cbc3,512,479,0.935546875,0.064453125,0.9691012503591678,0.030898749640832168
POST_HOC_BUDGET_AUDIT_SAME_TEST,1,UNIFORM_10,512,546,630,1.0,7e098dcf996bde13c378de99bc0ab51122c07c6d6ffd8f0a6a937cc2fc65cbc3,1024,512,1.0,0.0,1.0,0.0
POST_HOC_BUDGET_AUDIT_SAME_TEST,1,UNIFORM_10,512,546,630,1.0,7e098dcf996bde13c378de99bc0ab51122c07c6d6ffd8f0a6a937cc2fc65cbc3,2048,512,1.0,0.0,1.0,0.0
POST_HOC_BUDGET_AUDIT_SAME_TEST,1,UNIFORM_11,512,546,630,0.017996927961500465,0294cc51bf2c80bb08a6c11225bc55ef083fdc24db2e77282f750def75e1d7cd,32,0,0.0,1.0,0.018271353414420138,0.9817286465855799
POST_HOC_BUDGET_AUDIT_SAME_TEST,1,UNIFORM_11,512,546,630,0.030895099052133404,0294cc51bf2c80bb08a6c11225bc55ef083fdc24db2e77282f750def75e1d7cd,64,3,0.005859375,0.994140625,0.031223973144942713,0.9687760268550573
POST_HOC_BUDGET_AUDIT_SAME_TEST,1,UNIFORM_11,512,546,630,0.16237401896463163,0294cc51bf2c80bb08a6c11225bc55ef083fdc24db2e77282f750def75e1d7cd,128,53,0.103515625,0.896484375,0.16299125338698642,0.8370087466130136
POST_HOC_BUDGET_AUDIT_SAME_TEST,1,UNIFORM_11,512,546,630,0.6267639562585241,0294cc51bf2c80bb08a6c11225bc55ef083fdc24db2e77282f750def75e1d7cd,256,279,0.544921875,0.455078125,0.627519583072469,0.372480416927531
POST_HOC_BUDGET_AUDIT_SAME_TEST,1,UNIFORM_11,512,546,630,0.9675010601315701,0294cc51bf2c80bb08a6c11225bc55ef083fdc24db2e77282f750def75e1d7cd,512,478,0.93359375,0.06640625,0.9677473560704694,0.032252643929530644
POST_HOC_BUDGET_AUDIT_SAME_TEST,1,UNIFORM_11,512,546,630,1.0,0294cc51bf2c80bb08a6c11225bc55ef083fdc24db2e77282f750def75e1d7cd,1024,512,1.0,0.0,1.0,0.0
POST_HOC_BUDGET_AUDIT_SAME_TEST,1,UNIFORM_11,512,546,630,1.0,0294cc51bf2c80bb08a6c11225bc55ef083fdc24db2e77282f750def75e1d7cd,2048,512,1.0,0.0,1.0,0.0
POST_HOC_BUDGET_AUDIT_SAME_TEST,1,UNIFORM_12,512,546,630,0.017996927961500465,4c8f19369c07d61da6b56c74f9955c8e52f06c43c08a09bbc06c89c923b39b81,32,0,0.0,1.0,0.018271353414420138,0.9817286465855799
POST_HOC_BUDGET_AUDIT_SAME_TEST,1,UNIFORM_12,512,546,630,0.030895099052133404,4c8f19369c07d61da6b56c74f9955c8e52f06c43c08a09bbc06c89c923b39b81,64,3,0.005859375,0.994140625,0.031223973144942713,0.9687760268550573
POST_HOC_BUDGET_AUDIT_SAME_TEST,1,UNIFORM_12,512,546,630,0.16004503261969105,4c8f19369c07d61da6b56c74f9955c8e52f06c43c08a09bbc06c89c923b39b81,128,52,0.1015625,0.8984375,0.16065912469288815,0.8393408753071119
POST_HOC_BUDGET_AUDIT_SAME_TEST,1,UNIFORM_12,512,546,630,0.6305359390925172,4c8f19369c07d61da6b56c74f9955c8e52f06c43c08a09bbc06c89c923b39b81,256,281,0.548828125,0.451171875,0.6312896506760285,0.3687103493239715
POST_HOC_BUDGET_AUDIT_SAME_TEST,1,UNIFORM_12,512,546,630,0.9675010601315701,4c8f19369c07d61da6b56c74f9955c8e52f06c43c08a09bbc06c89c923b39b81,512,478,0.93359375,0.06640625,0.9677473560704694,0.032252643929530644
POST_HOC_BUDGET_AUDIT_SAME_TEST,1,UNIFORM_12,512,546,630,1.0,4c8f19369c07d61da6b56c74f9955c8e52f06c43c08a09bbc06c89c923b39b81,1024,512,1.0,0.0,1.0,0.0
POST_HOC_BUDGET_AUDIT_SAME_TEST,1,UNIFORM_12,512,546,630,1.0,4c8f19369c07d61da6b56c74f9955c8e52f06c43c08a09bbc06c89c923b39b81,2048,512,1.0,0.0,1.0,0.0
POST_HOC_BUDGET_AUDIT_SAME_TEST,1,UNIFORM_13,512,546,630,0.017996927961500465,67bc525db4cd26e8955ede5ef797153670a2eedc6c818ceba7957fe18c7947b5,32,0,0.0,1.0,0.018271353414420138,0.9817286465855799
POST_HOC_BUDGET_AUDIT_SAME_TEST,1,UNIFORM_13,512,546,630,0.030895099052133404,67bc525db4cd26e8955ede5ef797153670a2eedc6c818ceba7957fe18c7947b5,64,3,0.005859375,0.994140625,0.031223973144942713,0.9687760268550573
POST_HOC_BUDGET_AUDIT_SAME_TEST,1,UNIFORM_13,512,546,630,0.16237401896463163,67bc525db4cd26e8955ede5ef797153670a2eedc6c818ceba7957fe18c7947b5,128,53,0.103515625,0.896484375,0.16299125338698642,0.8370087466130136
POST_HOC_BUDGET_AUDIT_SAME_TEST,1,UNIFORM_13,512,546,630,0.628650577973819,67bc525db4cd26e8955ede5ef797153670a2eedc6c818ceba7957fe18c7947b5,256,280,0.546875,0.453125,0.6294052530440428,0.3705947469559572
POST_HOC_BUDGET_AUDIT_SAME_TEST,1,UNIFORM_13,512,546,630,0.9675010601315701,67bc525db4cd26e8955ede5ef797153670a2eedc6c818ceba7957fe18c7947b5,512,478,0.93359375,0.06640625,0.9677473560704694,0.032252643929530644
POST_HOC_BUDGET_AUDIT_SAME_TEST,1,UNIFORM_13,512,546,630,1.0,67bc525db4cd26e8955ede5ef797153670a2eedc6c818ceba7957fe18c7947b5,1024,512,1.0,0.0,1.0,0.0
POST_HOC_BUDGET_AUDIT_SAME_TEST,1,UNIFORM_13,512,546,630,1.0,67bc525db4cd26e8955ede5ef797153670a2eedc6c818ceba7957fe18c7947b5,2048,512,1.0,0.0,1.0,0.0
POST_HOC_BUDGET_AUDIT_SAME_TEST,1,UNIFORM_14,512,546,630,0.017996927961500465,3fcc6a426903b6d12c3a0ca1dc4644a16b4fa5a98fd12f7295ebde45fc17e987,32,0,0.0,1.0,0.018271353414420138,0.9817286465855799
POST_HOC_BUDGET_AUDIT_SAME_TEST,1,UNIFORM_14,512,546,630,0.030895099052133404,3fcc6a426903b6d12c3a0ca1dc4644a16b4fa5a98fd12f7295ebde45fc17e987,64,3,0.005859375,0.994140625,0.031223973144942713,0.9687760268550573
POST_HOC_BUDGET_AUDIT_SAME_TEST,1,UNIFORM_14,512,546,630,0.16237401896463163,3fcc6a426903b6d12c3a0ca1dc4644a16b4fa5a98fd12f7295ebde45fc17e987,128,53,0.103515625,0.896484375,0.16299125338698642,0.8370087466130136
POST_HOC_BUDGET_AUDIT_SAME_TEST,1,UNIFORM_14,512,546,630,0.628650577973819,3fcc6a426903b6d12c3a0ca1dc4644a16b4fa5a98fd12f7295ebde45fc17e987,256,280,0.546875,0.453125,0.6294052530440428,0.3705947469559572
POST_HOC_BUDGET_AUDIT_SAME_TEST,1,UNIFORM_14,512,546,630,0.9675010601315701,3fcc6a426903b6d12c3a0ca1dc4644a16b4fa5a98fd12f7295ebde45fc17e987,512,478,0.93359375,0.06640625,0.9677473560704694,0.032252643929530644
POST_HOC_BUDGET_AUDIT_SAME_TEST,1,UNIFORM_14,512,546,630,1.0,3fcc6a426903b6d12c3a0ca1dc4644a16b4fa5a98fd12f7295ebde45fc17e987,1024,512,1.0,0.0,1.0,0.0
POST_HOC_BUDGET_AUDIT_SAME_TEST,1,UNIFORM_14,512,546,630,1.0,3fcc6a426903b6d12c3a0ca1dc4644a16b4fa5a98fd12f7295ebde45fc17e987,2048,512,1.0,0.0,1.0,0.0
POST_HOC_BUDGET_AUDIT_SAME_TEST,1,UNIFORM_15,512,546,630,0.017996927961500465,00eec21a3c3173cd5897460bdd065b17c8a7f11681cd0ab1056d36d463c644c4,32,0,0.0,1.0,0.018271353414420138,0.9817286465855799
POST_HOC_BUDGET_AUDIT_SAME_TEST,1,UNIFORM_15,512,546,630,0.030895099052133404,00eec21a3c3173cd5897460bdd065b17c8a7f11681cd0ab1056d36d463c644c4,64,3,0.005859375,0.994140625,0.031223973144942713,0.9687760268550573
POST_HOC_BUDGET_AUDIT_SAME_TEST,1,UNIFORM_15,512,546,630,0.16237401896463163,00eec21a3c3173cd5897460bdd065b17c8a7f11681cd0ab1056d36d463c644c4,128,53,0.103515625,0.896484375,0.16299125338698642,0.8370087466130136
POST_HOC_BUDGET_AUDIT_SAME_TEST,1,UNIFORM_15,512,546,630,0.628650577973819,00eec21a3c3173cd5897460bdd065b17c8a7f11681cd0ab1056d36d463c644c4,256,280,0.546875,0.453125,0.6294052530440428,0.3705947469559572
POST_HOC_BUDGET_AUDIT_SAME_TEST,1,UNIFORM_15,512,546,630,0.9675010601315701,00eec21a3c3173cd5897460bdd065b17c8a7f11681cd0ab1056d36d463c644c4,512,478,0.93359375,0.06640625,0.9677473560704694,0.032252643929530644
POST_HOC_BUDGET_AUDIT_SAME_TEST,1,UNIFORM_15,512,546,630,1.0,00eec21a3c3173cd5897460bdd065b17c8a7f11681cd0ab1056d36d463c644c4,1024,512,1.0,0.0,1.0,0.0
POST_HOC_BUDGET_AUDIT_SAME_TEST,1,UNIFORM_15,512,546,630,1.0,00eec21a3c3173cd5897460bdd065b17c8a7f11681cd0ab1056d36d463c644c4,2048,512,1.0,0.0,1.0,0.0
POST_HOC_BUDGET_AUDIT_SAME_TEST,1,UNIFORM_16,512,546,630,0.017996927961500465,c5fefa5df3428a2529ff63200cb2de414b0a0e8dd08e1799282840adb3bc6e91,32,0,0.0,1.0,0.018271353414420138,0.9817286465855799
POST_HOC_BUDGET_AUDIT_SAME_TEST,1,UNIFORM_16,512,546,630,0.030895099052133404,c5fefa5df3428a2529ff63200cb2de414b0a0e8dd08e1799282840adb3bc6e91,64,3,0.005859375,0.994140625,0.031223973144942713,0.9687760268550573
POST_HOC_BUDGET_AUDIT_SAME_TEST,1,UNIFORM_16,512,546,630,0.16237401896463163,c5fefa5df3428a2529ff63200cb2de414b0a0e8dd08e1799282840adb3bc6e91,128,53,0.103515625,0.896484375,0.16299125338698642,0.8370087466130136
POST_HOC_BUDGET_AUDIT_SAME_TEST,1,UNIFORM_16,512,546,630,0.628650577973819,c5fefa5df3428a2529ff63200cb2de414b0a0e8dd08e1799282840adb3bc6e91,256,280,0.546875,0.453125,0.6294052530440428,0.3705947469559572
POST_HOC_BUDGET_AUDIT_SAME_TEST,1,UNIFORM_16,512,546,630,0.9675010601315701,c5fefa5df3428a2529ff63200cb2de414b0a0e8dd08e1799282840adb3bc6e91,512,478,0.93359375,0.06640625,0.9677473560704694,0.032252643929530644
POST_HOC_BUDGET_AUDIT_SAME_TEST,1,UNIFORM_16,512,546,630,1.0,c5fefa5df3428a2529ff63200cb2de414b0a0e8dd08e1799282840adb3bc6e91,1024,512,1.0,0.0,1.0,0.0
POST_HOC_BUDGET_AUDIT_SAME_TEST,1,UNIFORM_16,512,546,630,1.0,c5fefa5df3428a2529ff63200cb2de414b0a0e8dd08e1799282840adb3bc6e91,2048,512,1.0,0.0,1.0,0.0
POST_HOC_BUDGET_AUDIT_SAME_TEST,1,UNIFORM_2,512,546,630,0.9999998211342254,c6a0ed342e27f00f7dc97d057deac824c51208199bfa9c9a4f564635fa1c7505,32,511,0.998046875,0.001953125,0.9999998449839399,1.5501606009937774e-07
POST_HOC_BUDGET_AUDIT_SAME_TEST,1,UNIFORM_2,512,546,630,1.0,c6a0ed342e27f00f7dc97d057deac824c51208199bfa9c9a4f564635fa1c7505,64,512,1.0,0.0,1.0,0.0
POST_HOC_BUDGET_AUDIT_SAME_TEST,1,UNIFORM_2,512,546,630,1.0,c6a0ed342e27f00f7dc97d057deac824c51208199bfa9c9a4f564635fa1c7505,128,512,1.0,0.0,1.0,0.0
POST_HOC_BUDGET_AUDIT_SAME_TEST,1,UNIFORM_2,512,546,630,1.0,c6a0ed342e27f00f7dc97d057deac824c51208199bfa9c9a4f564635fa1c7505,256,512,1.0,0.0,1.0,0.0
POST_HOC_BUDGET_AUDIT_SAME_TEST,1,UNIFORM_2,512,546,630,1.0,c6a0ed342e27f00f7dc97d057deac824c51208199bfa9c9a4f564635fa1c7505,512,512,1.0,0.0,1.0,0.0
POST_HOC_BUDGET_AUDIT_SAME_TEST,1,UNIFORM_2,512,546,630,1.0,c6a0ed342e27f00f7dc97d057deac824c51208199bfa9c9a4f564635fa1c7505,1024,512,1.0,0.0,1.0,0.0
POST_HOC_BUDGET_AUDIT_SAME_TEST,1,UNIFORM_2,512,546,630,1.0,c6a0ed342e27f00f7dc97d057deac824c51208199bfa9c9a4f564635fa1c7505,2048,512,1.0,0.0,1.0,0.0
POST_HOC_BUDGET_AUDIT_SAME_TEST,1,UNIFORM_3,512,546,630,0.4598146969318419,1ec242a33f9888b37af0f53dcccf3c770f7c1480c753ca854ed98db9760d9592,32,193,0.376953125,0.623046875,0.46060837720635955,0.5393916227936404
POST_HOC_BUDGET_AUDIT_SAME_TEST,1,UNIFORM_3,512,546,630,0.8799709596126202,1ec242a33f9888b37af0f53dcccf3c770f7c1480c753ca854ed98db9760d9592,64,421,0.822265625,0.177734375,0.880455018623586,0.119544981376414
POST_HOC_BUDGET_AUDIT_SAME_TEST,1,UNIFORM_3,512,546,630,0.9980065231264705,1ec242a33f9888b37af0f53dcccf3c770f7c1480c753ca854ed98db9760d9592,128,505,0.986328125,0.013671875,0.9980524403673997,0.001947559632600293
POST_HOC_BUDGET_AUDIT_SAME_TEST,1,UNIFORM_3,512,546,630,1.0,1ec242a33f9888b37af0f53dcccf3c770f7c1480c753ca854ed98db9760d9592,256,512,1.0,0.0,1.0,0.0
POST_HOC_BUDGET_AUDIT_SAME_TEST,1,UNIFORM_3,512,546,630,1.0,1ec242a33f9888b37af0f53dcccf3c770f7c1480c753ca854ed98db9760d9592,512,512,1.0,0.0,1.0,0.0
POST_HOC_BUDGET_AUDIT_SAME_TEST,1,UNIFORM_3,512,546,630,1.0,1ec242a33f9888b37af0f53dcccf3c770f7c1480c753ca854ed98db9760d9592,1024,512,1.0,0.0,1.0,0.0
POST_HOC_BUDGET_AUDIT_SAME_TEST,1,UNIFORM_3,512,546,630,1.0,1ec242a33f9888b37af0f53dcccf3c770f7c1480c753ca854ed98db9760d9592,2048,512,1.0,0.0,1.0,0.0
POST_HOC_BUDGET_AUDIT_SAME_TEST,1,UNIFORM_4,512,546,630,0.022904422082748174,dda1da3bce7a71ffc14459b2eb75f5b555bee00fe3da65715403962048bb50d5,32,1,0.001953125,0.998046875,0.023200652646458316,0.9767993473535417
POST_HOC_BUDGET_AUDIT_SAME_TEST,1,UNIFORM_4,512,546,630,0.16237401896463163,dda1da3bce7a71ffc14459b2eb75f5b555bee00fe3da65715403962048bb50d5,64,53,0.103515625,0.896484375,0.16299125338698642,0.8370087466130136
POST_HOC_BUDGET_AUDIT_SAME_TEST,1,UNIFORM_4,512,546,630,0.6735472123694531,dda1da3bce7a71ffc14459b2eb75f5b555bee00fe3da65715403962048bb50d5,128,304,0.59375,0.40625,0.6742754852566966,0.32572451474330344
POST_HOC_BUDGET_AUDIT_SAME_TEST,1,UNIFORM_4,512,546,630,0.9929741346187945,dda1da3bce7a71ffc14459b2eb75f5b555bee00fe3da65715403962048bb50d5,256,499,0.974609375,0.025390625,0.9930758418042193,0.0069241581957807385
POST_HOC_BUDGET_AUDIT_SAME_TEST,1,UNIFORM_4,512,546,630,1.0,dda1da3bce7a71ffc14459b2eb75f5b555bee00fe3da65715403962048bb50d5,512,512,1.0,0.0,1.0,0.0
POST_HOC_BUDGET_AUDIT_SAME_TEST,1,UNIFORM_4,512,546,630,1.0,dda1da3bce7a71ffc14459b2eb75f5b555bee00fe3da65715403962048bb50d5,1024,512,1.0,0.0,1.0,0.0
POST_HOC_BUDGET_AUDIT_SAME_TEST,1,UNIFORM_4,512,546,630,1.0,dda1da3bce7a71ffc14459b2eb75f5b555bee00fe3da65715403962048bb50d5,2048,512,1.0,0.0,1.0,0.0
POST_HOC_BUDGET_AUDIT_SAME_TEST,1,UNIFORM_5,512,546,630,0.017996927961500465,c870e39d5845253d09cadb257b6401d6bb63e7e2a433ddd695320a35e3e8c627,32,0,0.0,1.0,0.018271353414420138,0.9817286465855799
POST_HOC_BUDGET_AUDIT_SAME_TEST,1,UNIFORM_5,512,546,630,0.02708201308865391,c870e39d5845253d09cadb257b6401d6bb63e7e2a433ddd695320a35e3e8c627,64,2,0.00390625,0.99609375,0.02739577233135301,0.972604227668647
POST_HOC_BUDGET_AUDIT_SAME_TEST,1,UNIFORM_5,512,546,630,0.24775034580166966,c870e39d5845253d09cadb257b6401d6bb63e7e2a433ddd695320a35e3e8c627,128,91,0.177734375,0.822265625,0.24845837510470767,0.7515416248952923
POST_HOC_BUDGET_AUDIT_SAME_TEST,1,UNIFORM_5,512,546,630,0.8016833372601928,c870e39d5845253d09cadb257b6401d6bb63e7e2a433ddd695320a35e3e8c627,256,375,0.732421875,0.267578125,0.8022899636238753,0.19771003637612472
POST_HOC_BUDGET_AUDIT_SAME_TEST,1,UNIFORM_5,512,546,630,0.9973111165518423,c870e39d5845253d09cadb257b6401d6bb63e7e2a433ddd695320a35e3e8c627,512,504,0.984375,0.015625,0.9973669097646404,0.0026330902353596253
POST_HOC_BUDGET_AUDIT_SAME_TEST,1,UNIFORM_5,512,546,630,1.0,c870e39d5845253d09cadb257b6401d6bb63e7e2a433ddd695320a35e3e8c627,1024,512,1.0,0.0,1.0,0.0
POST_HOC_BUDGET_AUDIT_SAME_TEST,1,UNIFORM_5,512,546,630,1.0,c870e39d5845253d09cadb257b6401d6bb63e7e2a433ddd695320a35e3e8c627,2048,512,1.0,0.0,1.0,0.0
POST_HOC_BUDGET_AUDIT_SAME_TEST,1,UNIFORM_6,512,546,630,0.017996927961500465,bf99452872b8814a375b5e1fc680fc26931a22bcf2c839d91d59ae1f34a33d7c,32,0,0.0,1.0,0.018271353414420138,0.9817286465855799
POST_HOC_BUDGET_AUDIT_SAME_TEST,1,UNIFORM_6,512,546,630,0.03447739512203626,bf99452872b8814a375b5e1fc680fc26931a22bcf2c839d91d59ae1f34a33d7c,64,4,0.0078125,0.9921875,0.034819749521552985,0.965180250478447
POST_HOC_BUDGET_AUDIT_SAME_TEST,1,UNIFORM_6,512,546,630,0.1785337585296127,bf99452872b8814a375b5e1fc680fc26931a22bcf2c839d91d59ae1f34a33d7c,128,60,0.1171875,0.8828125,0.17917168344205064,0.8208283165579493
POST_HOC_BUDGET_AUDIT_SAME_TEST,1,UNIFORM_6,512,546,630,0.6511912555874894,bf99452872b8814a375b5e1fc680fc26931a22bcf2c839d91d59ae1f34a33d7c,256,292,0.5703125,0.4296875,0.6519335896227042,0.3480664103772958
POST_HOC_BUDGET_AUDIT_SAME_TEST,1,UNIFORM_6,512,546,630,0.9767859754493614,bf99452872b8814a375b5e1fc680fc26931a22bcf2c839d91d59ae1f34a33d7c,512,485,0.947265625,0.052734375,0.9769903067671656,0.023009693232834416
POST_HOC_BUDGET_AUDIT_SAME_TEST,1,UNIFORM_6,512,546,630,0.9999998211342254,bf99452872b8814a375b5e1fc680fc26931a22bcf2c839d91d59ae1f34a33d7c,1024,511,0.998046875,0.001953125,0.9999998449839399,1.5501606009937774e-07
POST_HOC_BUDGET_AUDIT_SAME_TEST,1,UNIFORM_6,512,546,630,1.0,bf99452872b8814a375b5e1fc680fc26931a22bcf2c839d91d59ae1f34a33d7c,2048,512,1.0,0.0,1.0,0.0
POST_HOC_BUDGET_AUDIT_SAME_TEST,1,UNIFORM_7,512,546,630,0.017996927961500465,7f24773a066c5b53cb91c90c688eb7def83c8bcb1c44d65563ffa42b192ff7be,32,0,0.0,1.0,0.018271353414420138,0.9817286465855799
POST_HOC_BUDGET_AUDIT_SAME_TEST,1,UNIFORM_7,512,546,630,0.030895099052133404,7f24773a066c5b53cb91c90c688eb7def83c8bcb1c44d65563ffa42b192ff7be,64,3,0.005859375,0.994140625,0.031223973144942713,0.9687760268550573
POST_HOC_BUDGET_AUDIT_SAME_TEST,1,UNIFORM_7,512,546,630,0.15771055720261873,7f24773a066c5b53cb91c90c688eb7def83c8bcb1c44d65563ffa42b192ff7be,128,51,0.099609375,0.900390625,0.15832145693561298,0.841678543064387
POST_HOC_BUDGET_AUDIT_SAME_TEST,1,UNIFORM_7,512,546,630,0.628650577973819,7f24773a066c5b53cb91c90c688eb7def83c8bcb1c44d65563ffa42b192ff7be,256,280,0.546875,0.453125,0.6294052530440428,0.3705947469559572
POST_HOC_BUDGET_AUDIT_SAME_TEST,1,UNIFORM_7,512,546,630,0.9675010601315701,7f24773a066c5b53cb91c90c688eb7def83c8bcb1c44d65563ffa42b192ff7be,512,478,0.93359375,0.06640625,0.9677473560704694,0.032252643929530644
POST_HOC_BUDGET_AUDIT_SAME_TEST,1,UNIFORM_7,512,546,630,1.0,7f24773a066c5b53cb91c90c688eb7def83c8bcb1c44d65563ffa42b192ff7be,1024,512,1.0,0.0,1.0,0.0
POST_HOC_BUDGET_AUDIT_SAME_TEST,1,UNIFORM_7,512,546,630,1.0,7f24773a066c5b53cb91c90c688eb7def83c8bcb1c44d65563ffa42b192ff7be,2048,512,1.0,0.0,1.0,0.0
POST_HOC_BUDGET_AUDIT_SAME_TEST,1,UNIFORM_8,512,546,630,0.017996927961500465,928e61f761e0b50253278a4631ad8cb0943b15fcc043e617b3ac9895931b85e4,32,0,0.0,1.0,0.018271353414420138,0.9817286465855799
POST_HOC_BUDGET_AUDIT_SAME_TEST,1,UNIFORM_8,512,546,630,0.030895099052133404,928e61f761e0b50253278a4631ad8cb0943b15fcc043e617b3ac9895931b85e4,64,3,0.005859375,0.994140625,0.031223973144942713,0.9687760268550573
POST_HOC_BUDGET_AUDIT_SAME_TEST,1,UNIFORM_8,512,546,630,0.16004503261969105,928e61f761e0b50253278a4631ad8cb0943b15fcc043e617b3ac9895931b85e4,128,52,0.1015625,0.8984375,0.16065912469288815,0.8393408753071119
POST_HOC_BUDGET_AUDIT_SAME_TEST,1,UNIFORM_8,512,546,630,0.6267639562585241,928e61f761e0b50253278a4631ad8cb0943b15fcc043e617b3ac9895931b85e4,256,279,0.544921875,0.455078125,0.627519583072469,0.372480416927531
POST_HOC_BUDGET_AUDIT_SAME_TEST,1,UNIFORM_8,512,546,630,0.9702100111681704,928e61f761e0b50253278a4631ad8cb0943b15fcc043e617b3ac9895931b85e4,512,480,0.9375,0.0625,0.9704447873071517,0.02955521269284833
POST_HOC_BUDGET_AUDIT_SAME_TEST,1,UNIFORM_8,512,546,630,1.0,928e61f761e0b50253278a4631ad8cb0943b15fcc043e617b3ac9895931b85e4,1024,512,1.0,0.0,1.0,0.0
POST_HOC_BUDGET_AUDIT_SAME_TEST,1,UNIFORM_8,512,546,630,1.0,928e61f761e0b50253278a4631ad8cb0943b15fcc043e617b3ac9895931b85e4,2048,512,1.0,0.0,1.0,0.0
POST_HOC_BUDGET_AUDIT_SAME_TEST,1,UNIFORM_9,512,546,630,0.017996927961500465,a2ec5cfe40b1efa8dca6b1e858e72b78f3d033fa7f6468a5d0e7bc05bc4a5a67,32,0,0.0,1.0,0.018271353414420138,0.9817286465855799
POST_HOC_BUDGET_AUDIT_SAME_TEST,1,UNIFORM_9,512,546,630,0.030895099052133404,a2ec5cfe40b1efa8dca6b1e858e72b78f3d033fa7f6468a5d0e7bc05bc4a5a67,64,3,0.005859375,0.994140625,0.031223973144942713,0.9687760268550573
POST_HOC_BUDGET_AUDIT_SAME_TEST,1,UNIFORM_9,512,546,630,0.15771055720261873,a2ec5cfe40b1efa8dca6b1e858e72b78f3d033fa7f6468a5d0e7bc05bc4a5a67,128,51,0.099609375,0.900390625,0.15832145693561298,0.841678543064387
POST_HOC_BUDGET_AUDIT_SAME_TEST,1,UNIFORM_9,512,546,630,0.6192048901677106,a2ec5cfe40b1efa8dca6b1e858e72b78f3d033fa7f6468a5d0e7bc05bc4a5a67,256,275,0.537109375,0.462890625,0.6199642067698068,0.3800357932301932
POST_HOC_BUDGET_AUDIT_SAME_TEST,1,UNIFORM_9,512,546,630,0.9688606708639708,a2ec5cfe40b1efa8dca6b1e858e72b78f3d033fa7f6468a5d0e7bc05bc4a5a67,512,479,0.935546875,0.064453125,0.9691012503591678,0.030898749640832168
POST_HOC_BUDGET_AUDIT_SAME_TEST,1,UNIFORM_9,512,546,630,1.0,a2ec5cfe40b1efa8dca6b1e858e72b78f3d033fa7f6468a5d0e7bc05bc4a5a67,1024,512,1.0,0.0,1.0,0.0
POST_HOC_BUDGET_AUDIT_SAME_TEST,1,UNIFORM_9,512,546,630,1.0,a2ec5cfe40b1efa8dca6b1e858e72b78f3d033fa7f6468a5d0e7bc05bc4a5a67,2048,512,1.0,0.0,1.0,0.0
POST_HOC_BUDGET_AUDIT_SAME_TEST,1,UNTRANSPORTED_4_4,512,546,630,0.21467335680705843,193ab5740fa75705791d9cb27cb3693447e00a36d9568c121f70937c1126b0cb,32,76,0.1484375,0.8515625,0.2153512791928048,0.7846487208071952
POST_HOC_BUDGET_AUDIT_SAME_TEST,1,UNTRANSPORTED_4_4,512,546,630,0.6455732606339311,193ab5740fa75705791d9cb27cb3693447e00a36d9568c121f70937c1126b0cb,64,289,0.564453125,0.435546875,0.6463188398830082,0.3536811601169918
POST_HOC_BUDGET_AUDIT_SAME_TEST,1,UNTRANSPORTED_4_4,512,546,630,0.9876903146484421,193ab5740fa75705791d9cb27cb3693447e00a36d9568c121f70937c1126b0cb,128,494,0.96484375,0.03515625,0.9878323455045036,0.012167654495496394
POST_HOC_BUDGET_AUDIT_SAME_TEST,1,UNTRANSPORTED_4_4,512,546,630,1.0,193ab5740fa75705791d9cb27cb3693447e00a36d9568c121f70937c1126b0cb,256,512,1.0,0.0,1.0,0.0
POST_HOC_BUDGET_AUDIT_SAME_TEST,1,UNTRANSPORTED_4_4,512,546,630,1.0,193ab5740fa75705791d9cb27cb3693447e00a36d9568c121f70937c1126b0cb,512,512,1.0,0.0,1.0,0.0
POST_HOC_BUDGET_AUDIT_SAME_TEST,1,UNTRANSPORTED_4_4,512,546,630,1.0,193ab5740fa75705791d9cb27cb3693447e00a36d9568c121f70937c1126b0cb,1024,512,1.0,0.0,1.0,0.0
POST_HOC_BUDGET_AUDIT_SAME_TEST,1,UNTRANSPORTED_4_4,512,546,630,1.0,193ab5740fa75705791d9cb27cb3693447e00a36d9568c121f70937c1126b0cb,2048,512,1.0,0.0,1.0,0.0
POST_HOC_BUDGET_AUDIT_SAME_TEST,2,FULL_RESIDUAL_4_4,512,546,630,0.017996927961500465,f99ecee29756dd9d969314bd55a44fcecc51b953d838df94134e04866950cf8c,32,0,0.0,1.0,0.018271353414420138,0.9817286465855799
POST_HOC_BUDGET_AUDIT_SAME_TEST,2,FULL_RESIDUAL_4_4,512,546,630,0.017996927961500465,f99ecee29756dd9d969314bd55a44fcecc51b953d838df94134e04866950cf8c,64,0,0.0,1.0,0.018271353414420138,0.9817286465855799
POST_HOC_BUDGET_AUDIT_SAME_TEST,2,FULL_RESIDUAL_4_4,512,546,630,0.06783418361152173,f99ecee29756dd9d969314bd55a44fcecc51b953d838df94134e04866950cf8c,128,15,0.029296875,0.970703125,0.06827784429960103,0.931722155700399
POST_HOC_BUDGET_AUDIT_SAME_TEST,2,FULL_RESIDUAL_4_4,512,546,630,0.7122113827147838,f99ecee29756dd9d969314bd55a44fcecc51b953d838df94134e04866950cf8c,256,325,0.634765625,0.365234375,0.7129107793434479,0.28708922065655207
POST_HOC_BUDGET_AUDIT_SAME_TEST,2,FULL_RESIDUAL_4_4,512,546,630,1.0,f99ecee29756dd9d969314bd55a44fcecc51b953d838df94134e04866950cf8c,512,512,1.0,0.0,1.0,0.0
POST_HOC_BUDGET_AUDIT_SAME_TEST,2,FULL_RESIDUAL_4_4,512,546,630,1.0,f99ecee29756dd9d969314bd55a44fcecc51b953d838df94134e04866950cf8c,1024,512,1.0,0.0,1.0,0.0
POST_HOC_BUDGET_AUDIT_SAME_TEST,2,FULL_RESIDUAL_4_4,512,546,630,1.0,f99ecee29756dd9d969314bd55a44fcecc51b953d838df94134e04866950cf8c,2048,512,1.0,0.0,1.0,0.0
POST_HOC_BUDGET_AUDIT_SAME_TEST,2,FULL_RESIDUAL_4_8,512,546,630,0.017996927961500465,6eb18f6930ac5c5d1ce9540349aef83d3073885e6e7cb8e7c6e058f1677ff68a,32,0,0.0,1.0,0.018271353414420138,0.9817286465855799
POST_HOC_BUDGET_AUDIT_SAME_TEST,2,FULL_RESIDUAL_4_8,512,546,630,0.017996927961500465,6eb18f6930ac5c5d1ce9540349aef83d3073885e6e7cb8e7c6e058f1677ff68a,64,0,0.0,1.0,0.018271353414420138,0.9817286465855799
POST_HOC_BUDGET_AUDIT_SAME_TEST,2,FULL_RESIDUAL_4_8,512,546,630,0.05937229652779416,6eb18f6930ac5c5d1ce9540349aef83d3073885e6e7cb8e7c6e058f1677ff68a,128,12,0.0234375,0.9765625,0.05979352644972604,0.940206473550274
POST_HOC_BUDGET_AUDIT_SAME_TEST,2,FULL_RESIDUAL_4_8,512,546,630,0.7103838518024288,6eb18f6930ac5c5d1ce9540349aef83d3073885e6e7cb8e7c6e058f1677ff68a,256,324,0.6328125,0.3671875,0.7110847501737297,0.28891524982627026
POST_HOC_BUDGET_AUDIT_SAME_TEST,2,FULL_RESIDUAL_4_8,512,546,630,1.0,6eb18f6930ac5c5d1ce9540349aef83d3073885e6e7cb8e7c6e058f1677ff68a,512,512,1.0,0.0,1.0,0.0
POST_HOC_BUDGET_AUDIT_SAME_TEST,2,FULL_RESIDUAL_4_8,512,546,630,1.0,6eb18f6930ac5c5d1ce9540349aef83d3073885e6e7cb8e7c6e058f1677ff68a,1024,512,1.0,0.0,1.0,0.0
POST_HOC_BUDGET_AUDIT_SAME_TEST,2,FULL_RESIDUAL_4_8,512,546,630,1.0,6eb18f6930ac5c5d1ce9540349aef83d3073885e6e7cb8e7c6e058f1677ff68a,2048,512,1.0,0.0,1.0,0.0
POST_HOC_BUDGET_AUDIT_SAME_TEST,2,FULL_RESIDUAL_4_FP32,512,546,630,0.017996927961500465,87ba8115981db84566f61469263486d9911d54f6651004bc9e7d09418c2aa592,32,0,0.0,1.0,0.018271353414420138,0.9817286465855799
POST_HOC_BUDGET_AUDIT_SAME_TEST,2,FULL_RESIDUAL_4_FP32,512,546,630,0.017996927961500465,87ba8115981db84566f61469263486d9911d54f6651004bc9e7d09418c2aa592,64,0,0.0,1.0,0.018271353414420138,0.9817286465855799
POST_HOC_BUDGET_AUDIT_SAME_TEST,2,FULL_RESIDUAL_4_FP32,512,546,630,0.05937229652779416,87ba8115981db84566f61469263486d9911d54f6651004bc9e7d09418c2aa592,128,12,0.0234375,0.9765625,0.05979352644972604,0.940206473550274
POST_HOC_BUDGET_AUDIT_SAME_TEST,2,FULL_RESIDUAL_4_FP32,512,546,630,0.7085549322676259,87ba8115981db84566f61469263486d9911d54f6651004bc9e7d09418c2aa592,256,323,0.630859375,0.369140625,0.7092573194704093,0.29074268052959074
POST_HOC_BUDGET_AUDIT_SAME_TEST,2,FULL_RESIDUAL_4_FP32,512,546,630,1.0,87ba8115981db84566f61469263486d9911d54f6651004bc9e7d09418c2aa592,512,512,1.0,0.0,1.0,0.0
POST_HOC_BUDGET_AUDIT_SAME_TEST,2,FULL_RESIDUAL_4_FP32,512,546,630,1.0,87ba8115981db84566f61469263486d9911d54f6651004bc9e7d09418c2aa592,1024,512,1.0,0.0,1.0,0.0
POST_HOC_BUDGET_AUDIT_SAME_TEST,2,FULL_RESIDUAL_4_FP32,512,546,630,1.0,87ba8115981db84566f61469263486d9911d54f6651004bc9e7d09418c2aa592,2048,512,1.0,0.0,1.0,0.0
POST_HOC_BUDGET_AUDIT_SAME_TEST,2,LOWRANK_4_8_R1,512,546,630,0.017996927961500465,60b099b6a21b9779a8723b06993cd8324949528d562027b78d031700bb022db7,32,0,0.0,1.0,0.018271353414420138,0.9817286465855799
POST_HOC_BUDGET_AUDIT_SAME_TEST,2,LOWRANK_4_8_R1,512,546,630,0.017996927961500465,60b099b6a21b9779a8723b06993cd8324949528d562027b78d031700bb022db7,64,0,0.0,1.0,0.018271353414420138,0.9817286465855799
POST_HOC_BUDGET_AUDIT_SAME_TEST,2,LOWRANK_4_8_R1,512,546,630,0.10708813440930842,60b099b6a21b9779a8723b06993cd8324949528d562027b78d031700bb022db7,128,30,0.05859375,0.94140625,0.10761752950271081,0.8923824704972891
POST_HOC_BUDGET_AUDIT_SAME_TEST,2,LOWRANK_4_8_R1,512,546,630,0.8750156076612856,60b099b6a21b9779a8723b06993cd8324949528d562027b78d031700bb022db7,256,418,0.81640625,0.18359375,0.8755090419344193,0.12449095806558075
POST_HOC_BUDGET_AUDIT_SAME_TEST,2,LOWRANK_4_8_R1,512,546,630,1.0,60b099b6a21b9779a8723b06993cd8324949528d562027b78d031700bb022db7,512,512,1.0,0.0,1.0,0.0
POST_HOC_BUDGET_AUDIT_SAME_TEST,2,LOWRANK_4_8_R1,512,546,630,1.0,60b099b6a21b9779a8723b06993cd8324949528d562027b78d031700bb022db7,1024,512,1.0,0.0,1.0,0.0
POST_HOC_BUDGET_AUDIT_SAME_TEST,2,LOWRANK_4_8_R1,512,546,630,1.0,60b099b6a21b9779a8723b06993cd8324949528d562027b78d031700bb022db7,2048,512,1.0,0.0,1.0,0.0
POST_HOC_BUDGET_AUDIT_SAME_TEST,2,LOWRANK_4_8_R2,512,546,630,0.017996927961500465,313439089ed9abf4fad262f3c2d71d0e237357ed811eaf0eb63b84113df46e51,32,0,0.0,1.0,0.018271353414420138,0.9817286465855799
POST_HOC_BUDGET_AUDIT_SAME_TEST,2,LOWRANK_4_8_R2,512,546,630,0.017996927961500465,313439089ed9abf4fad262f3c2d71d0e237357ed811eaf0eb63b84113df46e51,64,0,0.0,1.0,0.018271353414420138,0.9817286465855799
POST_HOC_BUDGET_AUDIT_SAME_TEST,2,LOWRANK_4_8_R2,512,546,630,0.06504679039111078,313439089ed9abf4fad262f3c2d71d0e237357ed811eaf0eb63b84113df46e51,128,14,0.02734375,0.97265625,0.06548325633657673,0.9345167436634233
POST_HOC_BUDGET_AUDIT_SAME_TEST,2,LOWRANK_4_8_R2,512,546,630,0.7231471374867409,313439089ed9abf4fad262f3c2d71d0e237357ed811eaf0eb63b84113df46e51,256,331,0.646484375,0.353515625,0.7238372500658655,0.2761627499341345
POST_HOC_BUDGET_AUDIT_SAME_TEST,2,LOWRANK_4_8_R2,512,546,630,1.0,313439089ed9abf4fad262f3c2d71d0e237357ed811eaf0eb63b84113df46e51,512,512,1.0,0.0,1.0,0.0
POST_HOC_BUDGET_AUDIT_SAME_TEST,2,LOWRANK_4_8_R2,512,546,630,1.0,313439089ed9abf4fad262f3c2d71d0e237357ed811eaf0eb63b84113df46e51,1024,512,1.0,0.0,1.0,0.0
POST_HOC_BUDGET_AUDIT_SAME_TEST,2,LOWRANK_4_8_R2,512,546,630,1.0,313439089ed9abf4fad262f3c2d71d0e237357ed811eaf0eb63b84113df46e51,2048,512,1.0,0.0,1.0,0.0
POST_HOC_BUDGET_AUDIT_SAME_TEST,2,LOWRANK_4_8_R4,512,546,630,0.017996927961500465,d155eee64ce95fc6722f2359be010a804fd56a93f3a1e28bc38310615a61ddde,32,0,0.0,1.0,0.018271353414420138,0.9817286465855799
POST_HOC_BUDGET_AUDIT_SAME_TEST,2,LOWRANK_4_8_R4,512,546,630,0.017996927961500465,d155eee64ce95fc6722f2359be010a804fd56a93f3a1e28bc38310615a61ddde,64,0,0.0,1.0,0.018271353414420138,0.9817286465855799
POST_HOC_BUDGET_AUDIT_SAME_TEST,2,LOWRANK_4_8_R4,512,546,630,0.05054938506561575,d155eee64ce95fc6722f2359be010a804fd56a93f3a1e28bc38310615a61ddde,128,9,0.017578125,0.982421875,0.05094515649965368,0.9490548435003463
POST_HOC_BUDGET_AUDIT_SAME_TEST,2,LOWRANK_4_8_R4,512,546,630,0.6883464195321881,d155eee64ce95fc6722f2359be010a804fd56a93f3a1e28bc38310615a61ddde,256,312,0.609375,0.390625,0.6890643431618417,0.31093565683815827
POST_HOC_BUDGET_AUDIT_SAME_TEST,2,LOWRANK_4_8_R4,512,546,630,1.0,d155eee64ce95fc6722f2359be010a804fd56a93f3a1e28bc38310615a61ddde,512,512,1.0,0.0,1.0,0.0
POST_HOC_BUDGET_AUDIT_SAME_TEST,2,LOWRANK_4_8_R4,512,546,630,1.0,d155eee64ce95fc6722f2359be010a804fd56a93f3a1e28bc38310615a61ddde,1024,512,1.0,0.0,1.0,0.0
POST_HOC_BUDGET_AUDIT_SAME_TEST,2,LOWRANK_4_8_R4,512,546,630,1.0,d155eee64ce95fc6722f2359be010a804fd56a93f3a1e28bc38310615a61ddde,2048,512,1.0,0.0,1.0,0.0
POST_HOC_BUDGET_AUDIT_SAME_TEST,2,MIXED_4_8,512,546,630,0.017996927961500465,9495ecbe5e371d9a6f8a6463747dbde08f7324fd54389350aff066a8bdb3b8e6,32,0,0.0,1.0,0.018271353414420138,0.9817286465855799
POST_HOC_BUDGET_AUDIT_SAME_TEST,2,MIXED_4_8,512,546,630,0.017996927961500465,9495ecbe5e371d9a6f8a6463747dbde08f7324fd54389350aff066a8bdb3b8e6,64,0,0.0,1.0,0.018271353414420138,0.9817286465855799
POST_HOC_BUDGET_AUDIT_SAME_TEST,2,MIXED_4_8,512,546,630,0.07059233317970393,9495ecbe5e371d9a6f8a6463747dbde08f7324fd54389350aff066a8bdb3b8e6,128,16,0.03125,0.96875,0.07104293847677659,0.9289570615232234
POST_HOC_BUDGET_AUDIT_SAME_TEST,2,MIXED_4_8,512,546,630,0.8482003337502082,9495ecbe5e371d9a6f8a6463747dbde08f7324fd54389350aff066a8bdb3b8e6,256,402,0.78515625,0.21484375,0.848740223559512,0.15125977644048805
POST_HOC_BUDGET_AUDIT_SAME_TEST,2,MIXED_4_8,512,546,630,0.9999998211342254,9495ecbe5e371d9a6f8a6463747dbde08f7324fd54389350aff066a8bdb3b8e6,512,511,0.998046875,0.001953125,0.9999998449839399,1.5501606009937774e-07
POST_HOC_BUDGET_AUDIT_SAME_TEST,2,MIXED_4_8,512,546,630,1.0,9495ecbe5e371d9a6f8a6463747dbde08f7324fd54389350aff066a8bdb3b8e6,1024,512,1.0,0.0,1.0,0.0
POST_HOC_BUDGET_AUDIT_SAME_TEST,2,MIXED_4_8,512,546,630,1.0,9495ecbe5e371d9a6f8a6463747dbde08f7324fd54389350aff066a8bdb3b8e6,2048,512,1.0,0.0,1.0,0.0
POST_HOC_BUDGET_AUDIT_SAME_TEST,2,MIXED_4_8_TOP2,512,630,630,0.018271353414420138,3ea297c593608d1407c6d4258ee745eb58b2c8944bf6b61450e7cf4d1d7a8987,32,0,0.0,1.0,0.018271353414420138,0.9817286465855799
POST_HOC_BUDGET_AUDIT_SAME_TEST,2,MIXED_4_8_TOP2,512,630,630,0.018271353414420138,3ea297c593608d1407c6d4258ee745eb58b2c8944bf6b61450e7cf4d1d7a8987,64,0,0.0,1.0,0.018271353414420138,0.9817286465855799
POST_HOC_BUDGET_AUDIT_SAME_TEST,2,MIXED_4_8_TOP2,512,630,630,0.08974470119736469,3ea297c593608d1407c6d4258ee745eb58b2c8944bf6b61450e7cf4d1d7a8987,128,23,0.044921875,0.955078125,0.08974470119736469,0.9102552988026353
POST_HOC_BUDGET_AUDIT_SAME_TEST,2,MIXED_4_8_TOP2,512,630,630,0.8638754964204315,3ea297c593608d1407c6d4258ee745eb58b2c8944bf6b61450e7cf4d1d7a8987,256,411,0.802734375,0.197265625,0.8638754964204315,0.1361245035795685
POST_HOC_BUDGET_AUDIT_SAME_TEST,2,MIXED_4_8_TOP2,512,630,630,1.0,3ea297c593608d1407c6d4258ee745eb58b2c8944bf6b61450e7cf4d1d7a8987,512,512,1.0,0.0,1.0,0.0
POST_HOC_BUDGET_AUDIT_SAME_TEST,2,MIXED_4_8_TOP2,512,630,630,1.0,3ea297c593608d1407c6d4258ee745eb58b2c8944bf6b61450e7cf4d1d7a8987,1024,512,1.0,0.0,1.0,0.0
POST_HOC_BUDGET_AUDIT_SAME_TEST,2,MIXED_4_8_TOP2,512,630,630,1.0,3ea297c593608d1407c6d4258ee745eb58b2c8944bf6b61450e7cf4d1d7a8987,2048,512,1.0,0.0,1.0,0.0
POST_HOC_BUDGET_AUDIT_SAME_TEST,2,MIXED_4_8_TOP5,512,630,630,0.018271353414420138,161a2a438500c5ed5d196d7819159a6a422e88c306ce3f48167654be2935bb29,32,0,0.0,1.0,0.018271353414420138,0.9817286465855799
POST_HOC_BUDGET_AUDIT_SAME_TEST,2,MIXED_4_8_TOP5,512,630,630,0.018271353414420138,161a2a438500c5ed5d196d7819159a6a422e88c306ce3f48167654be2935bb29,64,0,0.0,1.0,0.018271353414420138,0.9817286465855799
POST_HOC_BUDGET_AUDIT_SAME_TEST,2,MIXED_4_8_TOP5,512,630,630,0.06265628686222062,161a2a438500c5ed5d196d7819159a6a422e88c306ce3f48167654be2935bb29,128,13,0.025390625,0.974609375,0.06265628686222062,0.9373437131377794
POST_HOC_BUDGET_AUDIT_SAME_TEST,2,MIXED_4_8_TOP5,512,630,630,0.8299939499469581,161a2a438500c5ed5d196d7819159a6a422e88c306ce3f48167654be2935bb29,256,391,0.763671875,0.236328125,0.8299939499469581,0.17000605005304192
POST_HOC_BUDGET_AUDIT_SAME_TEST,2,MIXED_4_8_TOP5,512,630,630,1.0,161a2a438500c5ed5d196d7819159a6a422e88c306ce3f48167654be2935bb29,512,512,1.0,0.0,1.0,0.0
POST_HOC_BUDGET_AUDIT_SAME_TEST,2,MIXED_4_8_TOP5,512,630,630,1.0,161a2a438500c5ed5d196d7819159a6a422e88c306ce3f48167654be2935bb29,1024,512,1.0,0.0,1.0,0.0
POST_HOC_BUDGET_AUDIT_SAME_TEST,2,MIXED_4_8_TOP5,512,630,630,1.0,161a2a438500c5ed5d196d7819159a6a422e88c306ce3f48167654be2935bb29,2048,512,1.0,0.0,1.0,0.0
POST_HOC_BUDGET_AUDIT_SAME_TEST,2,MIXED_6_8,512,546,630,0.017996927961500465,719250edcc63eba48b5327d3aa54a7f5e651886c8558d84bdbb4888e0ee80c69,32,0,0.0,1.0,0.018271353414420138,0.9817286465855799
POST_HOC_BUDGET_AUDIT_SAME_TEST,2,MIXED_6_8,512,546,630,0.017996927961500465,719250edcc63eba48b5327d3aa54a7f5e651886c8558d84bdbb4888e0ee80c69,64,0,0.0,1.0,0.018271353414420138,0.9817286465855799
POST_HOC_BUDGET_AUDIT_SAME_TEST,2,MIXED_6_8,512,546,630,0.053538812737919925,719250edcc63eba48b5327d3aa54a7f5e651886c8558d84bdbb4888e0ee80c69,128,10,0.01953125,0.98046875,0.053943471820439806,0.9460565281795602
POST_HOC_BUDGET_AUDIT_SAME_TEST,2,MIXED_6_8,512,546,630,0.7048929456406345,719250edcc63eba48b5327d3aa54a7f5e651886c8558d84bdbb4888e0ee80c69,256,321,0.626953125,0.373046875,0.7055982719399649,0.29440172806003506
POST_HOC_BUDGET_AUDIT_SAME_TEST,2,MIXED_6_8,512,546,630,1.0,719250edcc63eba48b5327d3aa54a7f5e651886c8558d84bdbb4888e0ee80c69,512,512,1.0,0.0,1.0,0.0
POST_HOC_BUDGET_AUDIT_SAME_TEST,2,MIXED_6_8,512,546,630,1.0,719250edcc63eba48b5327d3aa54a7f5e651886c8558d84bdbb4888e0ee80c69,1024,512,1.0,0.0,1.0,0.0
POST_HOC_BUDGET_AUDIT_SAME_TEST,2,MIXED_6_8,512,546,630,1.0,719250edcc63eba48b5327d3aa54a7f5e651886c8558d84bdbb4888e0ee80c69,2048,512,1.0,0.0,1.0,0.0
POST_HOC_BUDGET_AUDIT_SAME_TEST,2,MIXED_6_8_TOP1,512,630,630,0.018271353414420138,85c42aa493beffa2e29c44811b2210e604807c4632b04890e88881f43bc236ec,32,0,0.0,1.0,0.018271353414420138,0.9817286465855799
POST_HOC_BUDGET_AUDIT_SAME_TEST,2,MIXED_6_8_TOP1,512,630,630,0.018271353414420138,85c42aa493beffa2e29c44811b2210e604807c4632b04890e88881f43bc236ec,64,0,0.0,1.0,0.018271353414420138,0.9817286465855799
POST_HOC_BUDGET_AUDIT_SAME_TEST,2,MIXED_6_8_TOP1,512,630,630,0.07104293847677659,85c42aa493beffa2e29c44811b2210e604807c4632b04890e88881f43bc236ec,128,16,0.03125,0.96875,0.07104293847677659,0.9289570615232234
POST_HOC_BUDGET_AUDIT_SAME_TEST,2,MIXED_6_8_TOP1,512,630,630,0.738325192547963,85c42aa493beffa2e29c44811b2210e604807c4632b04890e88881f43bc236ec,256,339,0.662109375,0.337890625,0.738325192547963,0.261674807452037
POST_HOC_BUDGET_AUDIT_SAME_TEST,2,MIXED_6_8_TOP1,512,630,630,0.9999998449839399,85c42aa493beffa2e29c44811b2210e604807c4632b04890e88881f43bc236ec,512,511,0.998046875,0.001953125,0.9999998449839399,1.5501606009937774e-07
POST_HOC_BUDGET_AUDIT_SAME_TEST,2,MIXED_6_8_TOP1,512,630,630,1.0,85c42aa493beffa2e29c44811b2210e604807c4632b04890e88881f43bc236ec,1024,512,1.0,0.0,1.0,0.0
POST_HOC_BUDGET_AUDIT_SAME_TEST,2,MIXED_6_8_TOP1,512,630,630,1.0,85c42aa493beffa2e29c44811b2210e604807c4632b04890e88881f43bc236ec,2048,512,1.0,0.0,1.0,0.0
POST_HOC_BUDGET_AUDIT_SAME_TEST,2,MIXED_6_8_TOP4,512,630,630,0.018271353414420138,e6fcbaba9734d9a22ed6986582f0ec6e1775b75b7ef967433248f07b3cd13dac,32,0,0.0,1.0,0.018271353414420138,0.9817286465855799
POST_HOC_BUDGET_AUDIT_SAME_TEST,2,MIXED_6_8_TOP4,512,630,630,0.018271353414420138,e6fcbaba9734d9a22ed6986582f0ec6e1775b75b7ef967433248f07b3cd13dac,64,0,0.0,1.0,0.018271353414420138,0.9817286465855799
POST_HOC_BUDGET_AUDIT_SAME_TEST,2,MIXED_6_8_TOP4,512,630,630,0.07378101068116445,e6fcbaba9734d9a22ed6986582f0ec6e1775b75b7ef967433248f07b3cd13dac,128,17,0.033203125,0.966796875,0.07378101068116445,0.9262189893188355
POST_HOC_BUDGET_AUDIT_SAME_TEST,2,MIXED_6_8_TOP4,512,630,630,0.696426439982175,e6fcbaba9734d9a22ed6986582f0ec6e1775b75b7ef967433248f07b3cd13dac,256,316,0.6171875,0.3828125,0.696426439982175,0.303573560017825
POST_HOC_BUDGET_AUDIT_SAME_TEST,2,MIXED_6_8_TOP4,512,630,630,0.9999998449839399,e6fcbaba9734d9a22ed6986582f0ec6e1775b75b7ef967433248f07b3cd13dac,512,511,0.998046875,0.001953125,0.9999998449839399,1.5501606009937774e-07
POST_HOC_BUDGET_AUDIT_SAME_TEST,2,MIXED_6_8_TOP4,512,630,630,1.0,e6fcbaba9734d9a22ed6986582f0ec6e1775b75b7ef967433248f07b3cd13dac,1024,512,1.0,0.0,1.0,0.0
POST_HOC_BUDGET_AUDIT_SAME_TEST,2,MIXED_6_8_TOP4,512,630,630,1.0,e6fcbaba9734d9a22ed6986582f0ec6e1775b75b7ef967433248f07b3cd13dac,2048,512,1.0,0.0,1.0,0.0
POST_HOC_BUDGET_AUDIT_SAME_TEST,2,NATIVE_FP32,512,546,630,0.017996927961500465,db80d41f386bde76e76fa38111a1d40a5d40060f84bb7d251352934c4a5fd268,32,0,0.0,1.0,0.018271353414420138,0.9817286465855799
POST_HOC_BUDGET_AUDIT_SAME_TEST,2,NATIVE_FP32,512,546,630,0.017996927961500465,db80d41f386bde76e76fa38111a1d40a5d40060f84bb7d251352934c4a5fd268,64,0,0.0,1.0,0.018271353414420138,0.9817286465855799
POST_HOC_BUDGET_AUDIT_SAME_TEST,2,NATIVE_FP32,512,546,630,0.05937229652779416,db80d41f386bde76e76fa38111a1d40a5d40060f84bb7d251352934c4a5fd268,128,12,0.0234375,0.9765625,0.05979352644972604,0.940206473550274
POST_HOC_BUDGET_AUDIT_SAME_TEST,2,NATIVE_FP32,512,546,630,0.7085549322676259,db80d41f386bde76e76fa38111a1d40a5d40060f84bb7d251352934c4a5fd268,256,323,0.630859375,0.369140625,0.7092573194704093,0.29074268052959074
POST_HOC_BUDGET_AUDIT_SAME_TEST,2,NATIVE_FP32,512,546,630,1.0,db80d41f386bde76e76fa38111a1d40a5d40060f84bb7d251352934c4a5fd268,512,512,1.0,0.0,1.0,0.0
POST_HOC_BUDGET_AUDIT_SAME_TEST,2,NATIVE_FP32,512,546,630,1.0,db80d41f386bde76e76fa38111a1d40a5d40060f84bb7d251352934c4a5fd268,1024,512,1.0,0.0,1.0,0.0
POST_HOC_BUDGET_AUDIT_SAME_TEST,2,NATIVE_FP32,512,546,630,1.0,db80d41f386bde76e76fa38111a1d40a5d40060f84bb7d251352934c4a5fd268,2048,512,1.0,0.0,1.0,0.0
POST_HOC_BUDGET_AUDIT_SAME_TEST,2,STOCHASTIC_4,512,546,630,0.017996927961500465,eded212a6c5e668d2753d340336c905013724702e78320f5337a730c8128c4de,32,0,0.0,1.0,0.018271353414420138,0.9817286465855799
POST_HOC_BUDGET_AUDIT_SAME_TEST,2,STOCHASTIC_4,512,546,630,0.08925109388976271,eded212a6c5e668d2753d340336c905013724702e78320f5337a730c8128c4de,64,23,0.044921875,0.955078125,0.08974470119736469,0.9102552988026353
POST_HOC_BUDGET_AUDIT_SAME_TEST,2,STOCHASTIC_4,512,546,630,0.8733584342464634,eded212a6c5e668d2753d340336c905013724702e78320f5337a730c8128c4de,128,417,0.814453125,0.185546875,0.8738549442733751,0.12614505572662493
POST_HOC_BUDGET_AUDIT_SAME_TEST,2,STOCHASTIC_4,512,546,630,1.0,eded212a6c5e668d2753d340336c905013724702e78320f5337a730c8128c4de,256,512,1.0,0.0,1.0,0.0
POST_HOC_BUDGET_AUDIT_SAME_TEST,2,STOCHASTIC_4,512,546,630,1.0,eded212a6c5e668d2753d340336c905013724702e78320f5337a730c8128c4de,512,512,1.0,0.0,1.0,0.0
POST_HOC_BUDGET_AUDIT_SAME_TEST,2,STOCHASTIC_4,512,546,630,1.0,eded212a6c5e668d2753d340336c905013724702e78320f5337a730c8128c4de,1024,512,1.0,0.0,1.0,0.0
POST_HOC_BUDGET_AUDIT_SAME_TEST,2,STOCHASTIC_4,512,546,630,1.0,eded212a6c5e668d2753d340336c905013724702e78320f5337a730c8128c4de,2048,512,1.0,0.0,1.0,0.0
POST_HOC_BUDGET_AUDIT_SAME_TEST,2,UNIFORM_10,512,546,630,0.017996927961500465,96918b676fccd0050f2e17d3dcc113913b0383723e5e6a8bc998d49d14552ab8,32,0,0.0,1.0,0.018271353414420138,0.9817286465855799
POST_HOC_BUDGET_AUDIT_SAME_TEST,2,UNIFORM_10,512,546,630,0.017996927961500465,96918b676fccd0050f2e17d3dcc113913b0383723e5e6a8bc998d49d14552ab8,64,0,0.0,1.0,0.018271353414420138,0.9817286465855799
POST_HOC_BUDGET_AUDIT_SAME_TEST,2,UNIFORM_10,512,546,630,0.05937229652779416,96918b676fccd0050f2e17d3dcc113913b0383723e5e6a8bc998d49d14552ab8,128,12,0.0234375,0.9765625,0.05979352644972604,0.940206473550274
POST_HOC_BUDGET_AUDIT_SAME_TEST,2,UNIFORM_10,512,546,630,0.7140375203102493,96918b676fccd0050f2e17d3dcc113913b0383723e5e6a8bc998d49d14552ab8,256,326,0.63671875,0.36328125,0.7147354022422965,0.2852645977577035
POST_HOC_BUDGET_AUDIT_SAME_TEST,2,UNIFORM_10,512,546,630,1.0,96918b676fccd0050f2e17d3dcc113913b0383723e5e6a8bc998d49d14552ab8,512,512,1.0,0.0,1.0,0.0
POST_HOC_BUDGET_AUDIT_SAME_TEST,2,UNIFORM_10,512,546,630,1.0,96918b676fccd0050f2e17d3dcc113913b0383723e5e6a8bc998d49d14552ab8,1024,512,1.0,0.0,1.0,0.0
POST_HOC_BUDGET_AUDIT_SAME_TEST,2,UNIFORM_10,512,546,630,1.0,96918b676fccd0050f2e17d3dcc113913b0383723e5e6a8bc998d49d14552ab8,2048,512,1.0,0.0,1.0,0.0
POST_HOC_BUDGET_AUDIT_SAME_TEST,2,UNIFORM_11,512,546,630,0.017996927961500465,92aaac3321e5e32d0986eb5baa02d8f77b80293964fbd3f63b4b5c6d490ebb6d,32,0,0.0,1.0,0.018271353414420138,0.9817286465855799
POST_HOC_BUDGET_AUDIT_SAME_TEST,2,UNIFORM_11,512,546,630,0.017996927961500465,92aaac3321e5e32d0986eb5baa02d8f77b80293964fbd3f63b4b5c6d490ebb6d,64,0,0.0,1.0,0.018271353414420138,0.9817286465855799
POST_HOC_BUDGET_AUDIT_SAME_TEST,2,UNIFORM_11,512,546,630,0.05937229652779416,92aaac3321e5e32d0986eb5baa02d8f77b80293964fbd3f63b4b5c6d490ebb6d,128,12,0.0234375,0.9765625,0.05979352644972604,0.940206473550274
POST_HOC_BUDGET_AUDIT_SAME_TEST,2,UNIFORM_11,512,546,630,0.7103838518024288,92aaac3321e5e32d0986eb5baa02d8f77b80293964fbd3f63b4b5c6d490ebb6d,256,324,0.6328125,0.3671875,0.7110847501737297,0.28891524982627026
POST_HOC_BUDGET_AUDIT_SAME_TEST,2,UNIFORM_11,512,546,630,1.0,92aaac3321e5e32d0986eb5baa02d8f77b80293964fbd3f63b4b5c6d490ebb6d,512,512,1.0,0.0,1.0,0.0
POST_HOC_BUDGET_AUDIT_SAME_TEST,2,UNIFORM_11,512,546,630,1.0,92aaac3321e5e32d0986eb5baa02d8f77b80293964fbd3f63b4b5c6d490ebb6d,1024,512,1.0,0.0,1.0,0.0
POST_HOC_BUDGET_AUDIT_SAME_TEST,2,UNIFORM_11,512,546,630,1.0,92aaac3321e5e32d0986eb5baa02d8f77b80293964fbd3f63b4b5c6d490ebb6d,2048,512,1.0,0.0,1.0,0.0
POST_HOC_BUDGET_AUDIT_SAME_TEST,2,UNIFORM_12,512,546,630,0.017996927961500465,52c3f798e729283bea239d3a331a59d2716839548dfc55cc67dfb5ed6990bfc2,32,0,0.0,1.0,0.018271353414420138,0.9817286465855799
POST_HOC_BUDGET_AUDIT_SAME_TEST,2,UNIFORM_12,512,546,630,0.017996927961500465,52c3f798e729283bea239d3a331a59d2716839548dfc55cc67dfb5ed6990bfc2,64,0,0.0,1.0,0.018271353414420138,0.9817286465855799
POST_HOC_BUDGET_AUDIT_SAME_TEST,2,UNIFORM_12,512,546,630,0.05937229652779416,52c3f798e729283bea239d3a331a59d2716839548dfc55cc67dfb5ed6990bfc2,128,12,0.0234375,0.9765625,0.05979352644972604,0.940206473550274
POST_HOC_BUDGET_AUDIT_SAME_TEST,2,UNIFORM_12,512,546,630,0.7103838518024288,52c3f798e729283bea239d3a331a59d2716839548dfc55cc67dfb5ed6990bfc2,256,324,0.6328125,0.3671875,0.7110847501737297,0.28891524982627026
POST_HOC_BUDGET_AUDIT_SAME_TEST,2,UNIFORM_12,512,546,630,1.0,52c3f798e729283bea239d3a331a59d2716839548dfc55cc67dfb5ed6990bfc2,512,512,1.0,0.0,1.0,0.0
POST_HOC_BUDGET_AUDIT_SAME_TEST,2,UNIFORM_12,512,546,630,1.0,52c3f798e729283bea239d3a331a59d2716839548dfc55cc67dfb5ed6990bfc2,1024,512,1.0,0.0,1.0,0.0
POST_HOC_BUDGET_AUDIT_SAME_TEST,2,UNIFORM_12,512,546,630,1.0,52c3f798e729283bea239d3a331a59d2716839548dfc55cc67dfb5ed6990bfc2,2048,512,1.0,0.0,1.0,0.0
POST_HOC_BUDGET_AUDIT_SAME_TEST,2,UNIFORM_13,512,546,630,0.017996927961500465,37ac95746ac07ed4e59b43d0298f17fb8981e07d158e2310c55657ed85a8e7af,32,0,0.0,1.0,0.018271353414420138,0.9817286465855799
POST_HOC_BUDGET_AUDIT_SAME_TEST,2,UNIFORM_13,512,546,630,0.017996927961500465,37ac95746ac07ed4e59b43d0298f17fb8981e07d158e2310c55657ed85a8e7af,64,0,0.0,1.0,0.018271353414420138,0.9817286465855799
POST_HOC_BUDGET_AUDIT_SAME_TEST,2,UNIFORM_13,512,546,630,0.05937229652779416,37ac95746ac07ed4e59b43d0298f17fb8981e07d158e2310c55657ed85a8e7af,128,12,0.0234375,0.9765625,0.05979352644972604,0.940206473550274
POST_HOC_BUDGET_AUDIT_SAME_TEST,2,UNIFORM_13,512,546,630,0.706724628710992,37ac95746ac07ed4e59b43d0298f17fb8981e07d158e2310c55657ed85a8e7af,256,322,0.62890625,0.37109375,0.7074284918760745,0.2925715081239255
POST_HOC_BUDGET_AUDIT_SAME_TEST,2,UNIFORM_13,512,546,630,1.0,37ac95746ac07ed4e59b43d0298f17fb8981e07d158e2310c55657ed85a8e7af,512,512,1.0,0.0,1.0,0.0
POST_HOC_BUDGET_AUDIT_SAME_TEST,2,UNIFORM_13,512,546,630,1.0,37ac95746ac07ed4e59b43d0298f17fb8981e07d158e2310c55657ed85a8e7af,1024,512,1.0,0.0,1.0,0.0
POST_HOC_BUDGET_AUDIT_SAME_TEST,2,UNIFORM_13,512,546,630,1.0,37ac95746ac07ed4e59b43d0298f17fb8981e07d158e2310c55657ed85a8e7af,2048,512,1.0,0.0,1.0,0.0
POST_HOC_BUDGET_AUDIT_SAME_TEST,2,UNIFORM_14,512,546,630,0.017996927961500465,3733dbe08ca89b54e70c6d86b6c7656aa29134038961908f58c32d59a909d428,32,0,0.0,1.0,0.018271353414420138,0.9817286465855799
POST_HOC_BUDGET_AUDIT_SAME_TEST,2,UNIFORM_14,512,546,630,0.017996927961500465,3733dbe08ca89b54e70c6d86b6c7656aa29134038961908f58c32d59a909d428,64,0,0.0,1.0,0.018271353414420138,0.9817286465855799
POST_HOC_BUDGET_AUDIT_SAME_TEST,2,UNIFORM_14,512,546,630,0.05937229652779416,3733dbe08ca89b54e70c6d86b6c7656aa29134038961908f58c32d59a909d428,128,12,0.0234375,0.9765625,0.05979352644972604,0.940206473550274
POST_HOC_BUDGET_AUDIT_SAME_TEST,2,UNIFORM_14,512,546,630,0.706724628710992,3733dbe08ca89b54e70c6d86b6c7656aa29134038961908f58c32d59a909d428,256,322,0.62890625,0.37109375,0.7074284918760745,0.2925715081239255
POST_HOC_BUDGET_AUDIT_SAME_TEST,2,UNIFORM_14,512,546,630,1.0,3733dbe08ca89b54e70c6d86b6c7656aa29134038961908f58c32d59a909d428,512,512,1.0,0.0,1.0,0.0
POST_HOC_BUDGET_AUDIT_SAME_TEST,2,UNIFORM_14,512,546,630,1.0,3733dbe08ca89b54e70c6d86b6c7656aa29134038961908f58c32d59a909d428,1024,512,1.0,0.0,1.0,0.0
POST_HOC_BUDGET_AUDIT_SAME_TEST,2,UNIFORM_14,512,546,630,1.0,3733dbe08ca89b54e70c6d86b6c7656aa29134038961908f58c32d59a909d428,2048,512,1.0,0.0,1.0,0.0
POST_HOC_BUDGET_AUDIT_SAME_TEST,2,UNIFORM_15,512,546,630,0.017996927961500465,0ceb78350c62061a931f187056b3c00f473ce7c3b5be7c442fb6c21bbb512582,32,0,0.0,1.0,0.018271353414420138,0.9817286465855799
POST_HOC_BUDGET_AUDIT_SAME_TEST,2,UNIFORM_15,512,546,630,0.017996927961500465,0ceb78350c62061a931f187056b3c00f473ce7c3b5be7c442fb6c21bbb512582,64,0,0.0,1.0,0.018271353414420138,0.9817286465855799
POST_HOC_BUDGET_AUDIT_SAME_TEST,2,UNIFORM_15,512,546,630,0.05937229652779416,0ceb78350c62061a931f187056b3c00f473ce7c3b5be7c442fb6c21bbb512582,128,12,0.0234375,0.9765625,0.05979352644972604,0.940206473550274
POST_HOC_BUDGET_AUDIT_SAME_TEST,2,UNIFORM_15,512,546,630,0.706724628710992,0ceb78350c62061a931f187056b3c00f473ce7c3b5be7c442fb6c21bbb512582,256,322,0.62890625,0.37109375,0.7074284918760745,0.2925715081239255
POST_HOC_BUDGET_AUDIT_SAME_TEST,2,UNIFORM_15,512,546,630,1.0,0ceb78350c62061a931f187056b3c00f473ce7c3b5be7c442fb6c21bbb512582,512,512,1.0,0.0,1.0,0.0
POST_HOC_BUDGET_AUDIT_SAME_TEST,2,UNIFORM_15,512,546,630,1.0,0ceb78350c62061a931f187056b3c00f473ce7c3b5be7c442fb6c21bbb512582,1024,512,1.0,0.0,1.0,0.0
POST_HOC_BUDGET_AUDIT_SAME_TEST,2,UNIFORM_15,512,546,630,1.0,0ceb78350c62061a931f187056b3c00f473ce7c3b5be7c442fb6c21bbb512582,2048,512,1.0,0.0,1.0,0.0
POST_HOC_BUDGET_AUDIT_SAME_TEST,2,UNIFORM_16,512,546,630,0.017996927961500465,9ffc2039a28afb0c58a2d9596241a131333449b8d782f8dccbbc2269efc575e9,32,0,0.0,1.0,0.018271353414420138,0.9817286465855799
POST_HOC_BUDGET_AUDIT_SAME_TEST,2,UNIFORM_16,512,546,630,0.017996927961500465,9ffc2039a28afb0c58a2d9596241a131333449b8d782f8dccbbc2269efc575e9,64,0,0.0,1.0,0.018271353414420138,0.9817286465855799
POST_HOC_BUDGET_AUDIT_SAME_TEST,2,UNIFORM_16,512,546,630,0.05937229652779416,9ffc2039a28afb0c58a2d9596241a131333449b8d782f8dccbbc2269efc575e9,128,12,0.0234375,0.9765625,0.05979352644972604,0.940206473550274
POST_HOC_BUDGET_AUDIT_SAME_TEST,2,UNIFORM_16,512,546,630,0.706724628710992,9ffc2039a28afb0c58a2d9596241a131333449b8d782f8dccbbc2269efc575e9,256,322,0.62890625,0.37109375,0.7074284918760745,0.2925715081239255
POST_HOC_BUDGET_AUDIT_SAME_TEST,2,UNIFORM_16,512,546,630,1.0,9ffc2039a28afb0c58a2d9596241a131333449b8d782f8dccbbc2269efc575e9,512,512,1.0,0.0,1.0,0.0
POST_HOC_BUDGET_AUDIT_SAME_TEST,2,UNIFORM_16,512,546,630,1.0,9ffc2039a28afb0c58a2d9596241a131333449b8d782f8dccbbc2269efc575e9,1024,512,1.0,0.0,1.0,0.0
POST_HOC_BUDGET_AUDIT_SAME_TEST,2,UNIFORM_16,512,546,630,1.0,9ffc2039a28afb0c58a2d9596241a131333449b8d782f8dccbbc2269efc575e9,2048,512,1.0,0.0,1.0,0.0
POST_HOC_BUDGET_AUDIT_SAME_TEST,2,UNIFORM_2,512,546,630,0.9998363504624042,5491ae96e72e74da8f587aa88355a2686492b31a8aaa344ab368b753a165ec7c,32,509,0.994140625,0.005859375,0.9998441270505333,0.0001558729494667288
POST_HOC_BUDGET_AUDIT_SAME_TEST,2,UNIFORM_2,512,546,630,1.0,5491ae96e72e74da8f587aa88355a2686492b31a8aaa344ab368b753a165ec7c,64,512,1.0,0.0,1.0,0.0
POST_HOC_BUDGET_AUDIT_SAME_TEST,2,UNIFORM_2,512,546,630,1.0,5491ae96e72e74da8f587aa88355a2686492b31a8aaa344ab368b753a165ec7c,128,512,1.0,0.0,1.0,0.0
POST_HOC_BUDGET_AUDIT_SAME_TEST,2,UNIFORM_2,512,546,630,1.0,5491ae96e72e74da8f587aa88355a2686492b31a8aaa344ab368b753a165ec7c,256,512,1.0,0.0,1.0,0.0
POST_HOC_BUDGET_AUDIT_SAME_TEST,2,UNIFORM_2,512,546,630,1.0,5491ae96e72e74da8f587aa88355a2686492b31a8aaa344ab368b753a165ec7c,512,512,1.0,0.0,1.0,0.0
POST_HOC_BUDGET_AUDIT_SAME_TEST,2,UNIFORM_2,512,546,630,1.0,5491ae96e72e74da8f587aa88355a2686492b31a8aaa344ab368b753a165ec7c,1024,512,1.0,0.0,1.0,0.0
POST_HOC_BUDGET_AUDIT_SAME_TEST,2,UNIFORM_2,512,546,630,1.0,5491ae96e72e74da8f587aa88355a2686492b31a8aaa344ab368b753a165ec7c,2048,512,1.0,0.0,1.0,0.0
POST_HOC_BUDGET_AUDIT_SAME_TEST,2,UNIFORM_3,512,546,630,0.041190580683474615,717016d8e0b40b83ab6590d23ce60fb5e3745c59a94db605f28c8318484ea211,32,6,0.01171875,0.98828125,0.041556526938979294,0.9584434730610207
POST_HOC_BUDGET_AUDIT_SAME_TEST,2,UNIFORM_3,512,546,630,0.3079064018714423,717016d8e0b40b83ab6590d23ce60fb5e3745c59a94db605f28c8318484ea211,64,119,0.232421875,0.767578125,0.30865596712885357,0.6913440328711464
POST_HOC_BUDGET_AUDIT_SAME_TEST,2,UNIFORM_3,512,546,630,0.9633645564700738,717016d8e0b40b83ab6590d23ce60fb5e3745c59a94db605f28c8318484ea211,128,475,0.927734375,0.072265625,0.9636275104634368,0.036372489536563246
POST_HOC_BUDGET_AUDIT_SAME_TEST,2,UNIFORM_3,512,546,630,1.0,717016d8e0b40b83ab6590d23ce60fb5e3745c59a94db605f28c8318484ea211,256,512,1.0,0.0,1.0,0.0
POST_HOC_BUDGET_AUDIT_SAME_TEST,2,UNIFORM_3,512,546,630,1.0,717016d8e0b40b83ab6590d23ce60fb5e3745c59a94db605f28c8318484ea211,512,512,1.0,0.0,1.0,0.0
POST_HOC_BUDGET_AUDIT_SAME_TEST,2,UNIFORM_3,512,546,630,1.0,717016d8e0b40b83ab6590d23ce60fb5e3745c59a94db605f28c8318484ea211,1024,512,1.0,0.0,1.0,0.0
POST_HOC_BUDGET_AUDIT_SAME_TEST,2,UNIFORM_3,512,546,630,1.0,717016d8e0b40b83ab6590d23ce60fb5e3745c59a94db605f28c8318484ea211,2048,512,1.0,0.0,1.0,0.0
POST_HOC_BUDGET_AUDIT_SAME_TEST,2,UNIFORM_4,512,546,630,0.017996927961500465,758fd85b202244422a4149d96e87769cca4e56dd88c40547b31eb2f2d3e644e6,32,0,0.0,1.0,0.018271353414420138,0.9817286465855799
POST_HOC_BUDGET_AUDIT_SAME_TEST,2,UNIFORM_4,512,546,630,0.017996927961500465,758fd85b202244422a4149d96e87769cca4e56dd88c40547b31eb2f2d3e644e6,64,0,0.0,1.0,0.018271353414420138,0.9817286465855799
POST_HOC_BUDGET_AUDIT_SAME_TEST,2,UNIFORM_4,512,546,630,0.12920977986950039,758fd85b202244422a4149d96e87769cca4e56dd88c40547b31eb2f2d3e644e6,128,39,0.076171875,0.923828125,0.12977795006465184,0.8702220499353481
POST_HOC_BUDGET_AUDIT_SAME_TEST,2,UNIFORM_4,512,546,630,0.9605623327596335,758fd85b202244422a4149d96e87769cca4e56dd88c40547b31eb2f2d3e644e6,256,473,0.923828125,0.076171875,0.9608360098848481,0.039163990115151925
POST_HOC_BUDGET_AUDIT_SAME_TEST,2,UNIFORM_4,512,546,630,1.0,758fd85b202244422a4149d96e87769cca4e56dd88c40547b31eb2f2d3e644e6,512,512,1.0,0.0,1.0,0.0
POST_HOC_BUDGET_AUDIT_SAME_TEST,2,UNIFORM_4,512,546,630,1.0,758fd85b202244422a4149d96e87769cca4e56dd88c40547b31eb2f2d3e644e6,1024,512,1.0,0.0,1.0,0.0
POST_HOC_BUDGET_AUDIT_SAME_TEST,2,UNIFORM_4,512,546,630,1.0,758fd85b202244422a4149d96e87769cca4e56dd88c40547b31eb2f2d3e644e6,2048,512,1.0,0.0,1.0,0.0
POST_HOC_BUDGET_AUDIT_SAME_TEST,2,UNIFORM_5,512,546,630,0.017996927961500465,63d35a47ee996398ecdb807e806b46d4956dfbf2e7fe1c4da93392357c8094c2,32,0,0.0,1.0,0.018271353414420138,0.9817286465855799
POST_HOC_BUDGET_AUDIT_SAME_TEST,2,UNIFORM_5,512,546,630,0.017996927961500465,63d35a47ee996398ecdb807e806b46d4956dfbf2e7fe1c4da93392357c8094c2,64,0,0.0,1.0,0.018271353414420138,0.9817286465855799
POST_HOC_BUDGET_AUDIT_SAME_TEST,2,UNIFORM_5,512,546,630,0.05937229652779416,63d35a47ee996398ecdb807e806b46d4956dfbf2e7fe1c4da93392357c8094c2,128,12,0.0234375,0.9765625,0.05979352644972604,0.940206473550274
POST_HOC_BUDGET_AUDIT_SAME_TEST,2,UNIFORM_5,512,546,630,0.7999336683955568,63d35a47ee996398ecdb807e806b46d4956dfbf2e7fe1c4da93392357c8094c2,256,374,0.73046875,0.26953125,0.8005425187974143,0.19945748120258566
POST_HOC_BUDGET_AUDIT_SAME_TEST,2,UNIFORM_5,512,546,630,1.0,63d35a47ee996398ecdb807e806b46d4956dfbf2e7fe1c4da93392357c8094c2,512,512,1.0,0.0,1.0,0.0
POST_HOC_BUDGET_AUDIT_SAME_TEST,2,UNIFORM_5,512,546,630,1.0,63d35a47ee996398ecdb807e806b46d4956dfbf2e7fe1c4da93392357c8094c2,1024,512,1.0,0.0,1.0,0.0
POST_HOC_BUDGET_AUDIT_SAME_TEST,2,UNIFORM_5,512,546,630,1.0,63d35a47ee996398ecdb807e806b46d4956dfbf2e7fe1c4da93392357c8094c2,2048,512,1.0,0.0,1.0,0.0
POST_HOC_BUDGET_AUDIT_SAME_TEST,2,UNIFORM_6,512,546,630,0.017996927961500465,d04fdd7d49aeaec80e9ab3ba9d842736014a4009b69d584c8d1147f58ea461ec,32,0,0.0,1.0,0.018271353414420138,0.9817286465855799
POST_HOC_BUDGET_AUDIT_SAME_TEST,2,UNIFORM_6,512,546,630,0.017996927961500465,d04fdd7d49aeaec80e9ab3ba9d842736014a4009b69d584c8d1147f58ea461ec,64,0,0.0,1.0,0.018271353414420138,0.9817286465855799
POST_HOC_BUDGET_AUDIT_SAME_TEST,2,UNIFORM_6,512,546,630,0.07332369102873294,d04fdd7d49aeaec80e9ab3ba9d842736014a4009b69d584c8d1147f58ea461ec,128,17,0.033203125,0.966796875,0.07378101068116445,0.9262189893188355
POST_HOC_BUDGET_AUDIT_SAME_TEST,2,UNIFORM_6,512,546,630,0.7249648111675466,d04fdd7d49aeaec80e9ab3ba9d842736014a4009b69d584c8d1147f58ea461ec,256,332,0.6484375,0.3515625,0.725653330377513,0.274346669622487
POST_HOC_BUDGET_AUDIT_SAME_TEST,2,UNIFORM_6,512,546,630,1.0,d04fdd7d49aeaec80e9ab3ba9d842736014a4009b69d584c8d1147f58ea461ec,512,512,1.0,0.0,1.0,0.0
POST_HOC_BUDGET_AUDIT_SAME_TEST,2,UNIFORM_6,512,546,630,1.0,d04fdd7d49aeaec80e9ab3ba9d842736014a4009b69d584c8d1147f58ea461ec,1024,512,1.0,0.0,1.0,0.0
POST_HOC_BUDGET_AUDIT_SAME_TEST,2,UNIFORM_6,512,546,630,1.0,d04fdd7d49aeaec80e9ab3ba9d842736014a4009b69d584c8d1147f58ea461ec,2048,512,1.0,0.0,1.0,0.0
POST_HOC_BUDGET_AUDIT_SAME_TEST,2,UNIFORM_7,512,546,630,0.017996927961500465,73ef30bef1a13cbbef4895486f9ae8d413b2f9696b936a685f5e36c8df26789b,32,0,0.0,1.0,0.018271353414420138,0.9817286465855799
POST_HOC_BUDGET_AUDIT_SAME_TEST,2,UNIFORM_7,512,546,630,0.017996927961500465,73ef30bef1a13cbbef4895486f9ae8d413b2f9696b936a685f5e36c8df26789b,64,0,0.0,1.0,0.018271353414420138,0.9817286465855799
POST_HOC_BUDGET_AUDIT_SAME_TEST,2,UNIFORM_7,512,546,630,0.053538812737919925,73ef30bef1a13cbbef4895486f9ae8d413b2f9696b936a685f5e36c8df26789b,128,10,0.01953125,0.98046875,0.053943471820439806,0.9460565281795602
POST_HOC_BUDGET_AUDIT_SAME_TEST,2,UNIFORM_7,512,546,630,0.7322211611408638,73ef30bef1a13cbbef4895486f9ae8d413b2f9696b936a685f5e36c8df26789b,256,336,0.65625,0.34375,0.7329031735811778,0.26709682641882215
POST_HOC_BUDGET_AUDIT_SAME_TEST,2,UNIFORM_7,512,546,630,1.0,73ef30bef1a13cbbef4895486f9ae8d413b2f9696b936a685f5e36c8df26789b,512,512,1.0,0.0,1.0,0.0
POST_HOC_BUDGET_AUDIT_SAME_TEST,2,UNIFORM_7,512,546,630,1.0,73ef30bef1a13cbbef4895486f9ae8d413b2f9696b936a685f5e36c8df26789b,1024,512,1.0,0.0,1.0,0.0
POST_HOC_BUDGET_AUDIT_SAME_TEST,2,UNIFORM_7,512,546,630,1.0,73ef30bef1a13cbbef4895486f9ae8d413b2f9696b936a685f5e36c8df26789b,2048,512,1.0,0.0,1.0,0.0
POST_HOC_BUDGET_AUDIT_SAME_TEST,2,UNIFORM_8,512,546,630,0.017996927961500465,a12cb0122c33f0007c3b86c9f2dcf4ea8438c994614d7d8a4fdcda9eda2c4ee8,32,0,0.0,1.0,0.018271353414420138,0.9817286465855799
POST_HOC_BUDGET_AUDIT_SAME_TEST,2,UNIFORM_8,512,546,630,0.017996927961500465,a12cb0122c33f0007c3b86c9f2dcf4ea8438c994614d7d8a4fdcda9eda2c4ee8,64,0,0.0,1.0,0.018271353414420138,0.9817286465855799
POST_HOC_BUDGET_AUDIT_SAME_TEST,2,UNIFORM_8,512,546,630,0.062227288843394256,a12cb0122c33f0007c3b86c9f2dcf4ea8438c994614d7d8a4fdcda9eda2c4ee8,128,13,0.025390625,0.974609375,0.06265628686222062,0.9373437131377794
POST_HOC_BUDGET_AUDIT_SAME_TEST,2,UNIFORM_8,512,546,630,0.706724628710992,a12cb0122c33f0007c3b86c9f2dcf4ea8438c994614d7d8a4fdcda9eda2c4ee8,256,322,0.62890625,0.37109375,0.7074284918760745,0.2925715081239255
POST_HOC_BUDGET_AUDIT_SAME_TEST,2,UNIFORM_8,512,546,630,1.0,a12cb0122c33f0007c3b86c9f2dcf4ea8438c994614d7d8a4fdcda9eda2c4ee8,512,512,1.0,0.0,1.0,0.0
POST_HOC_BUDGET_AUDIT_SAME_TEST,2,UNIFORM_8,512,546,630,1.0,a12cb0122c33f0007c3b86c9f2dcf4ea8438c994614d7d8a4fdcda9eda2c4ee8,1024,512,1.0,0.0,1.0,0.0
POST_HOC_BUDGET_AUDIT_SAME_TEST,2,UNIFORM_8,512,546,630,1.0,a12cb0122c33f0007c3b86c9f2dcf4ea8438c994614d7d8a4fdcda9eda2c4ee8,2048,512,1.0,0.0,1.0,0.0
POST_HOC_BUDGET_AUDIT_SAME_TEST,2,UNIFORM_9,512,546,630,0.017996927961500465,ebbff77c1454d7c71602e64647965b76dbcc4d01681b7ffeb94f765627658c97,32,0,0.0,1.0,0.018271353414420138,0.9817286465855799
POST_HOC_BUDGET_AUDIT_SAME_TEST,2,UNIFORM_9,512,546,630,0.017996927961500465,ebbff77c1454d7c71602e64647965b76dbcc4d01681b7ffeb94f765627658c97,64,0,0.0,1.0,0.018271353414420138,0.9817286465855799
POST_HOC_BUDGET_AUDIT_SAME_TEST,2,UNIFORM_9,512,546,630,0.062227288843394256,ebbff77c1454d7c71602e64647965b76dbcc4d01681b7ffeb94f765627658c97,128,13,0.025390625,0.974609375,0.06265628686222062,0.9373437131377794
POST_HOC_BUDGET_AUDIT_SAME_TEST,2,UNIFORM_9,512,546,630,0.7122113827147838,ebbff77c1454d7c71602e64647965b76dbcc4d01681b7ffeb94f765627658c97,256,325,0.634765625,0.365234375,0.7129107793434479,0.28708922065655207
POST_HOC_BUDGET_AUDIT_SAME_TEST,2,UNIFORM_9,512,546,630,1.0,ebbff77c1454d7c71602e64647965b76dbcc4d01681b7ffeb94f765627658c97,512,512,1.0,0.0,1.0,0.0
POST_HOC_BUDGET_AUDIT_SAME_TEST,2,UNIFORM_9,512,546,630,1.0,ebbff77c1454d7c71602e64647965b76dbcc4d01681b7ffeb94f765627658c97,1024,512,1.0,0.0,1.0,0.0
POST_HOC_BUDGET_AUDIT_SAME_TEST,2,UNIFORM_9,512,546,630,1.0,ebbff77c1454d7c71602e64647965b76dbcc4d01681b7ffeb94f765627658c97,2048,512,1.0,0.0,1.0,0.0
POST_HOC_BUDGET_AUDIT_SAME_TEST,2,UNTRANSPORTED_4_4,512,546,630,0.017996927961500465,7651e1efb23636edfbee2698179d040ba052d216c69fd72273b9897c96d6c152,32,0,0.0,1.0,0.018271353414420138,0.9817286465855799
POST_HOC_BUDGET_AUDIT_SAME_TEST,2,UNTRANSPORTED_4_4,512,546,630,0.062227288843394256,7651e1efb23636edfbee2698179d040ba052d216c69fd72273b9897c96d6c152,64,13,0.025390625,0.974609375,0.06265628686222062,0.9373437131377794
POST_HOC_BUDGET_AUDIT_SAME_TEST,2,UNTRANSPORTED_4_4,512,546,630,0.8104045555938394,7651e1efb23636edfbee2698179d040ba052d216c69fd72273b9897c96d6c152,128,380,0.7421875,0.2578125,0.810999810890918,0.189000189109082
POST_HOC_BUDGET_AUDIT_SAME_TEST,2,UNTRANSPORTED_4_4,512,546,630,1.0,7651e1efb23636edfbee2698179d040ba052d216c69fd72273b9897c96d6c152,256,512,1.0,0.0,1.0,0.0
POST_HOC_BUDGET_AUDIT_SAME_TEST,2,UNTRANSPORTED_4_4,512,546,630,1.0,7651e1efb23636edfbee2698179d040ba052d216c69fd72273b9897c96d6c152,512,512,1.0,0.0,1.0,0.0
POST_HOC_BUDGET_AUDIT_SAME_TEST,2,UNTRANSPORTED_4_4,512,546,630,1.0,7651e1efb23636edfbee2698179d040ba052d216c69fd72273b9897c96d6c152,1024,512,1.0,0.0,1.0,0.0
POST_HOC_BUDGET_AUDIT_SAME_TEST,2,UNTRANSPORTED_4_4,512,546,630,1.0,7651e1efb23636edfbee2698179d040ba052d216c69fd72273b9897c96d6c152,2048,512,1.0,0.0,1.0,0.0
